# OBJ generated by ONSHAPE BY PTC INC, 1.212 Units = meters
mtllib Wrench.mtl
g Wrench
v -0.0658772 0.00889 0.0150384 
v -0.0658772 0.00889 -0.0069586 
v -0.0849272 0.00889 0.00403992 
v -0.0849272 0.00381 0.00403992 
v -0.0658772 0.00381 0.0150384 
v -0.0658772 0.00381 -0.0069586 
v 0.0508 0.00381 -0.00381 
v 0.0528722 0.00381 -0.0104328 
v 0.0522256 0.00381 -0.00986414 
v 0.0515884 0.00381 -0.00934679 
v -0.0508 0.00381 -0.00381 
v 0.03429 0.00381 -0.00635 
v -0.04953 0.00381 -0.00635 
v 0.0535252 0.00381 -0.0110545 
v 0.0358866 0.00381 -0.00622028 
v 0.0348127 0.00381 -0.00632654 
v 0.0344715 0.00381 -0.00634641 
v 0.0509627 0.00381 -0.00887836 
v 0.0541803 0.00381 -0.0117293 
v 0.0384441 0.00381 -0.00595771 
v 0.0503496 0.00381 -0.00845598 
v 0.04191 0.00381 0.00635 
v -0.0194535 0.00381 0.00391013 
v -0.0195077 0.00381 0.0039167 
v -0.0507438 0.00381 -0.00625028 
v 0.0397786 0.00381 -0.00587054 
v 0.0497494 0.00381 -0.0080766 
v -0.019404 0.00381 0.00390215 
v 0.0731148 0.00381 -0.0141035 
v 0.078181 0.00381 -0.0214864 
v 0.0775784 0.00381 -0.0218005 
v 0.0765912 0.00381 -0.0110569 
v 0.0809586 0.00381 -0.0195409 
v -0.0525278 0.00381 -0.00613352 
v 0.0408975 0.00381 -0.00583845 
v 0.0548313 0.00381 -0.0124554 
v -0.0508 0.00381 0.00381 
v -0.0542844 0.00381 0.00898036 
v -0.0533951 0.00381 0.00836078 
v -0.0193585 0.00381 0.00389298 
v 0.0705228 0.00381 -0.00104856 
v 0.0751079 0.00381 0.00715971 
v 0.075755 0.00381 0.00695229 
v 0.077296 0.00381 -0.00648853 
v 0.0843758 0.00381 -0.000338973 
v 0.0846877 0.00381 -0.000942657 
v 0.0748994 0.00381 -0.00253593 
v 0.0836746 0.00381 0.000824832 
v 0.0840379 0.00381 0.000250562 
v 0.0861812 0.00381 -0.00953069 
v 0.0860913 0.00381 -0.0102042 
v 0.0862725 0.00381 -0.00817506 
v 0.0862416 0.00381 -0.00885387 
v 0.0769628 0.00381 -0.022088 
v 0.0814596 0.00381 -0.0190819 
v 0.0684935 0.00381 -0.0142027 
v 0.0710311 0.00381 -0.0234094 
v 0.0730604 0.00381 -0.0232291 
v 0.0723868 0.00381 -0.0233187 
v 0.0491622 0.00381 -0.00773716 
v 0.0620324 0.00381 -0.0208073 
v 0.064416 0.00381 -0.0221069 
v 0.0637995 0.00381 -0.0218212 
v -0.052633 0.00381 0.00786915 
v -0.0804387 0.00381 -0.00923464 
v -0.0810052 0.00381 -0.00886703 
v -0.0687468 0.00381 0.019256 
v -0.0680919 0.00381 0.0190912 
v -0.0714192 0.00381 0.0196281 
v -0.0707457 0.00381 0.0195785 
v -0.0741157 0.00381 0.0195343 
v -0.0734438 0.00381 0.0196015 
v -0.0193165 0.00381 0.00388277 
v 0.0763924 0.00381 0.00671689 
v 0.077019 0.00381 0.00645398 
v 0.0737898 0.00381 0.00748914 
v 0.0744524 0.00381 0.00733878 
v 0.0717713 0.00381 0.00776548 
v 0.072448 0.00381 0.00770269 
v 0.0832867 0.00381 0.00138275 
v 0.08244 0.00381 0.00244532 
v 0.0828749 0.00381 0.00192325 
v 0.0856474 0.00381 -0.0121925 
v 0.0854423 0.00381 -0.0128403 
v 0.0862738 0.00381 -0.00749555 
v 0.0787694 0.00381 -0.0211465 
v 0.0819402 0.00381 -0.0186016 
v 0.0828365 0.00381 -0.0175804 
v 0.0823995 0.00381 -0.0181007 
v 0.0836405 0.00381 -0.0164851 
v 0.0832504 0.00381 -0.0170415 
v 0.0843463 0.00381 -0.0153241 
v 0.084006 0.00381 -0.0159123 
v 0.0717099 0.00381 -0.0233788 
v 0.0737294 0.00381 -0.0231104 
v 0.0418686 0.00381 -0.00584737 
v 0.0485875 0.00381 -0.00743474 
v 0.0703516 0.00381 -0.0234104 
v 0.0554705 0.00381 -0.0132281 
v 0.0581132 0.00381 -0.0170794 
v 0.0577214 0.00381 -0.0165242 
v 0.0614747 0.00381 -0.0204192 
v 0.0631959 0.00381 -0.021509 
v 0.0656835 0.00381 -0.0225964 
v 0.0650444 0.00381 -0.0223654 
v 0.0683218 0.00381 -0.0232363 
v 0.0676524 0.00381 -0.0231196 
v -0.0519688 0.00381 0.00747413 
v -0.0798568 0.00381 -0.00957741 
v -0.0786513 0.00381 -0.0101859 
v -0.0792607 0.00381 -0.00989469 
v -0.0694082 0.00381 0.0193923 
v -0.0700749 0.00381 0.0194999 
v -0.0747842 0.00381 0.0194381 
v -0.0192776 0.00381 0.00387166 
v 0.0776336 0.00381 0.00616405 
v 0.0731212 0.00381 0.00761052 
v 0.0849731 0.00381 -0.00155935 
v 0.0852314 0.00381 -0.00218787 
v 0.0819827 0.00381 0.00294797 
v 0.0810048 0.00381 0.00389121 
v 0.081504 0.00381 0.00343024 
v 0.0849484 0.00381 -0.0141061 
v 0.0846606 0.00381 -0.0147216 
v 0.0858242 0.00381 -0.0115364 
v 0.0859723 0.00381 -0.0108732 
v 0.0862456 0.00381 -0.00681662 
v 0.0861007 0.00381 -0.00546567 
v 0.0861879 0.00381 -0.00613957 
v 0.0793424 0.00381 -0.0207812 
v 0.080438 0.00381 -0.0199777 
v 0.079899 0.00381 -0.0203914 
v 0.0750489 0.00381 -0.0227862 
v 0.0743927 0.00381 -0.0229626 
v 0.0427213 0.00381 -0.00588803 
v 0.0585287 0.00381 -0.017617 
v 0.059428 0.00381 -0.0186355 
v 0.0589673 0.00381 -0.018136 
v 0.0604125 0.00381 -0.0195719 
v 0.0599101 0.00381 -0.0191144 
v 0.0609344 0.00381 -0.0200071 
v 0.0669887 0.00381 -0.0229738 
v 0.066332 0.00381 -0.0227993 
v 0.0689957 0.00381 -0.0233238 
v 0.0696727 0.00381 -0.0233818 
v -0.0513822 0.00381 0.00715391 
v -0.0761055 0.00381 -0.0110797 
v -0.0767559 0.00381 -0.0108978 
v -0.0727695 0.00381 0.0196396 
v -0.0720942 0.00381 0.0196484 
v -0.0754478 0.00381 0.0193131 
v -0.0767559 0.00381 0.0189776 
v -0.0761055 0.00381 0.0191595 
v -0.0429312 0.00381 0.00616042 
v -0.0195674 0.00381 0.00392157 
v -0.0452244 0.00381 0.00585268 
v -0.0446085 0.00381 0.00590981 
v -0.0462492 0.00381 0.00581614 
v -0.0457626 0.00381 0.00582354 
v -0.0192414 0.00381 0.00385974 
v 0.0788219 0.00381 0.00550537 
v 0.0793935 0.00381 0.00513787 
v 0.0782349 0.00381 0.00584765 
v 0.0704131 0.00381 0.00780245 
v 0.0710926 0.00381 0.00779875 
v 0.0856646 0.00381 -0.00347564 
v 0.0858388 0.00381 -0.00413244 
v 0.085462 0.00381 -0.00282704 
v 0.080486 0.00381 0.00433002 
v 0.0852091 0.00381 -0.0134786 
v 0.0763351 0.00381 -0.0223484 
v 0.0756968 0.00381 -0.0225813 
v 0.0668935 0.00381 0.00732431 
v 0.043479 0.00381 -0.00595363 
v 0.0480249 0.00381 -0.00716664 
v -0.0586469 0.00381 -0.00672387 
v -0.0592172 0.00381 -0.00691208 
v -0.0581159 0.00381 -0.00657055 
v -0.0537384 0.00381 -0.00609614 
v -0.0643667 0.00381 0.0175253 
v -0.0508582 0.00381 0.00689275 
v -0.0637907 0.00381 0.0171726 
v -0.0632305 0.00381 0.0167954 
v -0.0600415 0.00381 0.0138096 
v -0.07803 0.00381 -0.0104504 
v -0.0773978 0.00381 -0.0106879 
v -0.0727695 0.00381 -0.0115597 
v -0.0734438 0.00381 -0.0115217 
v -0.0714192 0.00381 -0.0115482 
v -0.0720942 0.00381 -0.0115686 
v -0.0694082 0.00381 -0.0113125 
v -0.0700749 0.00381 -0.01142 
v -0.0668064 0.00381 -0.0105976 
v -0.0674447 0.00381 -0.0108184 
v -0.0848636 0.00381 0.0132031 
v -0.0844554 0.00381 0.0137411 
v -0.0438897 0.00381 0.00600318 
v -0.0467 0.00381 0.00582688 
v -0.0196334 0.00381 0.00392439 
v -0.0471254 0.00381 0.0058537 
v -0.0192076 0.00381 0.00384709 
v -0.0191269 0.00381 0.00381 
v -0.0191461 0.00381 0.00381979 
v 0.0859843 0.00381 -0.00479621 
v 0.0648895 0.00381 -0.0113081 
v 0.0639893 0.00381 -0.00677421 
v 0.0544839 0.00381 0.00624214 
v 0.05715 0.00381 0.00635 
v 0.0508 0.00381 0.00381 
v 0.0662141 0.00381 -0.00272239 
v 0.0610708 0.00381 0.00664764 
v 0.0441587 0.00381 -0.00603921 
v 0.0474735 0.00381 -0.00693036 
v -0.0196776 0.00381 0.00392491 
v -0.0197138 0.00381 0.00392446 
v -0.04953 0.00381 0.00635 
v -0.0492067 0.00381 0.00624677 
v -0.0503857 0.00381 0.00667901 
v -0.0815553 0.00381 -0.00847525 
v -0.0820879 0.00381 -0.00806004 
v -0.0741157 0.00381 -0.0114545 
v -0.0747842 0.00381 -0.0113583 
v -0.0707457 0.00381 -0.0114987 
v -0.0680919 0.00381 -0.0110114 
v -0.0674447 0.00381 0.0188983 
v -0.0668064 0.00381 0.0186775 
v -0.0826021 0.00381 0.015702 
v -0.0820879 0.00381 0.0161399 
v -0.0835712 0.00381 0.0147617 
v -0.0830968 0.00381 0.0152424 
v -0.0840244 0.00381 0.014261 
v -0.0191759 0.00381 0.00383377 
v 0.0447734 0.00381 -0.00614105 
v 0.0560881 0.00381 -0.0140387 
v 0.0626065 0.00381 -0.0211708 
v -0.0576137 0.00381 -0.00644621 
v -0.0546361 0.00381 -0.00610201 
v -0.0198073 0.00381 0.00391823 
v -0.0198538 0.00381 0.00391227 
v -0.0475329 0.00381 0.00589547 
v -0.0499572 0.00381 0.00650449 
v -0.0555688 0.00381 0.00995047 
v -0.0754478 0.00381 -0.0112333 
v -0.0687468 0.00381 -0.0111762 
v -0.07803 0.00381 0.0185303 
v -0.0773978 0.00381 0.0187677 
v -0.0792607 0.00381 0.0179745 
v -0.0786513 0.00381 0.0182657 
v -0.0815553 0.00381 0.0165551 
v -0.04191 0.00381 0.00635 
v 0.0496331 0.00381 0.00619963 
v 0.0799485 0.00381 0.00474584 
v 0.0453329 0.00381 -0.00625634 
v 0.0566727 0.00381 -0.0148742 
v 0.0573542 0.00381 -0.0159524 
v -0.0607068 0.00381 -0.00750362 
v -0.0619374 0.00381 -0.0080745 
v -0.0598437 0.00381 -0.00714468 
v -0.0553839 0.00381 -0.00613521 
v -0.0197606 0.00381 0.0039223 
v -0.0573047 0.00381 0.0113756 
v -0.0655616 0.00381 -0.0100744 
v -0.0661784 0.00381 -0.0103495 
v -0.0798568 0.00381 0.0176573 
v -0.0810052 0.00381 0.0169469 
v -0.0804387 0.00381 0.0173145 
v -0.0876576 0.00381 0.00639476 
v 0.0458489 0.00381 -0.00638391 
v 0.0469325 0.00381 -0.00672374 
v 0.0572122 0.00381 -0.015717 
v -0.0560243 0.00381 -0.00618844 
v -0.0198896 0.00381 0.00390637 
v -0.0200068 0.00381 0.00388201 
v -0.0867924 0.00381 -0.00157232 
v -0.0870216 0.00381 -0.000937044 
v -0.0840244 0.00381 -0.00618112 
v -0.0844554 0.00381 -0.00566127 
v -0.0830968 0.00381 -0.0071625 
v -0.0835712 0.00381 -0.00668185 
v -0.0649573 0.00381 -0.00977282 
v -0.086536 0.00381 0.0102769 
v -0.0862529 0.00381 0.01089 
v -0.087745 0.00381 0.0057251 
v 0.0463873 0.00381 -0.00654047 
v -0.0632305 0.00381 -0.00871558 
v -0.0637907 0.00381 -0.0090928 
v -0.0570882 0.00381 -0.00633856 
v -0.0565861 0.00381 -0.00625717 
v -0.0488005 0.00381 0.00613371 
v -0.0876576 0.00381 0.00168509 
v -0.087745 0.00381 0.00235475 
v -0.0873963 0.00381 0.000360254 
v -0.0875413 0.00381 0.00101985 
v -0.086536 0.00381 -0.00219709 
v -0.0848636 0.00381 -0.00512325 
v -0.0826021 0.00381 -0.00762219 
v -0.0661784 0.00381 0.0184293 
v -0.0655616 0.00381 0.0181542 
v -0.0856083 0.00381 0.0120766 
v -0.0852482 0.00381 0.0126479 
v -0.0859434 0.00381 0.0114903 
v -0.0875413 0.00381 0.00706 
v -0.047968 0.00381 0.0059583 
v -0.0483891 0.00381 0.00603775 
v -0.087223 0.00381 -0.00029245 
v -0.0859434 0.00381 -0.00341047 
v -0.0862529 0.00381 -0.00281019 
v -0.0852482 0.00381 -0.00456808 
v -0.0856083 0.00381 -0.00399679 
v -0.0643667 0.00381 -0.00944543 
v -0.0878034 0.00381 0.00505229 
v -0.0878034 0.00381 0.00302755 
v -0.0649573 0.00381 0.0178527 
v -0.0867924 0.00381 0.00965217 
v -0.087223 0.00381 0.0083723 
v -0.0870216 0.00381 0.00901689 
v -0.0873963 0.00381 0.00771959 
v -0.0201233 0.00381 0.00385445 
v -0.0201163 0.00381 0.00381 
v -0.0878326 0.00381 0.00370226 
v -0.0878326 0.00381 0.00437759 
v 0.0508 0.003175 0.00381 
v -0.0191269 0.003175 0.00381 
v -0.0266808 0.003175 -0.00381 
v -0.0240218 0.003175 -0.00381 
v -0.0317352 0.003175 -0.00381 
v -0.0357755 0.003175 -0.00381 
v -0.0389652 0.003175 -0.00381 
v -0.0430588 0.003175 -0.00381 
v -0.0484607 0.003175 -0.00381 
v -0.0508 0.003175 -0.00381 
v 0.0508 0.003175 -0.00381 
v 0.0508 0.003175 -0.000746336 
v 0.0508 0.003175 0.00262183 
v 0.0508 0.003175 -0.000777154 
v 0.0508 0.003175 -0.00147804 
v -0.0430588 0.003175 0.00381 
v -0.0484607 0.003175 0.00381 
v -0.0389652 0.003175 0.00381 
v -0.0357755 0.003175 0.00381 
v -0.0317352 0.003175 0.00381 
v -0.0266808 0.003175 0.00381 
v -0.0240218 0.003175 0.00381 
v -0.0201163 0.003175 0.00381 
v -0.0508 0.003175 0.00381 
v -0.0508 0.003175 -0.000746336 
v -0.0508 0.003175 -0.000777154 
v -0.0508 0.003175 -0.00147804 
v -0.0508 0.003175 0.00262183 
v -0.04191 -0.00381 0.00635 
v 0.04191 -0.00381 0.00635 
v 0.0544839 -0.00381 0.00624214 
v 0.05715 -0.00381 0.00635 
v 0.0496331 -0.00381 0.00619963 
v 0.0668935 -0.00381 0.00732431 
v 0.0704131 -0.00381 0.00780245 
v 0.0610708 -0.00381 0.00664764 
v 0.0573542 -0.00381 -0.0159524 
v 0.0577214 -0.00381 -0.0165242 
v 0.0581132 -0.00381 -0.0170794 
v 0.0585287 -0.00381 -0.017617 
v 0.0589673 -0.00381 -0.018136 
v 0.059428 -0.00381 -0.0186355 
v 0.0599101 -0.00381 -0.0191144 
v 0.0604125 -0.00381 -0.0195719 
v 0.0609344 -0.00381 -0.0200071 
v 0.0614747 -0.00381 -0.0204192 
v 0.0620324 -0.00381 -0.0208073 
v 0.0626065 -0.00381 -0.0211708 
v 0.0631959 -0.00381 -0.021509 
v 0.0637995 -0.00381 -0.0218212 
v 0.064416 -0.00381 -0.0221069 
v 0.0650444 -0.00381 -0.0223654 
v 0.0656835 -0.00381 -0.0225964 
v 0.066332 -0.00381 -0.0227993 
v 0.0669887 -0.00381 -0.0229738 
v 0.0676524 -0.00381 -0.0231196 
v 0.0683218 -0.00381 -0.0232363 
v 0.0689957 -0.00381 -0.0233238 
v 0.0696727 -0.00381 -0.0233818 
v 0.0703516 -0.00381 -0.0234104 
v 0.0710311 -0.00381 -0.0234094 
v 0.0717099 -0.00381 -0.0233788 
v 0.0723868 -0.00381 -0.0233187 
v 0.0730604 -0.00381 -0.0232291 
v 0.0737294 -0.00381 -0.0231104 
v 0.0743927 -0.00381 -0.0229626 
v 0.0750489 -0.00381 -0.0227862 
v 0.0756968 -0.00381 -0.0225813 
v 0.0763351 -0.00381 -0.0223484 
v 0.0769628 -0.00381 -0.022088 
v 0.0775784 -0.00381 -0.0218005 
v 0.078181 -0.00381 -0.0214864 
v 0.0787694 -0.00381 -0.0211465 
v 0.0793424 -0.00381 -0.0207812 
v 0.079899 -0.00381 -0.0203914 
v 0.080438 -0.00381 -0.0199777 
v 0.0809586 -0.00381 -0.0195409 
v 0.0814596 -0.00381 -0.0190819 
v 0.0819402 -0.00381 -0.0186016 
v 0.0823995 -0.00381 -0.0181007 
v 0.0828365 -0.00381 -0.0175804 
v 0.0832504 -0.00381 -0.0170415 
v 0.0836405 -0.00381 -0.0164851 
v 0.084006 -0.00381 -0.0159123 
v 0.0843463 -0.00381 -0.0153241 
v 0.0846606 -0.00381 -0.0147216 
v 0.0849484 -0.00381 -0.0141061 
v 0.0852091 -0.00381 -0.0134786 
v 0.0854423 -0.00381 -0.0128403 
v 0.0856474 -0.00381 -0.0121925 
v 0.0858242 -0.00381 -0.0115364 
v 0.0859723 -0.00381 -0.0108732 
v 0.0860913 -0.00381 -0.0102042 
v 0.0861812 -0.00381 -0.00953069 
v 0.0862416 -0.00381 -0.00885387 
v 0.0862725 -0.00381 -0.00817506 
v 0.0862738 -0.00381 -0.00749555 
v 0.0862456 -0.00381 -0.00681662 
v 0.0861879 -0.00381 -0.00613957 
v 0.0861007 -0.00381 -0.00546567 
v 0.0859843 -0.00381 -0.00479621 
v 0.0858388 -0.00381 -0.00413244 
v 0.0856646 -0.00381 -0.00347564 
v 0.085462 -0.00381 -0.00282704 
v 0.0852314 -0.00381 -0.00218787 
v 0.0849731 -0.00381 -0.00155935 
v 0.0846877 -0.00381 -0.000942657 
v 0.0843758 -0.00381 -0.000338973 
v 0.0840379 -0.00381 0.000250562 
v 0.0836746 -0.00381 0.000824832 
v 0.0832867 -0.00381 0.00138275 
v 0.0828749 -0.00381 0.00192325 
v 0.08244 -0.00381 0.00244532 
v 0.0819827 -0.00381 0.00294797 
v 0.081504 -0.00381 0.00343024 
v 0.0810048 -0.00381 0.00389121 
v 0.080486 -0.00381 0.00433002 
v 0.0799485 -0.00381 0.00474584 
v 0.0793935 -0.00381 0.00513787 
v 0.0788219 -0.00381 0.00550537 
v 0.0782349 -0.00381 0.00584765 
v 0.0776336 -0.00381 0.00616405 
v 0.077019 -0.00381 0.00645398 
v 0.0763924 -0.00381 0.00671689 
v 0.075755 -0.00381 0.00695229 
v 0.0751079 -0.00381 0.00715971 
v 0.0744524 -0.00381 0.00733878 
v 0.0737898 -0.00381 0.00748914 
v 0.0731212 -0.00381 0.00761052 
v 0.072448 -0.00381 0.00770269 
v 0.0717713 -0.00381 0.00776548 
v 0.0710926 -0.00381 0.00779875 
v 0.0344715 -0.00381 -0.00634641 
v 0.03429 -0.00381 -0.00635 
v 0.0348127 -0.00381 -0.00632654 
v 0.0358866 -0.00381 -0.00622028 
v 0.0384441 -0.00381 -0.00595771 
v 0.0397786 -0.00381 -0.00587054 
v 0.0408975 -0.00381 -0.00583845 
v 0.0418686 -0.00381 -0.00584737 
v 0.0427213 -0.00381 -0.00588803 
v 0.043479 -0.00381 -0.00595363 
v 0.0441587 -0.00381 -0.00603921 
v 0.0447734 -0.00381 -0.00614105 
v 0.0453329 -0.00381 -0.00625634 
v 0.0458489 -0.00381 -0.00638391 
v 0.0463873 -0.00381 -0.00654047 
v 0.0469325 -0.00381 -0.00672374 
v 0.0474735 -0.00381 -0.00693036 
v 0.0480249 -0.00381 -0.00716664 
v 0.0485875 -0.00381 -0.00743474 
v 0.0491622 -0.00381 -0.00773716 
v 0.0497494 -0.00381 -0.0080766 
v 0.0503496 -0.00381 -0.00845598 
v 0.0509627 -0.00381 -0.00887836 
v 0.0515884 -0.00381 -0.00934679 
v 0.0522256 -0.00381 -0.00986414 
v 0.0528722 -0.00381 -0.0104328 
v 0.0535252 -0.00381 -0.0110545 
v 0.0541803 -0.00381 -0.0117293 
v 0.0548313 -0.00381 -0.0124554 
v 0.0554705 -0.00381 -0.0132281 
v 0.0560881 -0.00381 -0.0140387 
v 0.0566727 -0.00381 -0.0148742 
v 0.0572122 -0.00381 -0.015717 
v -0.04953 -0.00381 -0.00635 
v -0.0619374 -0.00381 -0.0080745 
v -0.0632305 -0.00381 -0.00871558 
v -0.0607068 -0.00381 -0.00750362 
v -0.0598437 -0.00381 -0.00714468 
v -0.0592172 -0.00381 -0.00691208 
v -0.0586469 -0.00381 -0.00672387 
v -0.0581159 -0.00381 -0.00657055 
v -0.0576137 -0.00381 -0.00644621 
v -0.0570882 -0.00381 -0.00633856 
v -0.0565861 -0.00381 -0.00625717 
v -0.0560243 -0.00381 -0.00618844 
v -0.0553839 -0.00381 -0.00613521 
v -0.0546361 -0.00381 -0.00610201 
v -0.0537384 -0.00381 -0.00609614 
v -0.0525278 -0.00381 -0.00613352 
v -0.0507438 -0.00381 -0.00625028 
v -0.0632305 -0.00381 0.0167954 
v -0.0637907 -0.00381 0.0171726 
v -0.0643667 -0.00381 0.0175253 
v -0.0649573 -0.00381 0.0178527 
v -0.0655616 -0.00381 0.0181542 
v -0.0661784 -0.00381 0.0184293 
v -0.0668064 -0.00381 0.0186775 
v -0.0674447 -0.00381 0.0188983 
v -0.0680919 -0.00381 0.0190912 
v -0.0687468 -0.00381 0.019256 
v -0.0694082 -0.00381 0.0193923 
v -0.0700749 -0.00381 0.0194999 
v -0.0707457 -0.00381 0.0195785 
v -0.0714192 -0.00381 0.0196281 
v -0.0720942 -0.00381 0.0196484 
v -0.0727695 -0.00381 0.0196396 
v -0.0734438 -0.00381 0.0196015 
v -0.0741157 -0.00381 0.0195343 
v -0.0747842 -0.00381 0.0194381 
v -0.0754478 -0.00381 0.0193131 
v -0.0761055 -0.00381 0.0191595 
v -0.0767559 -0.00381 0.0189776 
v -0.0773978 -0.00381 0.0187677 
v -0.07803 -0.00381 0.0185303 
v -0.0786513 -0.00381 0.0182657 
v -0.0792607 -0.00381 0.0179745 
v -0.0798568 -0.00381 0.0176573 
v -0.0804387 -0.00381 0.0173145 
v -0.0810052 -0.00381 0.0169469 
v -0.0815553 -0.00381 0.0165551 
v -0.0820879 -0.00381 0.0161399 
v -0.0826021 -0.00381 0.015702 
v -0.0830968 -0.00381 0.0152424 
v -0.0835712 -0.00381 0.0147617 
v -0.0840244 -0.00381 0.014261 
v -0.0844554 -0.00381 0.0137411 
v -0.0848636 -0.00381 0.0132031 
v -0.0852482 -0.00381 0.0126479 
v -0.0856083 -0.00381 0.0120766 
v -0.0859434 -0.00381 0.0114903 
v -0.0862529 -0.00381 0.01089 
v -0.086536 -0.00381 0.0102769 
v -0.0867924 -0.00381 0.00965217 
v -0.0870216 -0.00381 0.00901689 
v -0.087223 -0.00381 0.0083723 
v -0.0873963 -0.00381 0.00771959 
v -0.0875413 -0.00381 0.00706 
v -0.0876576 -0.00381 0.00639476 
v -0.087745 -0.00381 0.0057251 
v -0.0878034 -0.00381 0.00505229 
v -0.0878326 -0.00381 0.00437759 
v -0.0878326 -0.00381 0.00370226 
v -0.0878034 -0.00381 0.00302755 
v -0.087745 -0.00381 0.00235475 
v -0.0876576 -0.00381 0.00168509 
v -0.0875413 -0.00381 0.00101985 
v -0.0873963 -0.00381 0.000360254 
v -0.087223 -0.00381 -0.00029245 
v -0.0870216 -0.00381 -0.000937044 
v -0.0867924 -0.00381 -0.00157232 
v -0.086536 -0.00381 -0.00219709 
v -0.0862529 -0.00381 -0.00281019 
v -0.0859434 -0.00381 -0.00341047 
v -0.0856083 -0.00381 -0.00399679 
v -0.0852482 -0.00381 -0.00456808 
v -0.0848636 -0.00381 -0.00512325 
v -0.0844554 -0.00381 -0.00566127 
v -0.0840244 -0.00381 -0.00618112 
v -0.0835712 -0.00381 -0.00668185 
v -0.0830968 -0.00381 -0.0071625 
v -0.0826021 -0.00381 -0.00762219 
v -0.0820879 -0.00381 -0.00806004 
v -0.0815553 -0.00381 -0.00847525 
v -0.0810052 -0.00381 -0.00886703 
v -0.0804387 -0.00381 -0.00923464 
v -0.0798568 -0.00381 -0.00957741 
v -0.0792607 -0.00381 -0.00989469 
v -0.0786513 -0.00381 -0.0101859 
v -0.07803 -0.00381 -0.0104504 
v -0.0773978 -0.00381 -0.0106879 
v -0.0767559 -0.00381 -0.0108978 
v -0.0761055 -0.00381 -0.0110797 
v -0.0754478 -0.00381 -0.0112333 
v -0.0747842 -0.00381 -0.0113583 
v -0.0741157 -0.00381 -0.0114545 
v -0.0734438 -0.00381 -0.0115217 
v -0.0727695 -0.00381 -0.0115597 
v -0.0720942 -0.00381 -0.0115686 
v -0.0714192 -0.00381 -0.0115482 
v -0.0707457 -0.00381 -0.0114987 
v -0.0700749 -0.00381 -0.01142 
v -0.0694082 -0.00381 -0.0113125 
v -0.0687468 -0.00381 -0.0111762 
v -0.0680919 -0.00381 -0.0110114 
v -0.0674447 -0.00381 -0.0108184 
v -0.0668064 -0.00381 -0.0105976 
v -0.0661784 -0.00381 -0.0103495 
v -0.0655616 -0.00381 -0.0100744 
v -0.0649573 -0.00381 -0.00977282 
v -0.0643667 -0.00381 -0.00944543 
v -0.0637907 -0.00381 -0.0090928 
v -0.0499572 -0.00381 0.00650449 
v -0.04953 -0.00381 0.00635 
v -0.0503857 -0.00381 0.00667901 
v -0.0508582 -0.00381 0.00689275 
v -0.0513822 -0.00381 0.00715391 
v -0.0519688 -0.00381 0.00747413 
v -0.052633 -0.00381 0.00786915 
v -0.0533951 -0.00381 0.00836078 
v -0.0542844 -0.00381 0.00898036 
v -0.0555688 -0.00381 0.00995047 
v -0.0573047 -0.00381 0.0113756 
v -0.0600415 -0.00381 0.0138096 
v -0.0429312 -0.00381 0.00616042 
v -0.0438897 -0.00381 0.00600318 
v -0.0446085 -0.00381 0.00590981 
v -0.0452244 -0.00381 0.00585268 
v -0.0457626 -0.00381 0.00582354 
v -0.0462492 -0.00381 0.00581614 
v -0.0467 -0.00381 0.00582688 
v -0.0471254 -0.00381 0.0058537 
v -0.0475329 -0.00381 0.00589547 
v -0.047968 -0.00381 0.0059583 
v -0.0483891 -0.00381 0.00603775 
v -0.0488005 -0.00381 0.00613371 
v -0.0492067 -0.00381 0.00624677 
v 0.0648895 0.00889 -0.0113081 
v 0.0639893 0.00889 -0.00677421 
v 0.077296 0.00889 -0.00648853 
v 0.0731148 0.00889 -0.0141035 
v 0.0684935 0.00889 -0.0142027 
v 0.0705228 0.00889 -0.00104856 
v 0.0748994 0.00889 -0.00253593 
v 0.0662141 0.00889 -0.00272239 
v 0.0765912 0.00889 -0.0110569 
v -0.0198896 0.004445 0.00390637 
v -0.0200068 0.004445 0.00388201 
v -0.0201233 0.004445 0.00385445 
v -0.0197138 0.004445 0.00392446 
v -0.0197606 0.004445 0.0039223 
v -0.0198073 0.004445 0.00391823 
v -0.0198538 0.004445 0.00391227 
v -0.0196776 0.004445 0.00392491 
v -0.018976 0.004445 0.00370394 
v -0.018976 0.003175 0.00370394 
v -0.0189547 0.003175 0.00368346 
v -0.018997 0.003175 0.00372257 
v -0.019019 0.004445 0.00374045 
v -0.019019 0.003175 0.00374045 
v -0.019042 0.004445 0.00375762 
v -0.019042 0.003175 0.00375762 
v -0.019066 0.004445 0.00377412 
v -0.019066 0.003175 0.00377412 
v -0.0190913 0.004445 0.00378997 
v -0.0190913 0.003175 0.00378997 
v -0.0191179 0.004445 0.00380519 
v -0.0191179 0.003175 0.00380519 
v -0.0196334 0.004445 0.00392439 
v -0.0195674 0.004445 0.00392157 
v -0.0195077 0.004445 0.0039167 
v -0.0194535 0.004445 0.00391013 
v -0.019404 0.004445 0.00390215 
v -0.0193585 0.004445 0.00389298 
v -0.0193165 0.004445 0.00388277 
v -0.0192776 0.004445 0.00387166 
v -0.0192414 0.004445 0.00385974 
v -0.0192076 0.004445 0.00384709 
v -0.0191759 0.004445 0.00383377 
v -0.0191461 0.004445 0.00381979 
v -0.018997 0.004445 0.00372257 
v -0.0189547 0.004445 0.00368346 
v -0.0200197 0.004445 0.00320346 
v -0.0200197 0.003175 0.00320346 
v -0.0185849 0.003175 0.00311724 
v -0.0185849 0.004445 0.00311724 
v -0.0186132 0.004445 0.00318304 
v -0.0186132 0.003175 0.00318304 
v -0.0186442 0.004445 0.00324765 
v -0.0186442 0.003175 0.00324765 
v -0.0186777 0.004445 0.00331096 
v -0.0186777 0.003175 0.00331096 
v -0.0187137 0.004445 0.00337287 
v -0.0187137 0.003175 0.00337287 
v -0.0187522 0.004445 0.00343328 
v -0.0187522 0.003175 0.00343328 
v -0.0187931 0.004445 0.00349209 
v -0.0187931 0.003175 0.00349209 
v -0.0188363 0.004445 0.0035492 
v -0.0188363 0.003175 0.0035492 
v -0.0188818 0.004445 0.00360453 
v -0.0188818 0.003175 0.00360453 
v -0.0189295 0.004445 0.00365798 
v -0.0185714 0.003175 0.00308407 
v -0.0185714 0.004445 0.00308407 
v -0.0189295 0.003175 0.00365798 
v -0.0173559 0.004445 -0.000131943 
v -0.0183967 0.003175 0.00262183 
v -0.0173559 0.003175 -0.000131943 
v -0.017047 0.003175 -0.000177888 
v -0.017047 0.004445 -0.000177888 
v -0.017047 0.003175 -0.000715543 
v -0.017047 0.004445 -0.000715543 
v -0.0186658 0.003175 -0.000715543 
v -0.0186658 0.004445 -0.000715543 
v -0.0186658 0.003175 -0.000177888 
v -0.0186658 0.004445 -0.000177888 
v -0.0182934 0.003175 -0.000117279 
v -0.0182934 0.004445 -0.000117279 
v -0.0188154 0.003175 0.00144388 
v -0.0188154 0.004445 0.00144388 
v -0.018834 0.003175 0.00144094 
v -0.018834 0.004445 0.00144094 
v -0.0188799 0.003175 0.00120242 
v -0.0188799 0.004445 0.00120242 
v -0.0193325 0.003175 -0.000117279 
v -0.0193325 0.004445 -0.000117279 
v -0.018962 0.003175 -0.000177888 
v -0.018962 0.004445 -0.000177888 
v -0.018962 0.003175 -0.000715543 
v -0.018962 0.004445 -0.000715543 
v -0.0205818 0.003175 -0.000715543 
v -0.0205818 0.004445 -0.000715543 
v -0.0205818 0.003175 -0.000177888 
v -0.0205818 0.004445 -0.000177888 
v -0.0202729 0.003175 -0.00012901 
v -0.0202729 0.004445 -0.00012901 
v -0.019225 0.003175 0.0025925 
v -0.019225 0.004445 0.0025925 
v -0.0193258 0.004445 0.0028427 
v -0.0192368 0.003175 0.00262183 
v -0.0193258 0.003175 0.0028427 
v -0.0194779 0.003175 0.00308285 
v -0.0194993 0.003175 0.00310427 
v -0.0194993 0.004445 0.00310427 
v -0.0194575 0.003175 0.00306055 
v -0.0194779 0.004445 0.00308285 
v -0.019438 0.003175 0.00303741 
v -0.0194575 0.004445 0.00306055 
v -0.0194195 0.003175 0.00301346 
v -0.019438 0.004445 0.00303741 
v -0.019402 0.003175 0.00298876 
v -0.0194195 0.004445 0.00301346 
v -0.0193856 0.003175 0.00296334 
v -0.019402 0.004445 0.00298876 
v -0.0193702 0.003175 0.00293726 
v -0.0193856 0.004445 0.00296334 
v -0.019356 0.003175 0.00291055 
v -0.0193702 0.004445 0.00293726 
v -0.0193429 0.003175 0.00288326 
v -0.019356 0.004445 0.00291055 
v -0.019331 0.003175 0.00285545 
v -0.0193429 0.004445 0.00288326 
v -0.0195094 0.003175 0.00311354 
v -0.0195094 0.004445 0.00311354 
v -0.019331 0.004445 0.00285545 
v -0.0195185 0.004445 0.00312145 
v -0.0195298 0.004445 0.00313068 
v -0.0195417 0.004445 0.00313956 
v -0.0195542 0.004445 0.00314812 
v -0.0195675 0.004445 0.00315637 
v -0.0197872 0.004445 0.00321962 
v -0.0198177 0.004445 0.0032214 
v -0.0198516 0.004445 0.00322205 
v -0.0195816 0.004445 0.0031643 
v -0.0195965 0.004445 0.00317193 
v -0.0197595 0.004445 0.00321692 
v -0.0197343 0.004445 0.00321345 
v -0.0196125 0.004445 0.00317924 
v -0.0199308 0.004445 0.00321566 
v -0.0197112 0.004445 0.00320935 
v -0.0196296 0.004445 0.00318621 
v -0.019913 0.004445 0.00321801 
v -0.0198913 0.004445 0.0032202 
v -0.0196899 0.004445 0.0032047 
v -0.0196481 0.004445 0.00319281 
v -0.0196681 0.004445 0.003199 
v -0.0198695 0.004445 0.00322159 
v -0.0198177 0.003175 0.0032214 
v -0.0198516 0.003175 0.00322205 
v -0.0197872 0.003175 0.00321962 
v -0.0197595 0.003175 0.00321692 
v -0.0197343 0.003175 0.00321345 
v -0.0197112 0.003175 0.00320935 
v -0.0196899 0.003175 0.0032047 
v -0.0196681 0.003175 0.003199 
v -0.0196481 0.003175 0.00319281 
v -0.0196296 0.003175 0.00318621 
v -0.0196125 0.003175 0.00317924 
v -0.0195965 0.003175 0.00317193 
v -0.0195816 0.003175 0.0031643 
v -0.0195675 0.003175 0.00315637 
v -0.0195542 0.003175 0.00314812 
v -0.0195417 0.003175 0.00313956 
v -0.0195298 0.003175 0.00313068 
v -0.0195185 0.003175 0.00312145 
v -0.0198913 0.003175 0.0032202 
v -0.019913 0.003175 0.00321801 
v -0.0198695 0.003175 0.00322159 
v -0.0199308 0.003175 0.00321566 
v 0.0508 -0.00381 -0.00381 
v -0.0508 -0.00381 -0.00381 
v 0.0706678 -0.00381 -0.00428055 
v 0.073423 -0.00381 -0.00560736 
v 0.0508 -0.00381 0.00381 
v -0.0508 -0.00381 0.00381 
v -0.0699204 -0.00381 0.00721492 
v 0.0741035 -0.00381 -0.00858869 
v -0.074534 -0.00381 0.00721492 
v -0.0722272 -0.00381 0.000115408 
v -0.0759596 -0.00381 0.00282718 
v 0.0721968 -0.00381 -0.0109795 
v -0.0684948 -0.00381 0.00282718 
v 0.0679127 -0.00381 -0.00560736 
v 0.0691388 -0.00381 -0.0109795 
v 0.0672322 -0.00381 -0.00858869 
v 0.0508 -0.003175 -0.00381 
v -0.0508 -0.003175 -0.00381 
v 0.0508 -0.003175 0.00381 
v -0.0508 -0.003175 0.00381 
v 0.0672322 -0.00889 -0.00858869 
v 0.0691388 -0.00889 -0.0109795 
v 0.0741035 -0.00889 -0.00858869 
v 0.0706678 -0.00889 -0.00428055 
v 0.0679127 -0.00889 -0.00560736 
v 0.073423 -0.00889 -0.00560736 
v 0.0721968 -0.00889 -0.0109795 
v -0.0684948 -0.00889 0.00282718 
v -0.0699204 -0.00889 0.00721492 
v -0.0722272 -0.00889 0.000115408 
v -0.074534 -0.00889 0.00721492 
v -0.0759596 -0.00889 0.00282718 
v -0.0301316 0.003175 -0.000715543 
v -0.0295353 0.003175 -0.000715543 
v -0.028937 0.003175 -0.000715543 
v -0.0316282 0.003175 -0.000715543 
v -0.0283417 0.003175 -0.000177888 
v -0.0283133 0.003175 0.00140771 
v -0.0282957 0.003175 0.00140771 
v -0.0286134 0.003175 0.00258957 
v -0.0298598 0.003175 0.00258957 
v -0.0292273 0.003175 0.000621753 
v -0.026844 0.003175 -0.000177888 
v -0.0271774 0.003175 -0.000135853 
v -0.026844 0.003175 -0.000715543 
v -0.0301316 0.003175 -0.000177888 
v -0.0304825 0.003175 -0.000111414 
v -0.0301707 0.003175 0.00140086 
v -0.0283417 0.003175 -0.000715543 
v -0.0279868 0.003175 -0.000107504 
v -0.0292459 0.003175 0.000621753 
v -0.0278675 0.003175 0.00258957 
v -0.0301531 0.003175 0.00140086 
v -0.0306018 0.003175 0.00258957 
v -0.0312949 0.003175 -0.000135853 
v -0.0316282 0.003175 -0.000177888 
v -0.0461214 0.003175 0.00103135 
v -0.0461214 0.003175 0.000909154 
v -0.0461212 0.003175 0.00106628 
v -0.0461181 0.003175 0.00115372 
v -0.046112 0.003175 0.00123614 
v -0.0450868 0.003175 -0.000716526 
v -0.0450325 0.003175 -0.000731271 
v -0.046103 0.003175 0.00131414 
v -0.0449759 0.003175 -0.000744194 
v -0.0460914 0.003175 0.00138824 
v -0.0451391 0.003175 -0.000700016 
v -0.0460774 0.003175 0.0014589 
v -0.0451897 0.003175 -0.000681765 
v -0.045748 0.003175 -0.00026501 
v -0.0457162 0.003175 -0.000303504 
v -0.0460611 0.003175 0.0015265 
v -0.0456693 0.003175 0.00222125 
v -0.0456938 0.003175 0.00219562 
v -0.0452386 0.003175 -0.000661774 
v -0.0457884 0.003175 -0.000212168 
v -0.0460427 0.003175 0.00159142 
v -0.0456269 0.003175 0.00226282 
v -0.0452862 0.003175 -0.000640017 
v -0.045678 0.003175 -0.000346794 
v -0.0460222 0.003175 0.00165395 
v -0.045736 0.003175 0.00214853 
v -0.0453326 0.003175 -0.000616443 
v -0.0458265 0.003175 -0.000157939 
v -0.0459996 0.003175 0.00171438 
v -0.0455838 0.003175 0.00230182 
v -0.0453779 0.003175 -0.000590975 
v -0.0458623 0.003175 -0.000102137 
v -0.0459749 0.003175 0.00177298 
v -0.0455398 0.003175 0.00233843 
v -0.0454224 0.003175 -0.00056351 
v -0.045896 0.003175 -4.45502e-05 
v -0.045948 0.003175 0.00182995 
v -0.0454948 0.003175 0.00237284 
v -0.0454662 0.003175 -0.000533913 
v -0.0459276 0.003175 1.50593e-05 
v -0.0461195 0.003175 0.000808242 
v -0.0454487 0.003175 0.00240518 
v -0.0455093 0.003175 -0.000502019 
v -0.0459572 0.003175 7.69623e-05 
v -0.045919 0.003175 0.00188552 
v -0.0454013 0.003175 0.00243558 
v -0.0455519 0.003175 -0.000467624 
v -0.0459847 0.003175 0.000141468 
v -0.0458876 0.003175 0.00193988 
v -0.0453525 0.003175 0.00246412 
v -0.0455942 0.003175 -0.000430485 
v -0.0460102 0.003175 0.000208929 
v -0.0458538 0.003175 0.00199321 
v -0.0453019 0.003175 0.00249086 
v -0.0456362 0.003175 -0.000390307 
v -0.0460335 0.003175 0.000279754 
v -0.0458174 0.003175 0.00204566 
v -0.0452495 0.003175 0.00251586 
v -0.0457782 0.003175 0.0020974 
v -0.045195 0.003175 0.00253911 
v -0.0460547 0.003175 0.000354416 
v -0.0460735 0.003175 0.000433468 
v -0.045138 0.003175 0.00256061 
v -0.0460897 0.003175 0.00051756 
v -0.0450783 0.003175 0.0025803 
v -0.0461031 0.003175 0.000607464 
v -0.0450154 0.003175 0.00259812 
v -0.0449079 0.003175 0.00262183 
v -0.0449489 0.003175 0.00261392 
v -0.0461132 0.003175 0.000704094 
v -0.0446472 0.003175 -0.00077713 
v -0.0446307 0.003175 -0.000777129 
v -0.04472 0.003175 -0.000775395 
v -0.0445473 0.003175 -0.000775522 
v -0.0448546 0.003175 -0.000764197 
v -0.0447892 0.003175 -0.000770995 
v -0.0444704 0.003175 -0.000771024 
v -0.0449167 0.003175 -0.000755209 
v -0.0449644 0.003175 -0.000746336 
v -0.044326 0.003175 -0.000753813 
v -0.0442854 0.003175 -0.000746336 
v -0.0443992 0.003175 -0.000764051 
v -0.0432223 0.003175 0.000680048 
v -0.043222 0.003175 0.000716576 
v -0.0432254 0.003175 0.000587024 
v -0.0432317 0.003175 0.000501062 
v -0.0432408 0.003175 0.000421256 
v -0.0432522 0.003175 0.000346841 
v -0.0432658 0.003175 0.000277162 
v -0.0432813 0.003175 0.000211659 
v -0.0432986 0.003175 0.000149849 
v -0.0433175 0.003175 9.13133e-05 
v -0.043338 0.003175 3.56859e-05 
v -0.0449652 0.003175 0.00177739 
v -0.0449456 0.003175 0.00179625 
v -0.0449258 0.003175 0.00181384 
v -0.04336 0.003175 -1.73523e-05 
v -0.0449056 0.003175 0.00183028 
v -0.0433836 0.003175 -6.80821e-05 
v -0.0436213 0.003175 -0.000405265 
v -0.0435915 0.003175 -0.000373888 
v -0.044885 0.003175 0.00184564 
v -0.0434086 0.003175 -0.000116752 
v -0.043656 0.003175 -0.000439061 
v -0.044864 0.003175 0.00186001 
v -0.044468 0.003175 0.00196973 
v -0.0451973 0.003175 0.0012665 
v -0.0451909 0.003175 0.00131343 
v -0.0434352 0.003175 -0.000163581 
v -0.0435582 0.003175 -0.000336093 
v -0.0448425 0.003175 0.00187346 
v -0.045183 0.003175 0.00135716 
v -0.0434634 0.003175 -0.000208766 
v -0.0436917 0.003175 -0.000471063 
v -0.0448203 0.003175 0.00188604 
v -0.0451738 0.003175 0.00139804 
v -0.0434932 0.003175 -0.00025248 
v -0.0437284 0.003175 -0.000501402 
v -0.0447975 0.003175 0.00189778 
v -0.0451634 0.003175 0.00143644 
v -0.0435248 0.003175 -0.000294879 
v -0.0437664 0.003175 -0.000530186 
v -0.044774 0.003175 0.00190871 
v -0.0451519 0.003175 0.00147267 
v -0.0447496 0.003175 0.00191884 
v -0.0451394 0.003175 0.00150701 
v -0.0438057 0.003175 -0.000557502 
v -0.0447242 0.003175 0.00192818 
v -0.0449831 0.003175 0.00175865 
v -0.0451258 0.003175 0.00153968 
v -0.0437538 0.003175 0.00251884 
v -0.0438252 0.003175 0.00254412 
v -0.0438466 0.003175 -0.000583418 
v -0.0451114 0.003175 0.00157089 
v -0.0436718 0.003175 0.00248662 
v -0.0438892 0.003175 -0.000607982 
v -0.0446978 0.003175 0.00193671 
v -0.0450959 0.003175 0.00160081 
v -0.0435993 0.003175 0.00245486 
v -0.0439337 0.003175 -0.000631222 
v -0.0451957 0.003175 0.00120242 
v -0.0440752 0.003175 0.0019377 
v -0.0440281 0.003175 0.00192748 
v -0.0446701 0.003175 0.00194441 
v -0.0450795 0.003175 0.00162958 
v -0.0435348 0.003175 0.00242357 
v -0.0439803 0.003175 -0.000653143 
v -0.043964 0.003175 0.00191017 
v -0.0439047 0.003175 0.00189062 
v -0.0441293 0.003175 0.00194723 
v -0.0446411 0.003175 0.00195125 
v -0.0450621 0.003175 0.00165734 
v -0.0434772 0.003175 0.00239278 
v -0.0440295 0.003175 -0.000673728 
v -0.0438245 0.003175 0.00186033 
v -0.044192 0.003175 0.00195577 
v -0.0446105 0.003175 0.00195716 
v -0.0450437 0.003175 0.0016842 
v -0.0434254 0.003175 0.00236245 
v -0.0440814 0.003175 -0.000692933 
v -0.0437454 0.003175 0.001827 
v -0.0442652 0.003175 0.00196286 
v -0.0445781 0.003175 0.00196208 
v -0.0450241 0.003175 0.00171027 
v -0.0452016 0.003175 0.00122099 
v -0.0439626 0.003175 0.00258439 
v -0.0440503 0.003175 0.00260475 
v -0.0433787 0.003175 0.00233256 
v -0.0441365 0.003175 -0.000710682 
v -0.0436677 0.003175 0.00179067 
v -0.0443519 0.003175 0.00196785 
v -0.0445438 0.003175 0.0019659 
v -0.0438758 0.003175 0.00256056 
v -0.0433365 0.003175 0.00230311 
v -0.0441952 0.003175 -0.000726861 
v -0.0442582 0.003175 -0.000741311 
v -0.0439867 0.003175 0.0019168 
v -0.0444557 0.003175 0.0019698 
v -0.0445072 0.003175 0.0019685 
v -0.0450034 0.003175 0.00173563 
v -0.0441388 0.003175 0.00262159 
v -0.0432953 0.003175 0.00227187 
v -0.043222 0.003175 0.00120242 
v -0.0435368 0.003175 0.0017215 
v -0.0435915 0.003175 0.0017514 
v -0.0441404 0.003175 0.00262183 
v -0.0444073 0.003175 0.00265085 
v -0.0444973 0.003175 0.00265345 
v -0.0442279 0.003175 0.00263491 
v -0.0448783 0.003175 0.00262753 
v -0.0448029 0.003175 0.00263872 
v -0.0445505 0.003175 0.00265409 
v -0.0443174 0.003175 0.00264466 
v -0.0447219 0.003175 0.00264717 
v -0.0446349 0.003175 0.00265246 
v -0.0403296 0.003175 -0.000750101 
v -0.0403135 0.003175 -0.000746336 
v -0.0406041 0.003175 -0.000777129 
v -0.0408407 0.003175 -0.000753349 
v -0.0407971 0.003175 -0.000761732 
v -0.0403788 0.003175 -0.000759377 
v -0.0405443 0.003175 -0.000775974 
v -0.0406647 0.003175 -0.000775754 
v -0.0406203 0.003175 -0.000776692 
v -0.0407532 0.003175 -0.000768267 
v -0.0408704 0.003175 -0.000746336 
v -0.0404317 0.003175 -0.000767008 
v -0.0404888 0.003175 -0.000772727 
v -0.040709 0.003175 -0.000772944 
v -0.0405704 0.003175 5.5748e-05 
v -0.0405823 0.003175 4.40213e-05 
v -0.040594 0.003175 3.33601e-05 
v -0.0406765 0.003175 -2.20236e-05 
v -0.0404987 0.003175 0.000163289 
v -0.0405074 0.003175 0.00014523 
v -0.0406062 0.003175 2.31479e-05 
v -0.0405618 0.003175 6.49761e-05 
v -0.0405163 0.003175 0.000128801 
v -0.0405252 0.003175 0.000113822 
v -0.040619 0.003175 1.33543e-05 
v -0.0405342 0.003175 0.000100097 
v -0.0406323 0.003175 3.95527e-06 
v -0.0405433 0.003175 8.74665e-05 
v -0.0406463 0.003175 -5.06706e-06 
v -0.0405525 0.003175 7.57965e-05 
v -0.040661 0.003175 -1.37247e-05 
v -0.040491 0.003175 0.000181111 
v -0.0391133 0.003175 0.00205485 
v -0.0395415 0.003175 0.000523997 
v -0.0406929 0.003175 -2.99632e-05 
v -0.0395419 0.003175 0.00047798 
v -0.0407103 0.003175 -3.75357e-05 
v -0.0395454 0.003175 0.000370209 
v -0.0407289 0.003175 -4.47255e-05 
v -0.0395522 0.003175 0.000275248 
v -0.0407486 0.003175 -5.15076e-05 
v -0.0395615 0.003175 0.000190981 
v -0.0407699 0.003175 -5.78462e-05 
v -0.0395728 0.003175 0.000115711 
v -0.0407927 0.003175 -6.36922e-05 
v -0.0395856 0.003175 4.8069e-05 
v -0.0408174 0.003175 -6.89807e-05 
v -0.0395996 0.003175 -1.30604e-05 
v -0.0408442 0.003175 -7.36267e-05 
v -0.0396147 0.003175 -6.85943e-05 
v -0.0408734 0.003175 -7.75206e-05 
v -0.0404834 0.003175 0.000200651 
v -0.0396307 0.003175 -0.000119292 
v -0.0398525 0.003175 -0.000494367 
v -0.0398272 0.003175 -0.000467546 
v -0.040476 0.003175 0.000222179 
v -0.0396473 0.003175 -0.000165785 
v -0.0398226 0.003175 -0.000462356 
v -0.0404688 0.003175 0.000246024 
v -0.0396646 0.003175 -0.000208605 
v -0.0398793 0.003175 -0.000520612 
v -0.0404619 0.003175 0.000272585 
v -0.0396824 0.003175 -0.0002482 
v -0.0399068 0.003175 -0.00054537 
v -0.0404554 0.003175 0.000302359 
v -0.0397008 0.003175 -0.000284949 
v -0.0399349 0.003175 -0.000568752 
v -0.0408182 0.003175 0.00205485 
v -0.0413724 0.003175 3.48984e-05 
v -0.0413938 0.003175 5.05949e-05 
v -0.0397196 0.003175 -0.000319176 
v -0.0399639 0.003175 -0.000590853 
v -0.0413503 0.003175 2.00942e-05 
v -0.0409055 0.003175 -8.05208e-05 
v -0.0404495 0.003175 0.000335962 
v -0.039739 0.003175 -0.000351158 
v -0.0399938 0.003175 -0.000611749 
v -0.0414347 0.003175 8.45578e-05 
v -0.041454 0.003175 0.000102767 
v -0.0414146 0.003175 6.71574e-05 
v -0.0404443 0.003175 0.000374171 
v -0.0397588 0.003175 -0.000381134 
v -0.0400248 0.003175 -0.0006315 
v -0.0414726 0.003175 0.000121755 
v -0.0413276 0.003175 6.20719e-06 
v -0.04114 0.003175 -6.63371e-05 
v -0.0411693 0.003175 -5.91683e-05 
v -0.0410506 0.003175 -8.01004e-05 
v -0.0410806 0.003175 -7.68132e-05 
v -0.0409903 0.003175 -8.27422e-05 
v -0.0410205 0.003175 -8.2078e-05 
v -0.04044 0.003175 0.000417975 
v -0.0397791 0.003175 -0.000409308 
v -0.0400569 0.003175 -0.000650151 
v -0.0414904 0.003175 0.000141488 
v -0.0413044 0.003175 -6.7393e-06 
v -0.0412549 0.003175 -3.01087e-05 
v -0.0412826 0.003175 -1.79658e-05 
v -0.0411982 0.003175 -5.07295e-05 
v -0.0412268 0.003175 -4.10368e-05 
v -0.0411104 0.003175 -7.22225e-05 
v -0.0404371 0.003175 0.000468653 
v -0.0397999 0.003175 -0.000435845 
v -0.0400903 0.003175 -0.000667732 
v -0.040436 0.003175 0.000527907 
v -0.0415914 0.003175 -0.000715543 
v -0.0409689 0.003175 -0.000717283 
v -0.0409267 0.003175 -0.000731105 
v -0.0415074 0.003175 0.000161935 
v -0.0409409 0.003175 -8.24452e-05 
v -0.0409766 0.003175 -8.30648e-05 
v -0.0401251 0.003175 -0.000684256 
v -0.040884 0.003175 -0.000743134 
v -0.0411653 0.003175 -0.000624334 
v -0.0411448 0.003175 -0.000636533 
v -0.0413715 0.003175 -0.000463168 
v -0.0413331 0.003175 -0.000498907 
v -0.0428955 0.003175 -0.000177888 
v -0.0428496 0.003175 0.00205485 
v -0.0424224 0.003175 0.00196296 
v -0.0428496 0.003175 0.00258957 
v -0.0415235 0.003175 0.000183061 
v -0.0412948 0.003175 -1.1877e-05 
v -0.040436 0.003175 0.00196296 
v -0.0401617 0.003175 -0.000699717 
v -0.0410105 0.003175 -0.000701693 
v -0.0410915 0.003175 -0.000665324 
v -0.0410514 0.003175 -0.000684364 
v -0.0411308 0.003175 -0.000644609 
v -0.0412932 0.003175 -0.000532954 
v -0.0412519 0.003175 -0.000565248 
v -0.0414083 0.003175 -0.000425806 
v -0.0414769 0.003175 -0.000346491 
v -0.0414434 0.003175 -0.000386889 
v -0.0408182 0.003175 0.00258957 
v -0.0411691 0.003175 0.00205485 
v -0.0415299 0.003175 0.00019189 
v -0.0415299 0.003175 0.00196296 
v -0.0402001 0.003175 -0.000714092 
v -0.0412092 0.003175 -0.000595727 
v -0.0415085 0.003175 -0.000304686 
v -0.0424224 0.003175 -8.69751e-05 
v -0.0411691 0.003175 0.00258957 
v -0.0402407 0.003175 -0.000727335 
v -0.0402838 0.003175 -0.000739372 
v -0.0415514 0.003175 -0.000242406 
v -0.0415384 0.003175 -0.000261553 
v -0.0391133 0.003175 0.00258957 
v -0.0428955 0.003175 -0.000715543 
v -0.0395415 0.003175 0.00196296 
v -0.0372775 0.003175 0.00265409 
v -0.0372354 0.003175 0.00265364 
v -0.0371617 0.003175 0.00265058 
v -0.0373651 0.003175 0.0026524 
v -0.0370921 0.003175 0.0026449 
v -0.037026 0.003175 0.00263684 
v -0.0369631 0.003175 0.00262657 
v -0.03694 0.003175 0.00262183 
v -0.0376065 0.003175 0.00262821 
v -0.0376402 0.003175 0.00262183 
v -0.0375295 0.003175 0.00263931 
v -0.0374462 0.003175 0.00264766 
v -0.0388167 0.003175 0.00103258 
v -0.0388171 0.003175 0.000985403 
v -0.0388171 0.003175 0.000894491 
v -0.038813 0.003175 0.00113146 
v -0.0388059 0.003175 0.00122387 
v -0.0387957 0.003175 0.00131058 
v -0.037701 0.003175 -0.00072524 
v -0.0376355 0.003175 -0.000739717 
v -0.0387828 0.003175 0.00139229 
v -0.0377628 0.003175 -0.000708938 
v -0.0387673 0.003175 0.00146958 
v -0.0378214 0.003175 -0.000690932 
v -0.0387496 0.003175 0.00154296 
v -0.0378771 0.003175 -0.000671305 
v -0.0387297 0.003175 0.00161288 
v -0.0379303 0.003175 -0.000650112 
v -0.0387076 0.003175 0.00167972 
v -0.0383942 0.003175 0.00221211 
v -0.0384168 0.003175 0.00218633 
v -0.0379813 0.003175 -0.000627378 
v -0.0384113 0.003175 -0.000300449 
v -0.0384061 0.003175 -0.000306436 
v -0.0386836 0.003175 0.00174384 
v -0.0383575 0.003175 0.00225116 
v -0.0380302 0.003175 -0.000603104 
v -0.0384517 0.003175 -0.000251814 
v -0.0386575 0.003175 0.00180553 
v -0.0384562 0.003175 0.00213843 
v -0.0380773 0.003175 -0.000577265 
v -0.0384915 0.003175 -0.000199841 
v -0.0386294 0.003175 0.00186508 
v -0.03832 0.003175 0.00228803 
v -0.0381228 0.003175 -0.000549816 
v -0.0383705 0.003175 -0.00034556 
v -0.0385993 0.003175 0.00192273 
v -0.0382814 0.003175 0.00232287 
v -0.0381668 0.003175 -0.000520684 
v -0.0385289 0.003175 -0.000146547 
v -0.038567 0.003175 0.0019787 
v -0.0382417 0.003175 0.00235586 
v -0.0382096 0.003175 -0.000489776 
v -0.038564 0.003175 -9.17504e-05 
v -0.0388153 0.003175 0.00079654 
v -0.0382008 0.003175 0.0023871 
v -0.0382513 0.003175 -0.000456972 
v -0.038597 0.003175 -3.52476e-05 
v -0.0385325 0.003175 0.00203319 
v -0.0381586 0.003175 0.0024167 
v -0.0382919 0.003175 -0.000422122 
v -0.038628 0.003175 2.31918e-05 
v -0.0384956 0.003175 0.00208638 
v -0.0381147 0.003175 0.00244474 
v -0.0383316 0.003175 -0.000385048 
v -0.0386569 0.003175 8.38291e-05 
v -0.0380691 0.003175 0.00247128 
v -0.0386838 0.003175 0.000146961 
v -0.0380216 0.003175 0.00249635 
v -0.0387087 0.003175 0.000212929 
v -0.0379718 0.003175 0.00251997 
v -0.0387316 0.003175 0.000282124 
v -0.0379196 0.003175 0.00254212 
v -0.0387522 0.003175 0.000355 
v -0.0378645 0.003175 0.00256277 
v -0.0387705 0.003175 0.000432086 
v -0.0378061 0.003175 0.00258183 
v -0.0387863 0.003175 0.000514004 
v -0.037744 0.003175 0.00259921 
v -0.0387993 0.003175 0.000601491 
v -0.0376777 0.003175 0.00261474 
v -0.0388091 0.003175 0.000695419 
v -0.0373266 0.003175 -0.000775353 
v -0.0372345 0.003175 -0.000777129 
v -0.0371332 0.003175 -0.000775174 
v -0.0374122 0.003175 -0.000770333 
v -0.0374917 0.003175 -0.000762504 
v -0.037566 0.003175 -0.000752209 
v -0.0375987 0.003175 -0.000746336 
v -0.0368531 0.003175 -0.00074708 
v -0.0368491 0.003175 -0.000746336 
v -0.0369426 0.003175 -0.000759998 
v -0.0370393 0.003175 -0.000769677 
v -0.0362984 0.003175 0.00230462 
v -0.0363117 0.003175 0.00231635 
v -0.0362601 0.003175 0.00226905 
v -0.0372182 0.003175 0.00196754 
v -0.0371888 0.003175 0.00196459 
v -0.0371615 0.003175 0.00196066 
v -0.0362251 0.003175 0.00223375 
v -0.0377809 0.003175 0.00169902 
v -0.0368821 0.003175 0.00181726 
v -0.0368689 0.003175 0.00180283 
v -0.0371361 0.003175 0.00195586 
v -0.0361929 0.003175 0.00219864 
v -0.0368566 0.003175 0.00178819 
v -0.0371123 0.003175 0.00195031 
v -0.0366998 0.003175 0.000561144 
v -0.0375657 0.003175 -1.664e-05 
v -0.0375844 0.003175 -6.07557e-06 
v -0.0361634 0.003175 0.00216363 
v -0.0368452 0.003175 0.00177329 
v -0.03709 0.003175 0.00194407 
v -0.0376022 0.003175 5.03136e-06 
v -0.0361362 0.003175 0.00212864 
v -0.0368344 0.003175 0.00175811 
v -0.0370689 0.003175 0.0019372 
v -0.0376192 0.003175 1.66824e-05 
v -0.0363532 0.003175 0.00235108 
v -0.0368244 0.003175 0.0017426 
v -0.0370489 0.003175 0.00192972 
v -0.0369009 0.003175 0.00183588 
v -0.0375758 0.003175 0.00190601 
v -0.0375578 0.003175 0.00191483 
v -0.03777 0.003175 0.00171879 
v -0.0377577 0.003175 0.00173888 
v -0.0376356 0.003175 2.88999e-05 
v -0.0368454 0.003175 0.00259998 
v -0.036903 0.003175 0.00261425 
v -0.0361112 0.003175 0.00209357 
v -0.0368151 0.003175 0.0017267 
v -0.0370299 0.003175 0.00192167 
v -0.037539 0.003175 0.00192311 
v -0.0377452 0.003175 0.00175754 
v -0.0376514 0.003175 4.17143e-05 
v -0.0373719 0.003175 -7.97168e-05 
v -0.0374029 0.003175 -7.41281e-05 
v -0.0367899 0.003175 0.00258383 
v -0.0360881 0.003175 0.00205832 
v -0.0368063 0.003175 0.00171036 
v -0.0370117 0.003175 0.00191306 
v -0.0375193 0.003175 0.00193086 
v -0.0377324 0.003175 0.00177492 
v -0.0376666 0.003175 5.5164e-05 
v -0.0374316 0.003175 -6.76648e-05 
v -0.0367364 0.003175 0.00256583 
v -0.0360669 0.003175 0.00202279 
v -0.0367982 0.003175 0.00169352 
v -0.0369942 0.003175 0.00190387 
v -0.0374985 0.003175 0.00193806 
v -0.0377194 0.003175 0.00179116 
v -0.0376813 0.003175 6.92959e-05 
v -0.0374582 0.003175 -6.04528e-05 
v -0.0366845 0.003175 0.002546 
v -0.0360475 0.003175 0.00198688 
v -0.0367907 0.003175 0.00167612 
v -0.0369774 0.003175 0.00189412 
v -0.0374766 0.003175 0.00194469 
v -0.0377061 0.003175 0.00180637 
v -0.0367516 0.003175 0.00145952 
v -0.0378359 0.003175 0.00157508 
v -0.037819 0.003175 0.00161826 
v -0.0376956 0.003175 8.41657e-05 
v -0.037483 0.003175 -5.25745e-05 
v -0.0366341 0.003175 0.00252432 
v -0.0360296 0.003175 0.00195047 
v -0.0367837 0.003175 0.00165808 
v -0.0369612 0.003175 0.00188378 
v -0.0374533 0.003175 0.00195071 
v -0.0376925 0.003175 0.00182067 
v -0.0378015 0.003175 0.00165779 
v -0.0377094 0.003175 9.9839e-05 
v -0.0375062 0.003175 -4.40889e-05 
v -0.036585 0.003175 0.00250075 
v -0.0360133 0.003175 0.00191345 
v -0.0368953 0.003175 0.0018305 
v -0.0369455 0.003175 0.00187282 
v -0.0374285 0.003175 0.00195607 
v -0.0376785 0.003175 0.00183413 
v -0.0378505 0.003175 0.00153266 
v -0.0377229 0.003175 0.000116392 
v -0.037528 0.003175 -3.50367e-05 
v -0.0365371 0.003175 0.00247522 
v -0.0359986 0.003175 0.00187568 
v -0.0367774 0.003175 0.00163932 
v -0.0369302 0.003175 0.00186121 
v -0.0374021 0.003175 0.00196071 
v -0.0376642 0.003175 0.00184684 
v -0.0378645 0.003175 0.00148641 
v -0.037736 0.003175 0.000133913 
v -0.0373416 0.003175 -8.38795e-05 
v -0.03649 0.003175 0.00244763 
v -0.0359853 0.003175 0.00183701 
v -0.0367716 0.003175 0.00161974 
v -0.0369154 0.003175 0.00184892 
v -0.0372468 0.003175 0.00196921 
v -0.0373737 0.003175 0.00196453 
v -0.0376495 0.003175 0.00185885 
v -0.0378776 0.003175 0.00143575 
v -0.0377487 0.003175 0.000152505 
v -0.0375486 0.003175 -2.54437e-05 
v -0.0371212 0.003175 -8.12247e-05 
v -0.037146 0.003175 -8.4868e-05 
v -0.0370116 0.003175 -5.18243e-05 
v -0.0370244 0.003175 -5.66502e-05 
v -0.0364438 0.003175 0.00241786 
v -0.0359735 0.003175 0.0017973 
v -0.0367665 0.003175 0.00159924 
v -0.0373431 0.003175 0.00196742 
v -0.0376344 0.003175 0.00187021 
v -0.0378898 0.003175 0.00137995 
v -0.036516 0.003175 -0.000657867 
v -0.0364916 0.003175 -0.000648107 
v -0.0370967 0.003175 -7.65726e-05 
v -0.0370482 0.003175 -6.42751e-05 
v -0.0363982 0.003175 0.00238573 
v -0.0359631 0.003175 0.00175637 
v -0.036762 0.003175 0.00157771 
v -0.0372775 0.003175 0.0019698 
v -0.03731 0.003175 0.00196923 
v -0.0376187 0.003175 0.00188096 
v -0.0379007 0.003175 0.00131816 
v -0.0378384 0.003175 0.000336692 
v -0.0378534 0.003175 0.000380447 
v -0.0362335 0.003175 -0.000519392 
v -0.0361853 0.003175 -0.000487476 
v -0.0365506 0.003175 -0.000670416 
v -0.0377687 0.003175 0.000185274 
v -0.0377882 0.003175 0.000221421 
v -0.0373089 0.003175 -8.70815e-05 
v -0.0371709 0.003175 -8.74964e-05 
v -0.0370723 0.003175 -7.09196e-05 
v -0.0369559 0.003175 -2.73356e-05 
v -0.0369771 0.003175 -3.7405e-05 
v -0.0369149 0.003175 -4.57397e-06 
v -0.0369352 0.003175 -1.63855e-05 
v -0.0368759 0.003175 2.15485e-05 
v -0.0368951 0.003175 8.07812e-06 
v -0.0367582 0.003175 0.001555 
v -0.0376025 0.003175 0.00189115 
v -0.0379101 0.003175 0.00124931 
v -0.0378676 0.003175 0.000427454 
v -0.0361385 0.003175 -0.000453619 
v -0.0366193 0.003175 -0.000692836 
v -0.0378057 0.003175 0.00025747 
v -0.0372733 0.003175 -8.91602e-05 
v -0.0368572 0.003175 3.58135e-05 
v -0.0359543 0.003175 0.00171402 
v -0.0367552 0.003175 0.00153097 
v -0.0375857 0.003175 0.00190078 
v -0.0379177 0.003175 0.00117207 
v -0.0378806 0.003175 0.000478157 
v -0.0362829 0.003175 -0.000549313 
v -0.0363852 0.003175 -0.000602976 
v -0.0363335 0.003175 -0.00057719 
v -0.0364379 0.003175 -0.000626628 
v -0.0378224 0.003175 0.000295809 
v -0.0372345 0.003175 -8.99077e-05 
v -0.0371958 0.003175 -8.91057e-05 
v -0.0359471 0.003175 0.00167003 
v -0.036753 0.003175 0.00150544 
v -0.0379227 0.003175 0.00108479 
v -0.0378925 0.003175 0.000533084 
v -0.0360931 0.003175 -0.000417878 
v -0.0377611 0.003175 0.000172286 
v -0.0372208 0.003175 -8.9693e-05 
v -0.0369987 0.003175 -4.65761e-05 
v -0.0368465 0.003175 4.46062e-05 
v -0.0359415 0.003175 0.00162416 
v -0.0359754 0.003175 0.000561144 
v -0.0359363 0.003175 0.00147711 
v -0.0367518 0.003175 0.0014782 
v -0.0379246 0.003175 0.000985403 
v -0.037903 0.003175 0.000592856 
v -0.0360492 0.003175 -0.000380311 
v -0.0360068 0.003175 -0.000340983 
v -0.0359378 0.003175 0.00157611 
v -0.035936 0.003175 0.00152563 
v -0.0377853 0.003175 0.00169078 
v -0.0379118 0.003175 0.000658217 
v -0.0359451 0.003175 0.00145952 
v -0.0379186 0.003175 0.000730059 
v -0.0366922 0.003175 -0.000713215 
v -0.0379246 0.003175 0.000894491 
v -0.0379231 0.003175 0.000809462 
v -0.0367699 0.003175 -0.000731378 
v -0.0359881 0.003175 -0.000322542 
v -0.0351503 0.003175 -0.000746336 
v -0.0351503 0.003175 -0.000777154 
v -0.0342617 0.003175 -0.00217601 
v -0.0356274 0.003175 -0.00217601 
v -0.0356274 0.003175 -0.00163836 
v -0.0351503 0.003175 -0.00147804 
v -0.0351503 0.003175 -0.00154647 
v -0.0342617 0.003175 -0.00147804 
v -0.0342617 0.003175 -0.000777154 
v -0.0342617 0.003175 -0.000746336 
v -0.0338991 0.003175 -0.00063924 
v -0.0338801 0.003175 -0.000650169 
v -0.0337552 0.003175 -0.000708873 
v -0.0337166 0.003175 -0.000722928 
v -0.033867 0.003175 -0.000657425 
v -0.0336774 0.003175 -0.000735395 
v -0.0336378 0.003175 -0.000746252 
v -0.0337931 0.003175 -0.000693253 
v -0.0339401 0.003175 -0.000613634 
v -0.0338304 0.003175 -0.000676094 
v -0.0340186 0.003175 -0.00055726 
v -0.03398 0.003175 -0.00058629 
v -0.0340919 0.003175 -0.000494355 
v -0.0340559 0.003175 -0.000526596 
v -0.0342617 0.003175 -0.000294217 
v -0.0342494 0.003175 -0.000311681 
v -0.0341596 0.003175 -0.000425384 
v -0.0341265 0.003175 -0.000460597 
v -0.0342211 0.003175 -0.000350857 
v -0.0341912 0.003175 -0.000388782 
v -0.0335168 0.003175 -0.000769002 
v -0.033476 0.003175 -0.000773269 
v -0.0336375 0.003175 -0.000746336 
v -0.033379 0.003175 -0.000777129 
v -0.0333199 0.003175 -0.000775986 
v -0.0335575 0.003175 -0.00076307 
v -0.0335978 0.003175 -0.000755482 
v -0.033435 0.003175 -0.000775864 
v -0.0333939 0.003175 -0.000776782 
v -0.0331499 0.003175 -0.000758573 
v -0.0331008 0.003175 -0.000749108 
v -0.0332589 0.003175 -0.000772283 
v -0.0332024 0.003175 -0.000766375 
v -0.0338766 0.003175 0.00205485 
v -0.0333089 0.003175 6.46984e-05 
v -0.0333211 0.003175 5.19925e-05 
v -0.0318423 0.003175 0.00205485 
v -0.0322705 0.003175 0.000628596 
v -0.0333336 0.003175 3.99875e-05 
v -0.0322723 0.003175 0.000515917 
v -0.0333464 0.003175 2.86293e-05 
v -0.0322782 0.003175 0.000405863 
v -0.0333597 0.003175 1.78671e-05 
v -0.0332534 0.003175 0.000142132 
v -0.0332632 0.003175 0.000125382 
v -0.0322871 0.003175 0.000308549 
v -0.0333734 0.003175 7.65904e-06 
v -0.033273 0.003175 0.000110163 
v -0.0322984 0.003175 0.000221914 
v -0.0333875 0.003175 -2.0288e-06 
v -0.0332828 0.003175 9.63057e-05 
v -0.0323116 0.003175 0.000144296 
v -0.0334022 0.003175 -1.12227e-05 
v -0.0332446 0.003175 0.000158713 
v -0.0323262 0.003175 7.43512e-05 
v -0.0334176 0.003175 -1.99418e-05 
v -0.0332359 0.003175 0.000176905 
v -0.0323422 0.003175 1.09773e-05 
v -0.0334335 0.003175 -2.8198e-05 
v -0.0332272 0.003175 0.000196956 
v -0.0323591 0.003175 -4.67338e-05 
v -0.0326092 0.003175 -0.000481603 
v -0.0325812 0.003175 -0.000451767 
v -0.0334503 0.003175 -3.59961e-05 
v -0.0332186 0.003175 0.000219165 
v -0.0323769 0.003175 -9.95365e-05 
v -0.0325652 0.003175 -0.000433518 
v -0.0332979 0.003175 7.72543e-05 
v -0.0332101 0.003175 0.0002439 
v -0.0323954 0.003175 -0.000148062 
v -0.0326376 0.003175 -0.000509599 
v -0.0334679 0.003175 -4.33331e-05 
v -0.0332018 0.003175 0.000271611 
v -0.0324145 0.003175 -0.00019284 
v -0.0326667 0.003175 -0.00053591 
v -0.0334864 0.003175 -5.01981e-05 
v -0.0331937 0.003175 0.000302858 
v -0.0324343 0.003175 -0.000234321 
v -0.0326963 0.003175 -0.000560667 
v -0.033506 0.003175 -5.65706e-05 
v -0.033186 0.003175 0.000338345 
v -0.0324545 0.003175 -0.000272886 
v -0.0327268 0.003175 -0.000583981 
v -0.0335268 0.003175 -6.24201e-05 
v -0.0331788 0.003175 0.000378961 
v -0.0324753 0.003175 -0.000308862 
v -0.032758 0.003175 -0.000605943 
v -0.0341341 0.003175 4.77611e-05 
v -0.034156 0.003175 6.4796e-05 
v -0.0339871 0.003175 -3.38335e-05 
v -0.0340156 0.003175 -2.22974e-05 
v -0.0335489 0.003175 -6.77037e-05 
v -0.0331724 0.003175 0.000425852 
v -0.0324966 0.003175 -0.000342527 
v -0.0327902 0.003175 -0.000626627 
v -0.0341114 0.003175 3.16848e-05 
v -0.034064 0.003175 2.52473e-06 
v -0.034088 0.003175 1.65967e-05 
v -0.0340282 0.003175 -1.63721e-05 
v -0.0335725 0.003175 -7.23643e-05 
v -0.0331672 0.003175 0.000480507 
v -0.0325185 0.003175 -0.000374122 
v -0.0328235 0.003175 -0.000646089 
v -0.0341977 0.003175 0.000101615 
v -0.0342173 0.003175 0.000121331 
v -0.0341773 0.003175 8.27583e-05 
v -0.0340394 0.003175 -1.05053e-05 
v -0.0339582 0.003175 -4.41847e-05 
v -0.0338992 0.003175 -6.12631e-05 
v -0.0339289 0.003175 -5.3333e-05 
v -0.033839 0.003175 -7.34164e-05 
v -0.0338692 0.003175 -6.79614e-05 
v -0.0335979 0.003175 -7.63272e-05 
v -0.0331634 0.003175 0.000544892 
v -0.0325408 0.003175 -0.000403841 
v -0.0328579 0.003175 -0.000664369 
v -0.0342361 0.003175 0.00014187 
v -0.0338085 0.003175 -7.76189e-05 
v -0.0337473 0.003175 -8.22398e-05 
v -0.0337779 0.003175 -8.05618e-05 
v -0.0336253 0.003175 -7.94966e-05 
v -0.033162 0.003175 0.000621753 
v -0.0342539 0.003175 0.000163195 
v -0.0342617 0.003175 0.000173137 
v -0.0337166 0.003175 -8.26504e-05 
v -0.033655 0.003175 -8.17503e-05 
v -0.0332926 0.003175 8.36327e-05 
v -0.0328937 0.003175 -0.000681489 
v -0.0336873 0.003175 -8.29328e-05 
v -0.0337026 0.003175 -8.30648e-05 
v -0.0329311 0.003175 -0.000697454 
v -0.0355814 0.003175 0.00205485 
v -0.0351503 0.003175 0.00196296 
v -0.0355814 0.003175 0.00258957 
v -0.0335471 0.003175 0.00205485 
v -0.0335471 0.003175 0.00258957 
v -0.0329702 0.003175 -0.000712248 
v -0.0338766 0.003175 0.00258957 
v -0.0330114 0.003175 -0.000725835 
v -0.0342617 0.003175 0.00196296 
v -0.0330548 0.003175 -0.000738152 
v -0.033162 0.003175 0.00196296 
v -0.0318423 0.003175 0.00258957 
v -0.0330892 0.003175 -0.000746336 
v -0.0322705 0.003175 0.00196296 
v -0.0243347 0.003175 -0.000770533 
v -0.0243014 0.003175 -0.000766303 
v -0.0246597 0.003175 -0.000746336 
v -0.0243755 0.003175 -0.000774286 
v -0.02445 0.003175 -0.000776951 
v -0.0245936 0.003175 -0.000763471 
v -0.0245662 0.003175 -0.000768449 
v -0.0246477 0.003175 -0.000750097 
v -0.0242003 0.003175 -0.000747721 
v -0.024195 0.003175 -0.000746336 
v -0.0242719 0.003175 -0.000762072 
v -0.0244165 0.003175 -0.000776505 
v -0.024483 0.003175 -0.000776447 
v -0.0245386 0.003175 -0.000772275 
v -0.0246208 0.003175 -0.00075735 
v -0.0242359 0.003175 -0.000755636 
v -0.0245108 0.003175 -0.000774942 
v -0.0244551 0.003175 -0.000776785 
v -0.0247247 0.003175 0.00205485 
v -0.0247895 0.003175 7.78515e-05 
v -0.0248164 0.003175 8.37793e-05 
v -0.0248412 0.003175 9.0387e-05 
v -0.0252135 0.003175 -0.000715543 
v -0.0248244 0.003175 -0.00066893 
v -0.0248007 0.003175 -0.000683646 
v -0.0248842 0.003175 -0.000625089 
v -0.0248738 0.003175 -0.000633429 
v -0.0248641 0.003175 9.75729e-05 
v -0.0247005 0.003175 -0.000732247 
v -0.0246743 0.003175 -0.000741724 
v -0.0247765 0.003175 -0.000697359 
v -0.0249116 0.003175 -0.000601977 
v -0.0248854 0.003175 0.000105275 
v -0.0247263 0.003175 -0.00072168 
v -0.0247516 0.003175 -0.000710044 
v -0.0248698 0.003175 -0.000636593 
v -0.0250711 0.003175 0.000233624 
v -0.0250844 0.003175 0.000249104 
v -0.0249053 0.003175 0.000113449 
v -0.0248475 0.003175 -0.000653236 
v -0.0250572 0.003175 0.000218713 
v -0.0250118 0.003175 0.00017766 
v -0.0250275 0.003175 0.000190707 
v -0.0249239 0.003175 0.000122067 
v -0.0251308 0.003175 0.000316171 
v -0.0251405 0.003175 0.000334076 
v -0.025097 0.003175 0.000265128 
v -0.0250426 0.003175 0.000204399 
v -0.0247633 0.003175 7.31934e-05 
v -0.0249386 0.003175 -0.000577054 
v -0.0251202 0.003175 0.00029869 
v -0.025109 0.003175 0.000281666 
v -0.0249956 0.003175 0.000165281 
v -0.0249617 0.003175 0.000142614 
v -0.0249789 0.003175 0.000153592 
v -0.0249415 0.003175 0.000131112 
v -0.0249655 0.003175 -0.00055012 
v -0.0247349 0.003175 6.92871e-05 
v -0.0249922 0.003175 -0.000520938 
v -0.0247039 0.003175 6.62621e-05 
v -0.0250189 0.003175 -0.000489222 
v -0.0251496 0.003175 0.000352376 
v -0.0251519 0.003175 0.000357431 
v -0.0249569 0.003175 0.000139818 
v -0.0246701 0.003175 6.42845e-05 
v -0.0242662 0.003175 7.23665e-05 
v -0.0246328 0.003175 6.35685e-05 
v -0.0250455 0.003175 -0.000454628 
v -0.0265175 0.003175 -0.000177888 
v -0.0264716 0.003175 0.00205485 
v -0.0260444 0.003175 0.00196296 
v -0.0264716 0.003175 0.00258957 
v -0.0250722 0.003175 -0.00041674 
v -0.0251734 0.003175 -0.000233608 
v -0.0251495 0.003175 -0.000283587 
v -0.0241714 0.003175 -0.000740153 
v -0.0250989 0.003175 -0.000375056 
v -0.0251256 0.003175 -0.000329099 
v -0.0260444 0.003175 -8.69751e-05 
v -0.0247247 0.003175 0.00258957 
v -0.0251519 0.003175 0.00196296 
v -0.0265175 0.003175 -0.000715543 
v -0.0238722 0.003175 0.00168303 
v -0.0238723 0.003175 0.00166969 
v -0.0238707 0.003175 0.00173723 
v -0.0238672 0.003175 0.00178783 
v -0.023862 0.003175 0.00183524 
v -0.0238554 0.003175 0.00187986 
v -0.0238474 0.003175 0.001922 
v -0.0224059 0.003175 0.00069898 
v -0.0219552 0.003175 0.000289313 
v -0.021959 0.003175 0.000262489 
v -0.0238381 0.003175 0.00196197 
v -0.0220878 0.003175 5.40393e-06 
v -0.0221003 0.003175 -6.06606e-06 
v -0.0219635 0.003175 0.000237728 
v -0.0238276 0.003175 0.00199999 
v -0.0221127 0.003175 -1.64971e-05 
v -0.0219688 0.003175 0.00021481 
v -0.023816 0.003175 0.0020363 
v -0.0221256 0.003175 -2.65071e-05 
v -0.0219747 0.003175 0.000193483 
v -0.0238033 0.003175 0.00207109 
v -0.0236885 0.003175 0.00034706 
v -0.0235487 0.003175 0.000987823 
v -0.0235164 0.003175 0.000964013 
v -0.0221392 0.003175 -3.612e-05 
v -0.0219811 0.003175 0.000173536 
v -0.0237895 0.003175 0.00210453 
v -0.0230169 0.003175 0.00034706 
v -0.0228977 0.003175 0.000734624 
v -0.0228032 0.003175 0.000721313 
v -0.0234993 0.003175 0.000952166 
v -0.0221534 0.003175 -4.53539e-05 
v -0.021988 0.003175 0.000154792 
v -0.0237747 0.003175 0.00213676 
v -0.0229818 0.003175 0.000749806 
v -0.0235785 0.003175 0.00101175 
v -0.0221683 0.003175 -5.42214e-05 
v -0.0219955 0.003175 0.000137103 
v -0.0238714 0.003175 0.00162586 
v -0.0237587 0.003175 0.00216794 
v -0.0235623 0.003175 0.00241115 
v -0.0235863 0.003175 0.00238966 
v -0.0230572 0.003175 0.000766451 
v -0.0236061 0.003175 0.00103583 
v -0.0221841 0.003175 -6.27285e-05 
v -0.0220034 0.003175 0.000120341 
v -0.0235333 0.003175 0.0024351 
v -0.0231251 0.003175 0.000784254 
v -0.0231867 0.003175 0.000802987 
v -0.0236318 0.003175 0.00106011 
v -0.0222008 0.003175 -7.08748e-05 
v -0.0220117 0.003175 0.000104397 
v -0.0237417 0.003175 0.00219817 
v -0.0236117 0.003175 0.00236532 
v -0.0236557 0.003175 0.00108463 
v -0.0222184 0.003175 -7.86529e-05 
v -0.0220205 0.003175 8.91795e-05 
v -0.0237234 0.003175 0.00222757 
v -0.0235033 0.003175 0.00245784 
v -0.0232428 0.003175 0.000822482 
v -0.023678 0.003175 0.00110945 
v -0.0222373 0.003175 -8.60469e-05 
v -0.0220297 0.003175 7.46064e-05 
v -0.0237039 0.003175 0.00225624 
v -0.0234722 0.003175 0.00247944 
v -0.0232941 0.003175 0.000842615 
v -0.0236989 0.003175 0.00113462 
v -0.0222574 0.003175 -9.3032e-05 
v -0.0220395 0.003175 6.06081e-05 
v -0.0236831 0.003175 0.00228428 
v -0.0234399 0.003175 0.00249996 
v -0.0233412 0.003175 0.0008633 
v -0.0237184 0.003175 0.00116021 
v -0.022279 0.003175 -9.95719e-05 
v -0.0220497 0.003175 4.71237e-05 
v -0.0236609 0.003175 0.00231176 
v -0.0234062 0.003175 0.00251942 
v -0.0233847 0.003175 0.000884478 
v -0.0237366 0.003175 0.00118631 
v -0.0223023 0.003175 -0.000105617 
v -0.0220605 0.003175 3.41003e-05 
v -0.0236371 0.003175 0.00233876 
v -0.0233709 0.003175 0.00253785 
v -0.0234249 0.003175 0.000906112 
v -0.0237536 0.003175 0.00121297 
v -0.0223275 0.003175 -0.000111103 
v -0.0219527 0.003175 0.000315418 
v -0.0234623 0.003175 0.000928161 
v -0.0237695 0.003175 0.00124031 
v -0.0223548 0.003175 -0.000115942 
v -0.0220718 0.003175 2.1492e-05 
v -0.0233339 0.003175 0.00255525 
v -0.0223846 0.003175 -0.000120024 
v -0.021951 0.003175 0.000343686 
v -0.0225751 0.003175 0.000702682 
v -0.0228384 0.003175 -6.68769e-05 
v -0.0228651 0.003175 -5.59508e-05 
v -0.022706 0.003175 -0.000105768 
v -0.022743 0.003175 -9.73497e-05 
v -0.0232949 0.003175 0.0025716 
v -0.0237843 0.003175 0.00126841 
v -0.0220838 0.003175 9.25897e-06 
v -0.0219504 0.003175 0.000374431 
v -0.0228914 0.003175 -4.39648e-05 
v -0.0226688 0.003175 -0.000112729 
v -0.023188 0.003175 -0.00064096 
v -0.023125 0.003175 -0.000664258 
v -0.0232536 0.003175 0.00258688 
v -0.023798 0.003175 0.00129739 
v -0.0224284 0.003175 0.000699041 
v -0.0224939 0.003175 -0.000126077 
v -0.022518 0.003175 -0.000125829 
v -0.0229582 0.003175 -7.43154e-06 
v -0.0229172 0.003175 -3.0938e-05 
v -0.0227837 0.003175 -8.54809e-05 
v -0.0228113 0.003175 -7.67255e-05 
v -0.0226313 0.003175 -0.000118224 
v -0.0229948 0.003175 -0.000704966 
v -0.0229117 0.003175 -0.000725772 
v -0.0232795 0.003175 -0.000604395 
v -0.0234579 0.003175 -0.00052058 
v -0.0233695 0.003175 -0.000564248 
v -0.0236856 0.003175 -0.000386631 
v -0.023629 0.003175 -0.00042296 
v -0.0232098 0.003175 0.00260101 
v -0.0238108 0.003175 0.00132738 
v -0.0219504 0.003175 0.00069898 
v -0.0224174 0.003175 -0.000123207 
v -0.0225559 0.003175 -0.000124779 
v -0.0224535 0.003175 -0.000125304 
v -0.0229424 0.003175 -1.68912e-05 
v -0.0225937 0.003175 -0.000122242 
v -0.0228277 0.003175 -0.000743059 
v -0.0235444 0.003175 -0.000473459 
v -0.0238643 0.003175 0.00153804 
v -0.0238584 0.003175 0.00149817 
v -0.0238687 0.003175 0.0015805 
v -0.023163 0.003175 0.00261391 
v -0.0238225 0.003175 0.00135851 
v -0.0238511 0.003175 0.00146055 
v -0.0238427 0.003175 0.0014249 
v -0.0227662 0.003175 -9.08587e-05 
v -0.023077 0.003175 -0.000680679 
v -0.0231285 0.003175 0.00262183 
v -0.0238331 0.003175 0.00139096 
v -0.0226965 0.003175 0.000710421 
v -0.0224363 0.003175 -0.000777129 
v -0.0224869 0.003175 -0.000776505 
v -0.0225726 0.003175 -0.000773534 
v -0.0223425 0.003175 -0.000775323 
v -0.0228076 0.003175 -0.000746336 
v -0.0222563 0.003175 -0.000770279 
v -0.0227431 0.003175 -0.000756797 
v -0.0221766 0.003175 -0.000762476 
v -0.022658 0.003175 -0.000766961 
v -0.0220947 0.003175 -0.000751023 
v -0.0228146 0.003175 0.00265409 
v -0.0228814 0.003175 0.0026528 
v -0.022596 0.003175 0.00263713 
v -0.0226447 0.003175 0.00264437 
v -0.0225223 0.003175 0.00262183 
v -0.0231127 0.003175 0.00262544 
v -0.022943 0.003175 0.0026492 
v -0.0227429 0.003175 0.00265258 
v -0.0227921 0.003175 0.00265352 
v -0.0225476 0.003175 0.00262782 
v -0.0230586 0.003175 0.00263543 
v -0.023 0.003175 0.00264362 
v -0.0226937 0.003175 0.00264952 
v -0.021073 0.003175 0.000152035 
v -0.0210657 0.003175 0.000201954 
v -0.0210818 0.003175 0.00010488 
v -0.021092 0.003175 6.0171e-05 
v -0.0211036 0.003175 1.76267e-05 
v -0.0211164 0.003175 -2.29976e-05 
v -0.0211304 0.003175 -6.19181e-05 
v -0.0211457 0.003175 -9.93265e-05 
v -0.0211621 0.003175 -0.000135393 
v -0.0211798 0.003175 -0.000170272 
v -0.0211987 0.003175 -0.000204099 
v -0.021219 0.003175 -0.000236998 
v -0.0214756 0.003175 -0.000503955 
v -0.0214387 0.003175 -0.000476042 
v -0.0212406 0.003175 -0.000269083 
v -0.0215187 0.003175 -0.000533914 
v -0.0212637 0.003175 -0.000300455 
v -0.0214062 0.003175 -0.000449572 
v -0.0212884 0.003175 -0.000331207 
v -0.0215635 0.003175 -0.000562383 
v -0.0213148 0.003175 -0.000361425 
v -0.0216103 0.003175 -0.00058941 
v -0.0213431 0.003175 -0.000391185 
v -0.0216593 0.003175 -0.000615023 
v -0.0213735 0.003175 -0.000420558 
v -0.0217107 0.003175 -0.000639224 
v -0.0207715 0.003175 0.00205485 
v -0.0210525 0.003175 0.00191915 
v -0.0210503 0.003175 0.00195456 
v -0.021765 0.003175 -0.00066199 
v -0.0210469 0.003175 0.00198987 
v -0.0210551 0.003175 0.00174594 
v -0.0210536 0.003175 0.00189013 
v -0.0220034 0.003175 0.00234261 
v -0.0218466 0.003175 0.0024744 
v -0.0218649 0.003175 0.00241996 
v -0.0218225 0.003175 -0.000683267 
v -0.021055 0.003175 0.000381274 
v -0.0218008 0.003175 0.00258957 
v -0.0222206 0.003175 0.00250135 
v -0.0222679 0.003175 0.00252724 
v -0.022044 0.003175 0.00237808 
v -0.0218231 0.003175 0.00253662 
v -0.0218836 0.003175 -0.000702968 
v -0.0222939 0.003175 0.00254093 
v -0.0221296 0.003175 0.00244355 
v -0.0221745 0.003175 0.00247344 
v -0.0220861 0.003175 0.00241174 
v -0.0219644 0.003175 0.00230542 
v -0.0219 0.003175 0.00228464 
v -0.0219074 0.003175 0.00224471 
v -0.021927 0.003175 0.00226657 
v -0.0219489 0.003175 -0.000720961 
v -0.021055 0.003175 0.000372142 
v -0.0224054 0.003175 0.0025876 
v -0.0224522 0.003175 0.00260303 
v -0.0218892 0.003175 0.0023331 
v -0.0218766 0.003175 0.00238109 
v -0.0220693 0.003175 -0.000746336 
v -0.022019 0.003175 -0.000737063 
v -0.0210565 0.003175 0.000311626 
v -0.0224996 0.003175 0.00261644 
v -0.022314 0.003175 0.00255081 
v -0.0223593 0.003175 0.00257018 
v -0.0207715 0.003175 0.00258957 
v -0.0210602 0.003175 0.000255009 
v -0.0210433 0.003175 0.00201868 
v -0.0430588 0.003175 0.00262183 
v -0.0357755 0.003175 0.00262183 
v -0.0317352 0.003175 0.00262183 
v -0.0266808 0.003175 0.00262183 
v -0.0484607 0.003175 0.00262183 
v -0.0317352 0.003175 -0.000746336 
v -0.0266808 0.003175 -0.000746336 
v -0.0484607 0.003175 -0.000746336 
v -0.0317352 0.003175 -0.000777154 
v -0.0484607 0.003175 -0.000777154 
v -0.0484607 0.003175 -0.00147804 
v -0.0430588 0.003175 -0.000777154 
v -0.0430588 0.003175 -0.00147804 
v -0.0389652 0.003175 -0.000777154 
v -0.0389652 0.003175 -0.00147804 
v -0.0357755 0.003175 -0.000777154 
v -0.0317352 0.003175 -0.00147804 
v -0.0266808 0.003175 -0.000777154 
v -0.0266808 0.003175 -0.00147804 
v -0.0240218 0.003175 -0.000777154 
v -0.0240218 0.003175 -0.00147804 
v -0.0357755 0.003175 -0.00147804 
v -0.0430588 0.003175 -0.000746336 
v -0.0389652 0.003175 -0.000746336 
v -0.0389652 0.003175 0.00262183 
v -0.0357755 0.003175 -0.000746336 
v -0.0240218 0.003175 0.00262183 
v -0.0240218 0.003175 -0.000746336 
v -0.0218231 0.004445 0.00253662 
v -0.0218466 0.004445 0.0024744 
v -0.0218008 0.004445 0.00258957 
v -0.0218649 0.004445 0.00241996 
v -0.0207715 0.004445 0.00258957 
v -0.0207715 0.004445 0.00205485 
v -0.0210433 0.004445 0.00201868 
v -0.0210525 0.004445 0.00191915 
v -0.0210503 0.004445 0.00195456 
v -0.0210536 0.004445 0.00189013 
v -0.0210469 0.004445 0.00198987 
v -0.0210551 0.004445 0.00174594 
v -0.021055 0.004445 0.000381274 
v -0.0214062 0.004445 -0.000449572 
v -0.0213735 0.004445 -0.000420558 
v -0.0213431 0.004445 -0.000391185 
v -0.0213148 0.004445 -0.000361425 
v -0.0212884 0.004445 -0.000331207 
v -0.0212637 0.004445 -0.000300455 
v -0.0212406 0.004445 -0.000269083 
v -0.021219 0.004445 -0.000236998 
v -0.0211987 0.004445 -0.000204099 
v -0.0211798 0.004445 -0.000170272 
v -0.0211621 0.004445 -0.000135393 
v -0.0211457 0.004445 -9.93265e-05 
v -0.0211304 0.004445 -6.19181e-05 
v -0.0211164 0.004445 -2.29976e-05 
v -0.0211036 0.004445 1.76267e-05 
v -0.021092 0.004445 6.0171e-05 
v -0.0210818 0.004445 0.00010488 
v -0.021073 0.004445 0.000152035 
v -0.0210657 0.004445 0.000201954 
v -0.0210602 0.004445 0.000255009 
v -0.0210565 0.004445 0.000311626 
v -0.021055 0.004445 0.000372142 
v -0.0214387 0.004445 -0.000476042 
v -0.0223425 0.004445 -0.000775323 
v -0.0222563 0.004445 -0.000770279 
v -0.0221766 0.004445 -0.000762476 
v -0.022019 0.004445 -0.000737063 
v -0.0220947 0.004445 -0.000751023 
v -0.0219489 0.004445 -0.000720961 
v -0.0218836 0.004445 -0.000702968 
v -0.0218225 0.004445 -0.000683267 
v -0.021765 0.004445 -0.00066199 
v -0.0217107 0.004445 -0.000639224 
v -0.0216593 0.004445 -0.000615023 
v -0.0216103 0.004445 -0.00058941 
v -0.0215635 0.004445 -0.000562383 
v -0.0215187 0.004445 -0.000533914 
v -0.0214756 0.004445 -0.000503955 
v -0.0224363 0.004445 -0.000777129 
v -0.023077 0.004445 -0.000680679 
v -0.0229948 0.004445 -0.000704966 
v -0.0229117 0.004445 -0.000725772 
v -0.0228277 0.004445 -0.000743059 
v -0.0227431 0.004445 -0.000756797 
v -0.022658 0.004445 -0.000766961 
v -0.0225726 0.004445 -0.000773534 
v -0.0224869 0.004445 -0.000776505 
v -0.023125 0.004445 -0.000664258 
v -0.023629 0.004445 -0.00042296 
v -0.0235444 0.004445 -0.000473459 
v -0.0234579 0.004445 -0.00052058 
v -0.0233695 0.004445 -0.000564248 
v -0.0232795 0.004445 -0.000604395 
v -0.023188 0.004445 -0.00064096 
v -0.0236856 0.004445 -0.000386631 
v -0.0236885 0.004445 0.00034706 
v -0.0230169 0.004445 0.00034706 
v -0.0229582 0.004445 -7.43154e-06 
v -0.0227837 0.004445 -8.54809e-05 
v -0.0228113 0.004445 -7.67255e-05 
v -0.0228384 0.004445 -6.68769e-05 
v -0.0228651 0.004445 -5.59508e-05 
v -0.0228914 0.004445 -4.39648e-05 
v -0.0229172 0.004445 -3.0938e-05 
v -0.0227662 0.004445 -9.08587e-05 
v -0.0229424 0.004445 -1.68912e-05 
v -0.022518 0.004445 -0.000125829 
v -0.0225559 0.004445 -0.000124779 
v -0.0225937 0.004445 -0.000122242 
v -0.0226313 0.004445 -0.000118224 
v -0.0226688 0.004445 -0.000112729 
v -0.022706 0.004445 -0.000105768 
v -0.0224939 0.004445 -0.000126077 
v -0.022743 0.004445 -9.73497e-05 
v -0.0221003 0.004445 -6.06606e-06 
v -0.0221256 0.004445 -2.65071e-05 
v -0.0221392 0.004445 -3.612e-05 
v -0.0221534 0.004445 -4.53539e-05 
v -0.0221683 0.004445 -5.42214e-05 
v -0.0221841 0.004445 -6.27285e-05 
v -0.0222008 0.004445 -7.08748e-05 
v -0.0222184 0.004445 -7.86529e-05 
v -0.0222373 0.004445 -8.60469e-05 
v -0.022279 0.004445 -9.95719e-05 
v -0.0223023 0.004445 -0.000105617 
v -0.0223275 0.004445 -0.000111103 
v -0.0223548 0.004445 -0.000115942 
v -0.0223846 0.004445 -0.000120024 
v -0.0224174 0.004445 -0.000123207 
v -0.0224535 0.004445 -0.000125304 
v -0.0222574 0.004445 -9.3032e-05 
v -0.0221127 0.004445 -1.64971e-05 
v -0.0220878 0.004445 5.40393e-06 
v -0.021951 0.004445 0.000343686 
v -0.0219527 0.004445 0.000315418 
v -0.0219552 0.004445 0.000289313 
v -0.021959 0.004445 0.000262489 
v -0.0219635 0.004445 0.000237728 
v -0.0219688 0.004445 0.00021481 
v -0.0219747 0.004445 0.000193483 
v -0.0219811 0.004445 0.000173536 
v -0.021988 0.004445 0.000154792 
v -0.0219955 0.004445 0.000137103 
v -0.0220034 0.004445 0.000120341 
v -0.0220117 0.004445 0.000104397 
v -0.0220205 0.004445 8.91795e-05 
v -0.0220297 0.004445 7.46064e-05 
v -0.0220395 0.004445 6.06081e-05 
v -0.0220497 0.004445 4.71237e-05 
v -0.0220605 0.004445 3.41003e-05 
v -0.0220718 0.004445 2.1492e-05 
v -0.0220838 0.004445 9.25897e-06 
v -0.0219504 0.004445 0.000374431 
v -0.0219504 0.004445 0.00069898 
v -0.0224059 0.004445 0.00069898 
v -0.0234623 0.004445 0.000928161 
v -0.0234249 0.004445 0.000906112 
v -0.0233847 0.004445 0.000884478 
v -0.0233412 0.004445 0.0008633 
v -0.0232941 0.004445 0.000842615 
v -0.0232428 0.004445 0.000822482 
v -0.0231867 0.004445 0.000802987 
v -0.0231251 0.004445 0.000784254 
v -0.0230572 0.004445 0.000766451 
v -0.0228977 0.004445 0.000734624 
v -0.0228032 0.004445 0.000721313 
v -0.0226965 0.004445 0.000710421 
v -0.0225751 0.004445 0.000702682 
v -0.0224284 0.004445 0.000699041 
v -0.0229818 0.004445 0.000749806 
v -0.0234993 0.004445 0.000952166 
v -0.0238714 0.004445 0.00162586 
v -0.0238643 0.004445 0.00153804 
v -0.0238584 0.004445 0.00149817 
v -0.0238511 0.004445 0.00146055 
v -0.0238427 0.004445 0.0014249 
v -0.0238331 0.004445 0.00139096 
v -0.0238225 0.004445 0.00135851 
v -0.0238108 0.004445 0.00132738 
v -0.0237843 0.004445 0.00126841 
v -0.0237695 0.004445 0.00124031 
v -0.0237536 0.004445 0.00121297 
v -0.0237366 0.004445 0.00118631 
v -0.0237184 0.004445 0.00116021 
v -0.0236989 0.004445 0.00113462 
v -0.023678 0.004445 0.00110945 
v -0.0236557 0.004445 0.00108463 
v -0.0236318 0.004445 0.00106011 
v -0.0236061 0.004445 0.00103583 
v -0.0235785 0.004445 0.00101175 
v -0.0235487 0.004445 0.000987823 
v -0.0235164 0.004445 0.000964013 
v -0.023798 0.004445 0.00129739 
v -0.0238687 0.004445 0.0015805 
v -0.0238723 0.004445 0.00166969 
v -0.0236117 0.004445 0.00236532 
v -0.0236371 0.004445 0.00233876 
v -0.0236609 0.004445 0.00231176 
v -0.0236831 0.004445 0.00228428 
v -0.0237039 0.004445 0.00225624 
v -0.0237234 0.004445 0.00222757 
v -0.0237417 0.004445 0.00219817 
v -0.0237747 0.004445 0.00213676 
v -0.0238033 0.004445 0.00207109 
v -0.023816 0.004445 0.0020363 
v -0.0238276 0.004445 0.00199999 
v -0.0238381 0.004445 0.00196197 
v -0.0238474 0.004445 0.001922 
v -0.0238554 0.004445 0.00187986 
v -0.023862 0.004445 0.00183524 
v -0.0238672 0.004445 0.00178783 
v -0.0238707 0.004445 0.00173723 
v -0.0238722 0.004445 0.00168303 
v -0.0237895 0.004445 0.00210453 
v -0.0237587 0.004445 0.00216794 
v -0.0235863 0.004445 0.00238966 
v -0.0228814 0.004445 0.0026528 
v -0.022943 0.004445 0.0026492 
v -0.0230586 0.004445 0.00263543 
v -0.0231127 0.004445 0.00262544 
v -0.023163 0.004445 0.00261391 
v -0.0232098 0.004445 0.00260101 
v -0.0232536 0.004445 0.00258688 
v -0.0232949 0.004445 0.0025716 
v -0.0233339 0.004445 0.00255525 
v -0.0233709 0.004445 0.00253785 
v -0.0234062 0.004445 0.00251942 
v -0.0234399 0.004445 0.00249996 
v -0.0234722 0.004445 0.00247944 
v -0.0235033 0.004445 0.00245784 
v -0.0235333 0.004445 0.0024351 
v -0.0235623 0.004445 0.00241115 
v -0.023 0.004445 0.00264362 
v -0.0228146 0.004445 0.00265409 
v -0.022314 0.004445 0.00255081 
v -0.0223593 0.004445 0.00257018 
v -0.0224054 0.004445 0.0025876 
v -0.0224522 0.004445 0.00260303 
v -0.0224996 0.004445 0.00261644 
v -0.0225476 0.004445 0.00262782 
v -0.022596 0.004445 0.00263713 
v -0.0226447 0.004445 0.00264437 
v -0.0226937 0.004445 0.00264952 
v -0.0227429 0.004445 0.00265258 
v -0.0227921 0.004445 0.00265352 
v -0.0222939 0.004445 0.00254093 
v -0.021927 0.004445 0.00226657 
v -0.0219644 0.004445 0.00230542 
v -0.0220034 0.004445 0.00234261 
v -0.022044 0.004445 0.00237808 
v -0.0220861 0.004445 0.00241174 
v -0.0221296 0.004445 0.00244355 
v -0.0221745 0.004445 0.00247344 
v -0.0222206 0.004445 0.00250135 
v -0.0222679 0.004445 0.00252724 
v -0.0219074 0.004445 0.00224471 
v -0.0218766 0.004445 0.00238109 
v -0.0218892 0.004445 0.0023331 
v -0.0219 0.004445 0.00228464 
v -0.0260444 0.004445 0.00196296 
v -0.0264716 0.004445 0.00205485 
v -0.0249415 0.004445 0.000131112 
v -0.0251495 0.004445 -0.000283587 
v -0.0251734 0.004445 -0.000233608 
v -0.0249239 0.004445 0.000122067 
v -0.0251256 0.004445 -0.000329099 
v -0.0249617 0.004445 0.000142614 
v -0.0249569 0.004445 0.000139818 
v -0.0250118 0.004445 0.00017766 
v -0.0249956 0.004445 0.000165281 
v -0.0250711 0.004445 0.000233624 
v -0.0250572 0.004445 0.000218713 
v -0.0251202 0.004445 0.00029869 
v -0.025109 0.004445 0.000281666 
v -0.0249789 0.004445 0.000153592 
v -0.0250275 0.004445 0.000190707 
v -0.0250844 0.004445 0.000249104 
v -0.0251308 0.004445 0.000316171 
v -0.0246328 0.004445 6.35685e-05 
v -0.0246743 0.004445 -0.000741724 
v -0.0247005 0.004445 -0.000732247 
v -0.0250426 0.004445 0.000204399 
v -0.025097 0.004445 0.000265128 
v -0.0246477 0.004445 -0.000750097 
v -0.0246701 0.004445 6.42845e-05 
v -0.0247263 0.004445 -0.00072168 
v -0.0247516 0.004445 -0.000710044 
v -0.0247039 0.004445 6.62621e-05 
v -0.0248007 0.004445 -0.000683646 
v -0.0248244 0.004445 -0.00066893 
v -0.0251405 0.004445 0.000334076 
v -0.0242662 0.004445 7.23665e-05 
v -0.0244165 0.004445 -0.000776505 
v -0.02445 0.004445 -0.000776951 
v -0.0246208 0.004445 -0.00075735 
v -0.0247765 0.004445 -0.000697359 
v -0.0251519 0.004445 0.000357431 
v -0.0251496 0.004445 0.000352376 
v -0.0245386 0.004445 -0.000772275 
v -0.0245662 0.004445 -0.000768449 
v -0.0243755 0.004445 -0.000774286 
v -0.0242003 0.004445 -0.000747721 
v -0.0242359 0.004445 -0.000755636 
v -0.0247349 0.004445 6.92871e-05 
v -0.0248698 0.004445 -0.000636593 
v -0.0248738 0.004445 -0.000633429 
v -0.0248475 0.004445 -0.000653236 
v -0.0249053 0.004445 0.000113449 
v -0.0250989 0.004445 -0.000375056 
v -0.0245936 0.004445 -0.000763471 
v -0.024483 0.004445 -0.000776447 
v -0.0245108 0.004445 -0.000774942 
v -0.0243347 0.004445 -0.000770533 
v -0.0241714 0.004445 -0.000740153 
v -0.0247633 0.004445 7.31934e-05 
v -0.0248842 0.004445 -0.000625089 
v -0.0249116 0.004445 -0.000601977 
v -0.0248854 0.004445 0.000105275 
v -0.0250722 0.004445 -0.00041674 
v -0.0244551 0.004445 -0.000776785 
v -0.0243014 0.004445 -0.000766303 
v -0.0242719 0.004445 -0.000762072 
v -0.0247895 0.004445 7.78515e-05 
v -0.0249386 0.004445 -0.000577054 
v -0.0249655 0.004445 -0.00055012 
v -0.0248641 0.004445 9.75729e-05 
v -0.0250455 0.004445 -0.000454628 
v -0.0251519 0.004445 0.00196296 
v -0.0260444 0.004445 -8.69751e-05 
v -0.0248164 0.004445 8.37793e-05 
v -0.0249922 0.004445 -0.000520938 
v -0.0250189 0.004445 -0.000489222 
v -0.0248412 0.004445 9.0387e-05 
v -0.0247247 0.004445 0.00258957 
v -0.0247247 0.004445 0.00205485 
v -0.0264716 0.004445 0.00258957 
v -0.0252135 0.004445 -0.000715543 
v -0.0265175 0.004445 -0.000715543 
v -0.0265175 0.004445 -0.000177888 
v -0.0271774 0.004445 -0.000135853 
v -0.026844 0.004445 -0.000177888 
v -0.0295353 0.004445 -0.000715543 
v -0.0292459 0.004445 0.000621753 
v -0.0292273 0.004445 0.000621753 
v -0.0283133 0.004445 0.00140771 
v -0.028937 0.004445 -0.000715543 
v -0.0301531 0.004445 0.00140086 
v -0.0298598 0.004445 0.00258957 
v -0.0301707 0.004445 0.00140086 
v -0.0286134 0.004445 0.00258957 
v -0.0278675 0.004445 0.00258957 
v -0.0282957 0.004445 0.00140771 
v -0.0312949 0.004445 -0.000135853 
v -0.0306018 0.004445 0.00258957 
v -0.0316282 0.004445 -0.000715543 
v -0.0316282 0.004445 -0.000177888 
v -0.0304825 0.004445 -0.000111414 
v -0.026844 0.004445 -0.000715543 
v -0.0279868 0.004445 -0.000107504 
v -0.0283417 0.004445 -0.000715543 
v -0.0283417 0.004445 -0.000177888 
v -0.0301316 0.004445 -0.000715543 
v -0.0301316 0.004445 -0.000177888 
v -0.0351503 0.004445 0.00196296 
v -0.0355814 0.004445 0.00205485 
v -0.033655 0.004445 -8.17503e-05 
v -0.0336378 0.004445 -0.000746252 
v -0.0336774 0.004445 -0.000735395 
v -0.0335978 0.004445 -0.000755482 
v -0.0336873 0.004445 -8.29328e-05 
v -0.0337166 0.004445 -0.000722928 
v -0.0337166 0.004445 -8.26504e-05 
v -0.0337552 0.004445 -0.000708873 
v -0.0337026 0.004445 -8.30648e-05 
v -0.0337473 0.004445 -8.22398e-05 
v -0.0336253 0.004445 -7.94966e-05 
v -0.0335575 0.004445 -0.00076307 
v -0.0335725 0.004445 -7.23643e-05 
v -0.033476 0.004445 -0.000773269 
v -0.0335168 0.004445 -0.000769002 
v -0.0335979 0.004445 -7.63272e-05 
v -0.033435 0.004445 -0.000775864 
v -0.0335268 0.004445 -6.24201e-05 
v -0.033379 0.004445 -0.000777129 
v -0.0333939 0.004445 -0.000776782 
v -0.0335489 0.004445 -6.77037e-05 
v -0.0333199 0.004445 -0.000775986 
v -0.033506 0.004445 -5.65706e-05 
v -0.0332589 0.004445 -0.000772283 
v -0.0334679 0.004445 -4.33331e-05 
v -0.0332024 0.004445 -0.000766375 
v -0.0334503 0.004445 -3.59961e-05 
v -0.0331499 0.004445 -0.000758573 
v -0.0334864 0.004445 -5.01981e-05 
v -0.033162 0.004445 0.00196296 
v -0.0322705 0.004445 0.00196296 
v -0.0322705 0.004445 0.000628596 
v -0.0322723 0.004445 0.000515917 
v -0.0331634 0.004445 0.000544892 
v -0.033162 0.004445 0.000621753 
v -0.0334176 0.004445 -1.99418e-05 
v -0.0330548 0.004445 -0.000738152 
v -0.0331008 0.004445 -0.000749108 
v -0.0334335 0.004445 -2.8198e-05 
v -0.0322782 0.004445 0.000405863 
v -0.0331672 0.004445 0.000480507 
v -0.0330114 0.004445 -0.000725835 
v -0.0337779 0.004445 -8.05618e-05 
v -0.033867 0.004445 -0.000657425 
v -0.0338801 0.004445 -0.000650169 
v -0.0338085 0.004445 -7.76189e-05 
v -0.0338991 0.004445 -0.00063924 
v -0.0339401 0.004445 -0.000613634 
v -0.0322871 0.004445 0.000308549 
v -0.0331724 0.004445 0.000425852 
v -0.0334022 0.004445 -1.12227e-05 
v -0.0329702 0.004445 -0.000712248 
v -0.0338304 0.004445 -0.000676094 
v -0.0338692 0.004445 -6.79614e-05 
v -0.03398 0.004445 -0.00058629 
v -0.0340186 0.004445 -0.00055726 
v -0.0338992 0.004445 -6.12631e-05 
v -0.0340559 0.004445 -0.000526596 
v -0.0339289 0.004445 -5.3333e-05 
v -0.0340919 0.004445 -0.000494355 
v -0.0339582 0.004445 -4.41847e-05 
v -0.0341265 0.004445 -0.000460597 
v -0.0322984 0.004445 0.000221914 
v -0.0331788 0.004445 0.000378961 
v -0.0333875 0.004445 -2.0288e-06 
v -0.0329311 0.004445 -0.000697454 
v -0.033839 0.004445 -7.34164e-05 
v -0.0339871 0.004445 -3.38335e-05 
v -0.0323116 0.004445 0.000144296 
v -0.033186 0.004445 0.000338345 
v -0.0333734 0.004445 7.65904e-06 
v -0.0328937 0.004445 -0.000681489 
v -0.0337931 0.004445 -0.000693253 
v -0.0341596 0.004445 -0.000425384 
v -0.0341912 0.004445 -0.000388782 
v -0.0323262 0.004445 7.43512e-05 
v -0.0331937 0.004445 0.000302858 
v -0.0323422 0.004445 1.09773e-05 
v -0.0332018 0.004445 0.000271611 
v -0.0333597 0.004445 1.78671e-05 
v -0.0328579 0.004445 -0.000664369 
v -0.0340156 0.004445 -2.22974e-05 
v -0.0323591 0.004445 -4.67338e-05 
v -0.0332101 0.004445 0.0002439 
v -0.0328235 0.004445 -0.000646089 
v -0.0323769 0.004445 -9.95365e-05 
v -0.0332186 0.004445 0.000219165 
v -0.0332828 0.004445 9.63057e-05 
v -0.0325812 0.004445 -0.000451767 
v -0.0326092 0.004445 -0.000481603 
v -0.0332926 0.004445 8.36327e-05 
v -0.0326376 0.004445 -0.000509599 
v -0.0332979 0.004445 7.72543e-05 
v -0.0326667 0.004445 -0.00053591 
v -0.0333464 0.004445 2.86293e-05 
v -0.0327902 0.004445 -0.000626627 
v -0.0340282 0.004445 -1.63721e-05 
v -0.0342211 0.004445 -0.000350857 
v -0.0340394 0.004445 -1.05053e-05 
v -0.0342494 0.004445 -0.000311681 
v -0.0323954 0.004445 -0.000148062 
v -0.0332272 0.004445 0.000196956 
v -0.0325652 0.004445 -0.000433518 
v -0.0333089 0.004445 6.46984e-05 
v -0.0333211 0.004445 5.19925e-05 
v -0.0327268 0.004445 -0.000583981 
v -0.032758 0.004445 -0.000605943 
v -0.0333336 0.004445 3.99875e-05 
v -0.034064 0.004445 2.52473e-06 
v -0.0342617 0.004445 -0.000294217 
v -0.0324145 0.004445 -0.00019284 
v -0.0332359 0.004445 0.000176905 
v -0.0326963 0.004445 -0.000560667 
v -0.034088 0.004445 1.65967e-05 
v -0.0341341 0.004445 4.77611e-05 
v -0.0341114 0.004445 3.16848e-05 
v -0.0324343 0.004445 -0.000234321 
v -0.0332446 0.004445 0.000158713 
v -0.0324545 0.004445 -0.000272886 
v -0.0324753 0.004445 -0.000308862 
v -0.0332534 0.004445 0.000142132 
v -0.0342173 0.004445 0.000121331 
v -0.0341977 0.004445 0.000101615 
v -0.0325185 0.004445 -0.000374122 
v -0.0325408 0.004445 -0.000403841 
v -0.033273 0.004445 0.000110163 
v -0.034156 0.004445 6.4796e-05 
v -0.0341773 0.004445 8.27583e-05 
v -0.0342617 0.004445 0.000173137 
v -0.0342539 0.004445 0.000163195 
v -0.0324966 0.004445 -0.000342527 
v -0.0332632 0.004445 0.000125382 
v -0.0342361 0.004445 0.00014187 
v -0.0342617 0.004445 0.00196296 
v -0.0355814 0.004445 0.00258957 
v -0.0338766 0.004445 0.00258957 
v -0.0338766 0.004445 0.00205485 
v -0.0335471 0.004445 0.00258957 
v -0.0351503 0.004445 -0.00154647 
v -0.0356274 0.004445 -0.00217601 
v -0.0356274 0.004445 -0.00163836 
v -0.0318423 0.004445 0.00258957 
v -0.0318423 0.004445 0.00205485 
v -0.0342617 0.004445 -0.00217601 
v -0.0335471 0.004445 0.00205485 
v -0.0372468 0.004445 0.00196921 
v -0.0372182 0.004445 0.00196754 
v -0.0371888 0.004445 0.00196459 
v -0.0371615 0.004445 0.00196066 
v -0.0371361 0.004445 0.00195586 
v -0.0371123 0.004445 0.00195031 
v -0.0370689 0.004445 0.0019372 
v -0.0370489 0.004445 0.00192972 
v -0.0370299 0.004445 0.00192167 
v -0.0370117 0.004445 0.00191306 
v -0.0369942 0.004445 0.00190387 
v -0.0369774 0.004445 0.00189412 
v -0.0369612 0.004445 0.00188378 
v -0.0369455 0.004445 0.00187282 
v -0.0369302 0.004445 0.00186121 
v -0.0369154 0.004445 0.00184892 
v -0.0369009 0.004445 0.00183588 
v -0.0368953 0.004445 0.0018305 
v -0.03709 0.004445 0.00194407 
v -0.0372775 0.004445 0.0019698 
v -0.0388153 0.004445 0.00079654 
v -0.0388171 0.004445 0.000894491 
v -0.0379246 0.004445 0.000894491 
v -0.0379246 0.004445 0.000985403 
v -0.0388167 0.004445 0.00103258 
v -0.038813 0.004445 0.00113146 
v -0.0379227 0.004445 0.00108479 
v -0.0388171 0.004445 0.000985403 
v -0.0387993 0.004445 0.000601491 
v -0.0379186 0.004445 0.000730059 
v -0.0379118 0.004445 0.000658217 
v -0.0388091 0.004445 0.000695419 
v -0.0379231 0.004445 0.000809462 
v -0.0387863 0.004445 0.000514004 
v -0.0388059 0.004445 0.00122387 
v -0.037903 0.004445 0.000592856 
v -0.0379177 0.004445 0.00117207 
v -0.0387957 0.004445 0.00131058 
v -0.0387828 0.004445 0.00139229 
v -0.0379101 0.004445 0.00124931 
v -0.0372775 0.004445 0.00265409 
v -0.03731 0.004445 0.00196923 
v -0.0372354 0.004445 0.00265364 
v -0.0367518 0.004445 0.0014782 
v -0.0359363 0.004445 0.00147711 
v -0.0359451 0.004445 0.00145952 
v -0.035936 0.004445 0.00152563 
v -0.036753 0.004445 0.00150544 
v -0.0387673 0.004445 0.00146958 
v -0.0379007 0.004445 0.00131816 
v -0.0373651 0.004445 0.0026524 
v -0.0371617 0.004445 0.00265058 
v -0.0359378 0.004445 0.00157611 
v -0.0367552 0.004445 0.00153097 
v -0.0367516 0.004445 0.00145952 
v -0.0387496 0.004445 0.00154296 
v -0.0374462 0.004445 0.00264766 
v -0.0373431 0.004445 0.00196742 
v -0.0359415 0.004445 0.00162416 
v -0.0367582 0.004445 0.001555 
v -0.0378898 0.004445 0.00137995 
v -0.0387297 0.004445 0.00161288 
v -0.0378776 0.004445 0.00143575 
v -0.0387076 0.004445 0.00167972 
v -0.0386836 0.004445 0.00174384 
v -0.0373737 0.004445 0.00196453 
v -0.0374021 0.004445 0.00196071 
v -0.0359631 0.004445 0.00175637 
v -0.036762 0.004445 0.00157771 
v -0.0367665 0.004445 0.00159924 
v -0.0359543 0.004445 0.00171402 
v -0.0359471 0.004445 0.00167003 
v -0.0359735 0.004445 0.0017973 
v -0.0377611 0.004445 0.000172286 
v -0.0377487 0.004445 0.000152505 
v -0.0384113 0.004445 -0.000300449 
v -0.0377687 0.004445 0.000185274 
v -0.0384517 0.004445 -0.000251814 
v -0.0378645 0.004445 0.00148641 
v -0.0386575 0.004445 0.00180553 
v -0.0376065 0.004445 0.00262821 
v -0.0375295 0.004445 0.00263931 
v -0.0374285 0.004445 0.00195607 
v -0.0367716 0.004445 0.00161974 
v -0.037736 0.004445 0.000133913 
v -0.0383705 0.004445 -0.00034556 
v -0.0384915 0.004445 -0.000199841 
v -0.0377882 0.004445 0.000221421 
v -0.0378505 0.004445 0.00153266 
v -0.0386294 0.004445 0.00186508 
v -0.0374533 0.004445 0.00195071 
v -0.0374766 0.004445 0.00194469 
v -0.0367774 0.004445 0.00163932 
v -0.0367837 0.004445 0.00165808 
v -0.0360296 0.004445 0.00195047 
v -0.0359986 0.004445 0.00187568 
v -0.0384061 0.004445 -0.000306436 
v -0.0385289 0.004445 -0.000146547 
v -0.0387705 0.004445 0.000432086 
v -0.0378925 0.004445 0.000533084 
v -0.0378359 0.004445 0.00157508 
v -0.0376777 0.004445 0.00261474 
v -0.0374985 0.004445 0.00193806 
v -0.0363982 0.004445 0.00238573 
v -0.0360133 0.004445 0.00191345 
v -0.0359853 0.004445 0.00183701 
v -0.0377229 0.004445 0.000116392 
v -0.0383316 0.004445 -0.000385048 
v -0.0378806 0.004445 0.000478157 
v -0.0387316 0.004445 0.000282124 
v -0.0364438 0.004445 0.00241786 
v -0.0363532 0.004445 0.00235108 
v -0.0368821 0.004445 0.00181726 
v -0.0368689 0.004445 0.00180283 
v -0.0367907 0.004445 0.00167612 
v -0.0360475 0.004445 0.00198688 
v -0.0377094 0.004445 9.9839e-05 
v -0.0382919 0.004445 -0.000422122 
v -0.0378676 0.004445 0.000427454 
v -0.0387087 0.004445 0.000212929 
v -0.0387522 0.004445 0.000355 
v -0.0376025 0.004445 0.00189115 
v -0.0379718 0.004445 0.00251997 
v -0.0379196 0.004445 0.00254212 
v -0.037539 0.004445 0.00192311 
v -0.0378061 0.004445 0.00258183 
v -0.037744 0.004445 0.00259921 
v -0.0363117 0.004445 0.00231635 
v -0.0367982 0.004445 0.00169352 
v -0.0360669 0.004445 0.00202279 
v -0.0376956 0.004445 8.41657e-05 
v -0.0382513 0.004445 -0.000456972 
v -0.0378534 0.004445 0.000380447 
v -0.0378384 0.004445 0.000336692 
v -0.038628 0.004445 2.31918e-05 
v -0.0386838 0.004445 0.000146961 
v -0.0375758 0.004445 0.00190601 
v -0.0375857 0.004445 0.00190078 
v -0.0378645 0.004445 0.00256277 
v -0.0375578 0.004445 0.00191483 
v -0.0375193 0.004445 0.00193086 
v -0.03649 0.004445 0.00244763 
v -0.0362984 0.004445 0.00230462 
v -0.0368063 0.004445 0.00171036 
v -0.0368151 0.004445 0.0017267 
v -0.0361362 0.004445 0.00212864 
v -0.0360881 0.004445 0.00205832 
v -0.0376813 0.004445 6.92959e-05 
v -0.0382096 0.004445 -0.000489776 
v -0.0386569 0.004445 8.38291e-05 
v -0.0365371 0.004445 0.00247522 
v -0.0361112 0.004445 0.00209357 
v -0.0376666 0.004445 5.5164e-05 
v -0.0381668 0.004445 -0.000520684 
v -0.0378224 0.004445 0.000295809 
v -0.038597 0.004445 -3.52476e-05 
v -0.0376187 0.004445 0.00188096 
v -0.0380216 0.004445 0.00249635 
v -0.0368244 0.004445 0.0017426 
v -0.0361634 0.004445 0.00216363 
v -0.0376514 0.004445 4.17143e-05 
v -0.0381228 0.004445 -0.000549816 
v -0.0378057 0.004445 0.00025747 
v -0.038564 0.004445 -9.17504e-05 
v -0.0376344 0.004445 0.00187021 
v -0.0380691 0.004445 0.00247128 
v -0.036585 0.004445 0.00250075 
v -0.0368344 0.004445 0.00175811 
v -0.0361929 0.004445 0.00219864 
v -0.0376356 0.004445 2.88999e-05 
v -0.0380773 0.004445 -0.000577265 
v -0.0370921 0.004445 0.0026449 
v -0.0366341 0.004445 0.00252432 
v -0.0368452 0.004445 0.00177329 
v -0.0362251 0.004445 0.00223375 
v -0.0376192 0.004445 1.66824e-05 
v -0.0380302 0.004445 -0.000603104 
v -0.0385993 0.004445 0.00192273 
v -0.0376495 0.004445 0.00185885 
v -0.0381147 0.004445 0.00244474 
v -0.0366845 0.004445 0.002546 
v -0.0368566 0.004445 0.00178819 
v -0.0362601 0.004445 0.00226905 
v -0.037819 0.004445 0.00161826 
v -0.0376642 0.004445 0.00184684 
v -0.0381586 0.004445 0.0024167 
v -0.0367364 0.004445 0.00256583 
v -0.0372345 0.004445 -0.000777129 
v -0.0372208 0.004445 -8.9693e-05 
v -0.0371958 0.004445 -8.91057e-05 
v -0.0375657 0.004445 -1.664e-05 
v -0.0375486 0.004445 -2.54437e-05 
v -0.0378771 0.004445 -0.000671305 
v -0.0375844 0.004445 -6.07557e-06 
v -0.0379303 0.004445 -0.000650112 
v -0.0376785 0.004445 0.00183413 
v -0.0382008 0.004445 0.0023871 
v -0.0372345 0.004445 -8.99077e-05 
v -0.0373266 0.004445 -0.000775353 
v -0.0372733 0.004445 -8.91602e-05 
v -0.037528 0.004445 -3.50367e-05 
v -0.0378214 0.004445 -0.000690932 
v -0.0379813 0.004445 -0.000627378 
v -0.0376022 0.004445 5.03136e-06 
v -0.0376925 0.004445 0.00182067 
v -0.0382417 0.004445 0.00235586 
v -0.0367899 0.004445 0.00258383 
v -0.0377061 0.004445 0.00180637 
v -0.0382814 0.004445 0.00232287 
v -0.0368454 0.004445 0.00259998 
v -0.0369426 0.004445 -0.000759998 
v -0.0370393 0.004445 -0.000769677 
v -0.0371212 0.004445 -8.12247e-05 
v -0.0371332 0.004445 -0.000775174 
v -0.0371709 0.004445 -8.74964e-05 
v -0.0373089 0.004445 -8.70815e-05 
v -0.0374122 0.004445 -0.000770333 
v -0.0373416 0.004445 -8.38795e-05 
v -0.0375062 0.004445 -4.40889e-05 
v -0.0377628 0.004445 -0.000708938 
v -0.0377809 0.004445 0.00169902 
v -0.0384956 0.004445 0.00208638 
v -0.0384562 0.004445 0.00213843 
v -0.0377194 0.004445 0.00179116 
v -0.03832 0.004445 0.00228803 
v -0.0368465 0.004445 4.46062e-05 
v -0.0363335 0.004445 -0.00057719 
v -0.0363852 0.004445 -0.000602976 
v -0.0362335 0.004445 -0.000519392 
v -0.0362829 0.004445 -0.000549313 
v -0.0370244 0.004445 -5.66502e-05 
v -0.0367699 0.004445 -0.000731378 
v -0.0368531 0.004445 -0.00074708 
v -0.0370723 0.004445 -7.09196e-05 
v -0.0370967 0.004445 -7.65726e-05 
v -0.037146 0.004445 -8.4868e-05 
v -0.0374917 0.004445 -0.000762504 
v -0.0373719 0.004445 -7.97168e-05 
v -0.037483 0.004445 -5.25745e-05 
v -0.037701 0.004445 -0.00072524 
v -0.0378015 0.004445 0.00165779 
v -0.0385325 0.004445 0.00203319 
v -0.03777 0.004445 0.00171879 
v -0.0377324 0.004445 0.00177492 
v -0.0383575 0.004445 0.00225116 
v -0.036903 0.004445 0.00261425 
v -0.0368951 0.004445 8.07812e-06 
v -0.0364916 0.004445 -0.000648107 
v -0.036516 0.004445 -0.000657867 
v -0.0370482 0.004445 -6.42751e-05 
v -0.0374582 0.004445 -6.04528e-05 
v -0.038567 0.004445 0.0019787 
v -0.0377853 0.004445 0.00169078 
v -0.0384168 0.004445 0.00218633 
v -0.0377452 0.004445 0.00175754 
v -0.0383942 0.004445 0.00221211 
v -0.0361853 0.004445 -0.000487476 
v -0.0360931 0.004445 -0.000417878 
v -0.0361385 0.004445 -0.000453619 
v -0.0364379 0.004445 -0.000626628 
v -0.0369149 0.004445 -4.57397e-06 
v -0.0365506 0.004445 -0.000670416 
v -0.0369987 0.004445 -4.65761e-05 
v -0.0366922 0.004445 -0.000713215 
v -0.0376355 0.004445 -0.000739717 
v -0.0374316 0.004445 -6.76648e-05 
v -0.0377577 0.004445 0.00173888 
v -0.037026 0.004445 0.00263684 
v -0.0369631 0.004445 0.00262657 
v -0.0368759 0.004445 2.15485e-05 
v -0.0369352 0.004445 -1.63855e-05 
v -0.0366193 0.004445 -0.000692836 
v -0.0369559 0.004445 -2.73356e-05 
v -0.0370116 0.004445 -5.18243e-05 
v -0.037566 0.004445 -0.000752209 
v -0.0374029 0.004445 -7.41281e-05 
v -0.0368572 0.004445 3.58135e-05 
v -0.0369771 0.004445 -3.7405e-05 
v -0.0366998 0.004445 0.000561144 
v -0.0360492 0.004445 -0.000380311 
v -0.0360068 0.004445 -0.000340983 
v -0.0359754 0.004445 0.000561144 
v -0.0359881 0.004445 -0.000322542 
v -0.0424224 0.004445 0.00196296 
v -0.0428496 0.004445 0.00205485 
v -0.0409055 0.004445 -8.05208e-05 
v -0.040884 0.004445 -0.000743134 
v -0.0409267 0.004445 -0.000731105 
v -0.0408407 0.004445 -0.000753349 
v -0.0409409 0.004445 -8.24452e-05 
v -0.0409689 0.004445 -0.000717283 
v -0.0408734 0.004445 -7.75206e-05 
v -0.0407971 0.004445 -0.000761732 
v -0.0409766 0.004445 -8.30648e-05 
v -0.0408174 0.004445 -6.89807e-05 
v -0.040709 0.004445 -0.000772944 
v -0.0407532 0.004445 -0.000768267 
v -0.0408442 0.004445 -7.36267e-05 
v -0.0406647 0.004445 -0.000775754 
v -0.0407699 0.004445 -5.78462e-05 
v -0.0406041 0.004445 -0.000777129 
v -0.0406203 0.004445 -0.000776692 
v -0.0407927 0.004445 -6.36922e-05 
v -0.0405443 0.004445 -0.000775974 
v -0.0407289 0.004445 -4.47255e-05 
v -0.0404888 0.004445 -0.000772727 
v -0.0407103 0.004445 -3.75357e-05 
v -0.0404317 0.004445 -0.000767008 
v -0.0407486 0.004445 -5.15076e-05 
v -0.0406929 0.004445 -2.99632e-05 
v -0.0403788 0.004445 -0.000759377 
v -0.040661 0.004445 -1.37247e-05 
v -0.0402838 0.004445 -0.000739372 
v -0.0403296 0.004445 -0.000750101 
v -0.0406765 0.004445 -2.20236e-05 
v -0.0402407 0.004445 -0.000727335 
v -0.0406463 0.004445 -5.06706e-06 
v -0.0402001 0.004445 -0.000714092 
v -0.0395415 0.004445 0.00196296 
v -0.0395415 0.004445 0.000523997 
v -0.040436 0.004445 0.000527907 
v -0.0395419 0.004445 0.00047798 
v -0.0406323 0.004445 3.95527e-06 
v -0.0401617 0.004445 -0.000699717 
v -0.0410105 0.004445 -0.000701693 
v -0.0409903 0.004445 -8.27422e-05 
v -0.0410514 0.004445 -0.000684364 
v -0.0404371 0.004445 0.000468653 
v -0.0395454 0.004445 0.000370209 
v -0.04044 0.004445 0.000417975 
v -0.0410205 0.004445 -8.2078e-05 
v -0.0395522 0.004445 0.000275248 
v -0.0404443 0.004445 0.000374171 
v -0.0406062 0.004445 2.31479e-05 
v -0.0400903 0.004445 -0.000667732 
v -0.0401251 0.004445 -0.000684256 
v -0.040619 0.004445 1.33543e-05 
v -0.0395615 0.004445 0.000190981 
v -0.0404495 0.004445 0.000335962 
v -0.0405618 0.004445 6.49761e-05 
v -0.0399068 0.004445 -0.00054537 
v -0.0399349 0.004445 -0.000568752 
v -0.0400569 0.004445 -0.000650151 
v -0.0395728 0.004445 0.000115711 
v -0.0404554 0.004445 0.000302359 
v -0.0405525 0.004445 7.57965e-05 
v -0.0398525 0.004445 -0.000494367 
v -0.0398793 0.004445 -0.000520612 
v -0.0405823 0.004445 4.40213e-05 
v -0.0399938 0.004445 -0.000611749 
v -0.0400248 0.004445 -0.0006315 
v -0.040594 0.004445 3.33601e-05 
v -0.0395856 0.004445 4.8069e-05 
v -0.0404619 0.004445 0.000272585 
v -0.0405704 0.004445 5.5748e-05 
v -0.0399639 0.004445 -0.000590853 
v -0.0395996 0.004445 -1.30604e-05 
v -0.0404688 0.004445 0.000246024 
v -0.0405433 0.004445 8.74665e-05 
v -0.0398272 0.004445 -0.000467546 
v -0.0396147 0.004445 -6.85943e-05 
v -0.040476 0.004445 0.000222179 
v -0.0405342 0.004445 0.000100097 
v -0.0397999 0.004445 -0.000435845 
v -0.0398226 0.004445 -0.000462356 
v -0.0396307 0.004445 -0.000119292 
v -0.0404834 0.004445 0.000200651 
v -0.0397791 0.004445 -0.000409308 
v -0.0396473 0.004445 -0.000165785 
v -0.040491 0.004445 0.000181111 
v -0.039739 0.004445 -0.000351158 
v -0.0397588 0.004445 -0.000381134 
v -0.0405252 0.004445 0.000113822 
v -0.0413044 0.004445 -6.7393e-06 
v -0.0414769 0.004445 -0.000346491 
v -0.0415085 0.004445 -0.000304686 
v -0.0396646 0.004445 -0.000208605 
v -0.0404987 0.004445 0.000163289 
v -0.0396824 0.004445 -0.0002482 
v -0.0405074 0.004445 0.00014523 
v -0.0405163 0.004445 0.000128801 
v -0.0397196 0.004445 -0.000319176 
v -0.0412826 0.004445 -1.79658e-05 
v -0.0414434 0.004445 -0.000386889 
v -0.0413276 0.004445 6.20719e-06 
v -0.0397008 0.004445 -0.000284949 
v -0.0412948 0.004445 -1.1877e-05 
v -0.0415384 0.004445 -0.000261553 
v -0.0410506 0.004445 -8.01004e-05 
v -0.0411308 0.004445 -0.000644609 
v -0.0411448 0.004445 -0.000636533 
v -0.0410806 0.004445 -7.68132e-05 
v -0.0411653 0.004445 -0.000624334 
v -0.0412092 0.004445 -0.000595727 
v -0.0413503 0.004445 2.00942e-05 
v -0.0415514 0.004445 -0.000242406 
v -0.0410915 0.004445 -0.000665324 
v -0.0411693 0.004445 -5.91683e-05 
v -0.0412932 0.004445 -0.000532954 
v -0.0413331 0.004445 -0.000498907 
v -0.0411982 0.004445 -5.07295e-05 
v -0.0413715 0.004445 -0.000463168 
v -0.0413724 0.004445 3.48984e-05 
v -0.041454 0.004445 0.000102767 
v -0.0414347 0.004445 8.45578e-05 
v -0.0411104 0.004445 -7.22225e-05 
v -0.0412519 0.004445 -0.000565248 
v -0.04114 0.004445 -6.63371e-05 
v -0.0412268 0.004445 -4.10368e-05 
v -0.0414083 0.004445 -0.000425806 
v -0.0413938 0.004445 5.05949e-05 
v -0.0414146 0.004445 6.71574e-05 
v -0.0415299 0.004445 0.00019189 
v -0.0415235 0.004445 0.000183061 
v -0.0412549 0.004445 -3.01087e-05 
v -0.0415074 0.004445 0.000161935 
v -0.0414726 0.004445 0.000121755 
v -0.0414904 0.004445 0.000141488 
v -0.0415299 0.004445 0.00196296 
v -0.0428496 0.004445 0.00258957 
v -0.040436 0.004445 0.00196296 
v -0.0411691 0.004445 0.00258957 
v -0.0411691 0.004445 0.00205485 
v -0.0408182 0.004445 0.00258957 
v -0.0424224 0.004445 -8.69751e-05 
v -0.0428955 0.004445 -0.000715543 
v -0.0428955 0.004445 -0.000177888 
v -0.0391133 0.004445 0.00258957 
v -0.0391133 0.004445 0.00205485 
v -0.0415914 0.004445 -0.000715543 
v -0.0408182 0.004445 0.00205485 
v -0.0446349 0.004445 0.00265246 
v -0.0447219 0.004445 0.00264717 
v -0.0448029 0.004445 0.00263872 
v -0.0448783 0.004445 0.00262753 
v -0.0449489 0.004445 0.00261392 
v -0.0450154 0.004445 0.00259812 
v -0.045138 0.004445 0.00256061 
v -0.045195 0.004445 0.00253911 
v -0.0452495 0.004445 0.00251586 
v -0.0453019 0.004445 0.00249086 
v -0.0453525 0.004445 0.00246412 
v -0.0454013 0.004445 0.00243558 
v -0.0454487 0.004445 0.00240518 
v -0.0454948 0.004445 0.00237284 
v -0.0455398 0.004445 0.00233843 
v -0.0455838 0.004445 0.00230182 
v -0.0456693 0.004445 0.00222125 
v -0.0456938 0.004445 0.00219562 
v -0.0456269 0.004445 0.00226282 
v -0.0450783 0.004445 0.0025803 
v -0.0445505 0.004445 0.00265409 
v -0.0438758 0.004445 0.00256056 
v -0.0439626 0.004445 0.00258439 
v -0.0440503 0.004445 0.00260475 
v -0.0441388 0.004445 0.00262159 
v -0.0442279 0.004445 0.00263491 
v -0.0443174 0.004445 0.00264466 
v -0.0444073 0.004445 0.00265085 
v -0.0444973 0.004445 0.00265345 
v -0.0438252 0.004445 0.00254412 
v -0.0433365 0.004445 0.00230311 
v -0.0433787 0.004445 0.00233256 
v -0.0434254 0.004445 0.00236245 
v -0.0435348 0.004445 0.00242357 
v -0.0435993 0.004445 0.00245486 
v -0.0436718 0.004445 0.00248662 
v -0.0437538 0.004445 0.00251884 
v -0.0434772 0.004445 0.00239278 
v -0.0432953 0.004445 0.00227187 
v -0.0435368 0.004445 0.0017215 
v -0.0439047 0.004445 0.00189062 
v -0.0438245 0.004445 0.00186033 
v -0.0437454 0.004445 0.001827 
v -0.0436677 0.004445 0.00179067 
v -0.043964 0.004445 0.00191017 
v -0.0435915 0.004445 0.0017514 
v -0.0443519 0.004445 0.00196785 
v -0.0442652 0.004445 0.00196286 
v -0.044192 0.004445 0.00195577 
v -0.0441293 0.004445 0.00194723 
v -0.0440752 0.004445 0.0019377 
v -0.0440281 0.004445 0.00192748 
v -0.0439867 0.004445 0.0019168 
v -0.0444557 0.004445 0.0019698 
v -0.0449652 0.004445 0.00177739 
v -0.0449456 0.004445 0.00179625 
v -0.0449056 0.004445 0.00183028 
v -0.044885 0.004445 0.00184564 
v -0.0448425 0.004445 0.00187346 
v -0.0447975 0.004445 0.00189778 
v -0.044774 0.004445 0.00190871 
v -0.0447496 0.004445 0.00191884 
v -0.0447242 0.004445 0.00192818 
v -0.0446978 0.004445 0.00193671 
v -0.0446701 0.004445 0.00194441 
v -0.0446411 0.004445 0.00195125 
v -0.0446105 0.004445 0.00195716 
v -0.0445781 0.004445 0.00196208 
v -0.0445438 0.004445 0.0019659 
v -0.0445072 0.004445 0.0019685 
v -0.044468 0.004445 0.00196973 
v -0.0448203 0.004445 0.00188604 
v -0.044864 0.004445 0.00186001 
v -0.0449258 0.004445 0.00181384 
v -0.0449831 0.004445 0.00175865 
v -0.0451973 0.004445 0.0012665 
v -0.0451909 0.004445 0.00131343 
v -0.045183 0.004445 0.00135716 
v -0.0451738 0.004445 0.00139804 
v -0.0451634 0.004445 0.00143644 
v -0.0451519 0.004445 0.00147267 
v -0.0451394 0.004445 0.00150701 
v -0.0451258 0.004445 0.00153968 
v -0.0451114 0.004445 0.00157089 
v -0.0450959 0.004445 0.00160081 
v -0.0450795 0.004445 0.00162958 
v -0.0450621 0.004445 0.00165734 
v -0.0450437 0.004445 0.0016842 
v -0.0450241 0.004445 0.00171027 
v -0.0450034 0.004445 0.00173563 
v -0.0452016 0.004445 0.00122099 
v -0.0451957 0.004445 0.00120242 
v -0.043222 0.004445 0.00120242 
v -0.043222 0.004445 0.000716576 
v -0.0435582 0.004445 -0.000336093 
v -0.0435248 0.004445 -0.000294879 
v -0.0434932 0.004445 -0.00025248 
v -0.0434634 0.004445 -0.000208766 
v -0.0434352 0.004445 -0.000163581 
v -0.0434086 0.004445 -0.000116752 
v -0.0433836 0.004445 -6.80821e-05 
v -0.04336 0.004445 -1.73523e-05 
v -0.043338 0.004445 3.56859e-05 
v -0.0433175 0.004445 9.13133e-05 
v -0.0432986 0.004445 0.000149849 
v -0.0432813 0.004445 0.000211659 
v -0.0432658 0.004445 0.000277162 
v -0.0432522 0.004445 0.000346841 
v -0.0432408 0.004445 0.000421256 
v -0.0432317 0.004445 0.000501062 
v -0.0432254 0.004445 0.000587024 
v -0.0432223 0.004445 0.000680048 
v -0.0435915 0.004445 -0.000373888 
v -0.0445473 0.004445 -0.000775522 
v -0.0444704 0.004445 -0.000771024 
v -0.0443992 0.004445 -0.000764051 
v -0.044326 0.004445 -0.000753813 
v -0.0442582 0.004445 -0.000741311 
v -0.0441952 0.004445 -0.000726861 
v -0.0441365 0.004445 -0.000710682 
v -0.0440814 0.004445 -0.000692933 
v -0.0440295 0.004445 -0.000673728 
v -0.0439803 0.004445 -0.000653143 
v -0.0439337 0.004445 -0.000631222 
v -0.0438892 0.004445 -0.000607982 
v -0.0438466 0.004445 -0.000583418 
v -0.0438057 0.004445 -0.000557502 
v -0.0437664 0.004445 -0.000530186 
v -0.0437284 0.004445 -0.000501402 
v -0.0436917 0.004445 -0.000471063 
v -0.043656 0.004445 -0.000439061 
v -0.0436213 0.004445 -0.000405265 
v -0.0446307 0.004445 -0.000777129 
v -0.045678 0.004445 -0.000346794 
v -0.0455942 0.004445 -0.000430485 
v -0.0455519 0.004445 -0.000467624 
v -0.0455093 0.004445 -0.000502019 
v -0.0454662 0.004445 -0.000533913 
v -0.0454224 0.004445 -0.00056351 
v -0.0453779 0.004445 -0.000590975 
v -0.0453326 0.004445 -0.000616443 
v -0.0452862 0.004445 -0.000640017 
v -0.0452386 0.004445 -0.000661774 
v -0.0451897 0.004445 -0.000681765 
v -0.0451391 0.004445 -0.000700016 
v -0.0450868 0.004445 -0.000716526 
v -0.0450325 0.004445 -0.000731271 
v -0.0449759 0.004445 -0.000744194 
v -0.0449167 0.004445 -0.000755209 
v -0.0448546 0.004445 -0.000764197 
v -0.0447892 0.004445 -0.000770995 
v -0.04472 0.004445 -0.000775395 
v -0.0446472 0.004445 -0.00077713 
v -0.0456362 0.004445 -0.000390307 
v -0.0457162 0.004445 -0.000303504 
v -0.0461214 0.004445 0.000909154 
v -0.0461132 0.004445 0.000704094 
v -0.0461031 0.004445 0.000607464 
v -0.0460735 0.004445 0.000433468 
v -0.0460547 0.004445 0.000354416 
v -0.0460102 0.004445 0.000208929 
v -0.0459847 0.004445 0.000141468 
v -0.0459572 0.004445 7.69623e-05 
v -0.0459276 0.004445 1.50593e-05 
v -0.045896 0.004445 -4.45502e-05 
v -0.0458623 0.004445 -0.000102137 
v -0.0458265 0.004445 -0.000157939 
v -0.0457884 0.004445 -0.000212168 
v -0.045748 0.004445 -0.00026501 
v -0.0460335 0.004445 0.000279754 
v -0.0460897 0.004445 0.00051756 
v -0.0461195 0.004445 0.000808242 
v -0.0461214 0.004445 0.00103135 
v -0.045736 0.004445 0.00214853 
v -0.0458174 0.004445 0.00204566 
v -0.0458538 0.004445 0.00199321 
v -0.0458876 0.004445 0.00193988 
v -0.045919 0.004445 0.00188552 
v -0.045948 0.004445 0.00182995 
v -0.0459996 0.004445 0.00171438 
v -0.0460222 0.004445 0.00165395 
v -0.0460427 0.004445 0.00159142 
v -0.0460611 0.004445 0.0015265 
v -0.0460774 0.004445 0.0014589 
v -0.0460914 0.004445 0.00138824 
v -0.046103 0.004445 0.00131414 
v -0.046112 0.004445 0.00123614 
v -0.0461181 0.004445 0.00115372 
v -0.0461212 0.004445 0.00106628 
v -0.0459749 0.004445 0.00177298 
v -0.0457782 0.004445 0.0020974 
v -0.0446201 0.004445 -8.98417e-05 
v -0.0446307 0.004445 -8.99077e-05 
v -0.0445891 0.004445 -8.88541e-05 
v -0.0445606 0.004445 -8.68211e-05 
v -0.0445342 0.004445 -8.38904e-05 
v -0.0445097 0.004445 -8.01782e-05 
v -0.0444868 0.004445 -7.57758e-05 
v -0.0444653 0.004445 -7.07544e-05 
v -0.0444261 0.004445 -5.9059e-05 
v -0.0446677 0.004445 -8.89311e-05 
v -0.0444451 0.004445 -6.51686e-05 
v -0.0446479 0.004445 -8.93231e-05 
v -0.044408 0.004445 -5.24546e-05 
v -0.0443908 0.004445 -4.53743e-05 
v -0.0443588 0.004445 -2.9818e-05 
v -0.0443437 0.004445 -2.13382e-05 
v -0.0443745 0.004445 -3.78282e-05 
v -0.0443293 0.004445 -1.23759e-05 
v -0.0443153 0.004445 -2.91115e-06 
v -0.0443018 0.004445 7.08344e-06 
v -0.0442167 0.004445 9.58208e-05 
v -0.0442289 0.004445 7.96981e-05 
v -0.0442887 0.004445 1.76428e-05 
v -0.0442039 0.004445 0.000114305 
v -0.0442396 0.004445 6.65263e-05 
v -0.044276 0.004445 2.88101e-05 
v -0.0451986 0.004445 0.000597314 
v -0.045196 0.004445 0.000575159 
v -0.0442636 0.004445 4.06378e-05 
v -0.0451879 0.004445 0.000519084 
v -0.0441917 0.004445 0.000133691 
v -0.0442515 0.004445 5.31883e-05 
v -0.0451784 0.004445 0.000468011 
v -0.04418 0.004445 0.000154089 
v -0.0451563 0.004445 0.000378267 
v -0.0451439 0.004445 0.000338553 
v -0.0451678 0.004445 0.000421261 
v -0.0451308 0.004445 0.000301718 
v -0.0441688 0.004445 0.000175626 
v -0.0451171 0.004445 0.00026742 
v -0.0441581 0.004445 0.000198452 
v -0.0451027 0.004445 0.000235366 
v -0.044148 0.004445 0.000222742 
v -0.0450878 0.004445 0.000205307 
v -0.0441385 0.004445 0.000248703 
v -0.0447464 0.004445 -7.88495e-05 
v -0.0447849 0.004445 -6.87714e-05 
v -0.0447658 0.004445 -7.4224e-05 
v -0.0448037 0.004445 -6.25016e-05 
v -0.0450722 0.004445 0.000177026 
v -0.0440959 0.004445 0.000533773 
v -0.0441296 0.004445 0.000276582 
v -0.0447073 0.004445 -8.55861e-05 
v -0.0446875 0.004445 -8.76847e-05 
v -0.0447269 0.004445 -8.26392e-05 
v -0.0448223 0.004445 -5.54263e-05 
v -0.0448584 0.004445 -3.89133e-05 
v -0.0448405 0.004445 -4.75587e-05 
v -0.0448759 0.004445 -2.95061e-05 
v -0.0450395 0.004445 0.000125088 
v -0.0450212 0.004445 9.9738e-05 
v -0.0450561 0.004445 0.000150337 
v -0.0440959 0.004445 0.000612955 
v -0.0450108 0.004445 8.61218e-05 
v -0.0449981 0.004445 7.08012e-05 
v -0.0448929 0.004445 -1.93547e-05 
v -0.0449096 0.004445 -8.47771e-06 
v -0.0449257 0.004445 3.1046e-06 
v -0.0449564 0.004445 2.82981e-05 
v -0.0449413 0.004445 1.53708e-05 
v -0.0449709 0.004445 4.18625e-05 
v -0.0440968 0.004445 0.000488488 
v -0.0449848 0.004445 5.6039e-05 
v -0.0440992 0.004445 0.000447269 
v -0.0441029 0.004445 0.000409561 
v -0.0441077 0.004445 0.000374883 
v -0.0441214 0.004445 0.000306675 
v -0.0441141 0.004445 0.000339337 
v -0.0451889 0.004445 0.000612955 
v -0.0446677 0.003175 -8.89311e-05 
v -0.0446479 0.003175 -8.93231e-05 
v -0.0446875 0.003175 -8.76847e-05 
v -0.0447073 0.003175 -8.55861e-05 
v -0.0447269 0.003175 -8.26392e-05 
v -0.0447464 0.003175 -7.88495e-05 
v -0.0447658 0.003175 -7.4224e-05 
v -0.0447849 0.003175 -6.87714e-05 
v -0.0448037 0.003175 -6.25016e-05 
v -0.0448223 0.003175 -5.54263e-05 
v -0.0448405 0.003175 -4.75587e-05 
v -0.0448584 0.003175 -3.89133e-05 
v -0.0448759 0.003175 -2.95061e-05 
v -0.0448929 0.003175 -1.93547e-05 
v -0.0449096 0.003175 -8.47771e-06 
v -0.0449257 0.003175 3.1046e-06 
v -0.0449413 0.003175 1.53708e-05 
v -0.0449564 0.003175 2.82981e-05 
v -0.0449709 0.003175 4.18625e-05 
v -0.0449848 0.003175 5.6039e-05 
v -0.0449981 0.003175 7.08012e-05 
v -0.0450108 0.003175 8.61218e-05 
v -0.0446307 0.003175 -8.99077e-05 
v -0.0450212 0.003175 9.9738e-05 
v -0.0442396 0.003175 6.65263e-05 
v -0.0442515 0.003175 5.31883e-05 
v -0.0442636 0.003175 4.06378e-05 
v -0.044276 0.003175 2.88101e-05 
v -0.0442887 0.003175 1.76428e-05 
v -0.0443018 0.003175 7.08344e-06 
v -0.0443153 0.003175 -2.91115e-06 
v -0.0443293 0.003175 -1.23759e-05 
v -0.0446201 0.003175 -8.98417e-05 
v -0.0441077 0.003175 0.000374883 
v -0.0441141 0.003175 0.000339337 
v -0.0443437 0.003175 -2.13382e-05 
v -0.0441214 0.003175 0.000306675 
v -0.0443588 0.003175 -2.9818e-05 
v -0.0441296 0.003175 0.000276582 
v -0.0443745 0.003175 -3.78282e-05 
v -0.0441385 0.003175 0.000248703 
v -0.0440959 0.003175 0.000612955 
v -0.0450395 0.003175 0.000125088 
v -0.0443908 0.003175 -4.53743e-05 
v -0.0442289 0.003175 7.96981e-05 
v -0.044148 0.003175 0.000222742 
v -0.0450561 0.003175 0.000150337 
v -0.0441581 0.003175 0.000198452 
v -0.0450722 0.003175 0.000177026 
v -0.044408 0.003175 -5.24546e-05 
v -0.0441688 0.003175 0.000175626 
v -0.0450878 0.003175 0.000205307 
v -0.0444261 0.003175 -5.9059e-05 
v -0.04418 0.003175 0.000154089 
v -0.0451027 0.003175 0.000235366 
v -0.0444451 0.003175 -6.51686e-05 
v -0.0441917 0.003175 0.000133691 
v -0.0451171 0.003175 0.00026742 
v -0.0444653 0.003175 -7.07544e-05 
v -0.0442039 0.003175 0.000114305 
v -0.0451308 0.003175 0.000301718 
v -0.0444868 0.003175 -7.57758e-05 
v -0.0441029 0.003175 0.000409561 
v -0.0451439 0.003175 0.000338553 
v -0.0445097 0.003175 -8.01782e-05 
v -0.0442167 0.003175 9.58208e-05 
v -0.0451563 0.003175 0.000378267 
v -0.0445342 0.003175 -8.38904e-05 
v -0.0440992 0.003175 0.000447269 
v -0.0451678 0.003175 0.000421261 
v -0.0445606 0.003175 -8.68211e-05 
v -0.0440968 0.003175 0.000488488 
v -0.0451784 0.003175 0.000468011 
v -0.0445891 0.003175 -8.88541e-05 
v -0.0440959 0.003175 0.000533773 
v -0.0451879 0.003175 0.000519084 
v -0.045196 0.003175 0.000575159 
v -0.0451986 0.003175 0.000597314 
v -0.0451889 0.003175 0.000612955 
v -0.0226239 0.004445 0.00199254 
v -0.0226483 0.004445 0.00199035 
v -0.0225741 0.004445 0.00199424 
v -0.0225972 0.004445 0.00199388 
v -0.0226707 0.004445 0.00198744 
v -0.022887 0.004445 0.00188765 
v -0.0228774 0.004445 0.00189655 
v -0.0226915 0.004445 0.00198391 
v -0.0228742 0.004445 0.00189942 
v -0.0227108 0.004445 0.00197984 
v -0.0228959 0.004445 0.00187856 
v -0.0228632 0.004445 0.00190864 
v -0.0227288 0.004445 0.00197528 
v -0.0229123 0.004445 0.00185976 
v -0.0229043 0.004445 0.00186927 
v -0.0227616 0.004445 0.00196489 
v -0.0229198 0.004445 0.00184999 
v -0.0227765 0.004445 0.00195911 
v -0.0227457 0.004445 0.00197028 
v -0.0229336 0.004445 0.00182956 
v -0.0229269 0.004445 0.00183994 
v -0.0227907 0.004445 0.00195297 
v -0.0228042 0.004445 0.00194648 
v -0.0229458 0.004445 0.00180766 
v -0.0229399 0.004445 0.00181882 
v -0.022817 0.004445 0.00193965 
v -0.0228293 0.004445 0.00193245 
v -0.022825 0.004445 0.00130711 
v -0.0228114 0.004445 0.00129609 
v -0.0228361 0.004445 0.00131679 
v -0.0229565 0.004445 0.00178389 
v -0.0229513 0.004445 0.00179604 
v -0.022841 0.004445 0.0019249 
v -0.0224059 0.004445 0.00118385 
v -0.022797 0.004445 0.00128542 
v -0.0228523 0.004445 0.00191697 
v -0.0224504 0.004445 0.0011847 
v -0.0224902 0.004445 0.00118702 
v -0.0229244 0.004445 0.00142219 
v -0.0229152 0.004445 0.00140747 
v -0.0229409 0.004445 0.00145272 
v -0.022933 0.004445 0.00143729 
v -0.0229614 0.004445 0.00177114 
v -0.0227817 0.004445 0.00127509 
v -0.0227655 0.004445 0.00126509 
v -0.0229055 0.004445 0.00139314 
v -0.0228951 0.004445 0.00137923 
v -0.0229799 0.004445 0.0015853 
v -0.0229775 0.004445 0.00156811 
v -0.0221947 0.004445 0.00189977 
v -0.022526 0.004445 0.00119051 
v -0.0225584 0.004445 0.00119496 
v -0.0227483 0.004445 0.00125542 
v -0.0229482 0.004445 0.00146848 
v -0.0229548 0.004445 0.00148453 
v -0.0229607 0.004445 0.00150084 
v -0.0229705 0.004445 0.00153412 
v -0.022966 0.004445 0.00151738 
v -0.0229744 0.004445 0.00155105 
v -0.0229816 0.004445 0.00160257 
v -0.0229658 0.004445 0.00175771 
v -0.0224008 0.004445 0.00197681 
v -0.0222186 0.004445 0.00191299 
v -0.0221675 0.004445 0.00188468 
v -0.0229826 0.004445 0.00161989 
v -0.0229699 0.004445 0.00174351 
v -0.0225609 0.004445 0.00199394 
v -0.0225286 0.004445 0.0019932 
v -0.0224965 0.004445 0.00199112 
v -0.0224644 0.004445 0.00198769 
v -0.0224325 0.004445 0.00198292 
v -0.0222775 0.004445 0.00193934 
v -0.0222478 0.004445 0.00192678 
v -0.0222071 0.004445 0.00190662 
v -0.0225879 0.004445 0.00120019 
v -0.0227298 0.004445 0.00124607 
v -0.0227099 0.004445 0.00123708 
v -0.0228841 0.004445 0.00136577 
v -0.0228726 0.004445 0.00135278 
v -0.0229734 0.004445 0.00172841 
v -0.0223694 0.004445 0.00196939 
v -0.0223384 0.004445 0.00196066 
v -0.0223077 0.004445 0.00195063 
v -0.0221409 0.004445 0.00186842 
v -0.0220901 0.004445 0.00183252 
v -0.0221151 0.004445 0.00185102 
v -0.0220426 0.004445 0.00179236 
v -0.0220659 0.004445 0.00181296 
v -0.0219987 0.004445 0.00174823 
v -0.0220202 0.004445 0.00177077 
v -0.0226149 0.004445 0.00120608 
v -0.0226398 0.004445 0.00121253 
v -0.0228606 0.004445 0.00134028 
v -0.022848 0.004445 0.00132829 
v -0.0229823 0.004445 0.00165607 
v -0.0229827 0.004445 0.00163646 
v -0.0229766 0.004445 0.00171229 
v -0.0229791 0.004445 0.00169498 
v -0.0219504 0.004445 0.00168914 
v -0.0219589 0.004445 0.00170046 
v -0.0226885 0.004445 0.00122846 
v -0.0226651 0.004445 0.00122025 
v -0.0219783 0.004445 0.00172478 
v -0.0229811 0.004445 0.0016763 
v -0.0219504 0.004445 0.00118385 
v -0.0225286 0.003175 0.0019932 
v -0.0225609 0.003175 0.00199394 
v -0.0224965 0.003175 0.00199112 
v -0.0224644 0.003175 0.00198769 
v -0.0224325 0.003175 0.00198292 
v -0.0224008 0.003175 0.00197681 
v -0.0223694 0.003175 0.00196939 
v -0.0223384 0.003175 0.00196066 
v -0.0223077 0.003175 0.00195063 
v -0.0222775 0.003175 0.00193934 
v -0.0222478 0.003175 0.00192678 
v -0.0222186 0.003175 0.00191299 
v -0.0225741 0.003175 0.00199424 
v -0.0222071 0.003175 0.00190662 
v -0.0229827 0.003175 0.00163646 
v -0.0228742 0.003175 0.00189942 
v -0.0228632 0.003175 0.00190864 
v -0.0229823 0.003175 0.00165607 
v -0.0229811 0.003175 0.0016763 
v -0.0229791 0.003175 0.00169498 
v -0.0228523 0.003175 0.00191697 
v -0.0229766 0.003175 0.00171229 
v -0.022841 0.003175 0.0019249 
v -0.0229734 0.003175 0.00172841 
v -0.0228293 0.003175 0.00193245 
v -0.0229699 0.003175 0.00174351 
v -0.022817 0.003175 0.00193965 
v -0.0229658 0.003175 0.00175771 
v -0.0228042 0.003175 0.00194648 
v -0.0229614 0.003175 0.00177114 
v -0.0227907 0.003175 0.00195297 
v -0.0229565 0.003175 0.00178389 
v -0.0227765 0.003175 0.00195911 
v -0.0229513 0.003175 0.00179604 
v -0.0226398 0.003175 0.00121253 
v -0.0226651 0.003175 0.00122025 
v -0.0227616 0.003175 0.00196489 
v -0.0229458 0.003175 0.00180766 
v -0.0226885 0.003175 0.00122846 
v -0.0227457 0.003175 0.00197028 
v -0.0229399 0.003175 0.00181882 
v -0.0227099 0.003175 0.00123708 
v -0.0227288 0.003175 0.00197528 
v -0.0229336 0.003175 0.00182956 
v -0.0227298 0.003175 0.00124607 
v -0.0227108 0.003175 0.00197984 
v -0.0229269 0.003175 0.00183994 
v -0.0227483 0.003175 0.00125542 
v -0.0226915 0.003175 0.00198391 
v -0.0229198 0.003175 0.00184999 
v -0.0227655 0.003175 0.00126509 
v -0.0226707 0.003175 0.00198744 
v -0.0229123 0.003175 0.00185976 
v -0.0229548 0.003175 0.00148453 
v -0.0229607 0.003175 0.00150084 
v -0.0229244 0.003175 0.00142219 
v -0.022933 0.003175 0.00143729 
v -0.0227817 0.003175 0.00127509 
v -0.0226483 0.003175 0.00199035 
v -0.0229705 0.003175 0.00153412 
v -0.0229744 0.003175 0.00155105 
v -0.022966 0.003175 0.00151738 
v -0.0229409 0.003175 0.00145272 
v -0.0229482 0.003175 0.00146848 
v -0.0229152 0.003175 0.00140747 
v -0.0228841 0.003175 0.00136577 
v -0.0228951 0.003175 0.00137923 
v -0.0224059 0.003175 0.00118385 
v -0.0220659 0.003175 0.00181296 
v -0.0220426 0.003175 0.00179236 
v -0.0221151 0.003175 0.00185102 
v -0.0220901 0.003175 0.00183252 
v -0.0221675 0.003175 0.00188468 
v -0.0221409 0.003175 0.00186842 
v -0.022797 0.003175 0.00128542 
v -0.022848 0.003175 0.00132829 
v -0.0225972 0.003175 0.00199388 
v -0.0226239 0.003175 0.00199254 
v -0.0229043 0.003175 0.00186927 
v -0.0229816 0.003175 0.00160257 
v -0.0229826 0.003175 0.00161989 
v -0.0229055 0.003175 0.00139314 
v -0.0228606 0.003175 0.00134028 
v -0.0228726 0.003175 0.00135278 
v -0.0221947 0.003175 0.00189977 
v -0.022526 0.003175 0.00119051 
v -0.0225584 0.003175 0.00119496 
v -0.0220202 0.003175 0.00177077 
v -0.0219987 0.003175 0.00174823 
v -0.0228114 0.003175 0.00129609 
v -0.0225879 0.003175 0.00120019 
v -0.0228959 0.003175 0.00187856 
v -0.0229799 0.003175 0.0015853 
v -0.0229775 0.003175 0.00156811 
v -0.0224902 0.003175 0.00118702 
v -0.0219783 0.003175 0.00172478 
v -0.0226149 0.003175 0.00120608 
v -0.0228774 0.003175 0.00189655 
v -0.022887 0.003175 0.00188765 
v -0.0224504 0.003175 0.0011847 
v -0.0219589 0.003175 0.00170046 
v -0.0219504 0.003175 0.00168914 
v -0.022825 0.003175 0.00130711 
v -0.0228361 0.003175 0.00131679 
v -0.0219504 0.003175 0.00118385 
vn 0 1 0 
vn -0.5 0 0.866025 
vn 1 0 0 
vn -0.5 0 -0.866025 
vn 0 1 0 
vn -1.19518e-16 0 -1 
vn 1.23787e-16 0 1 
vn -1 0 0 
vn -1.19518e-16 0 -1 
vn 1 0 0 
vn 0 0 1 
vn -0.0273019 0 0.999627 
vn -0.0546801 0 0.998504 
vn 0.00662921 0 0.999978 
vn 0.025676 0 0.99967 
vn -0.0546801 0 0.998504 
vn -0.130758 0 0.991414 
vn -0.136342 0 0.990662 
vn -0.0948377 0 0.995493 
vn -0.0546801 0 0.998504 
vn -0.136342 0 0.990662 
vn -0.852946 0 -0.521999 
vn -0.829419 0 -0.558627 
vn -0.80432 0 -0.594196 
vn -0.777697 0 -0.62864 
vn -0.7496 0 -0.661891 
vn -0.720082 0 -0.693889 
vn -0.6892 0 -0.724571 
vn -0.657011 0 -0.753881 
vn -0.623578 0 -0.781761 
vn -0.588962 0 -0.808161 
vn -0.553231 0 -0.833028 
vn -0.516451 0 -0.856317 
vn -0.478692 0 -0.877983 
vn -0.440026 0 -0.897985 
vn -0.400526 0 -0.916285 
vn -0.360267 0 -0.932849 
vn -0.319326 0 -0.947645 
vn -0.277779 0 -0.960645 
vn -0.235706 0 -0.971824 
vn -0.193186 0 -0.981162 
vn -0.1503 0 -0.98864 
vn -0.107129 0 -0.994245 
vn -0.0637549 0 -0.997966 
vn -0.0202602 0 -0.999795 
vn 0.0232729 0 -0.999729 
vn 0.0667619 0 -0.997769 
vn 0.110124 0 -0.993918 
vn 0.153278 0 -0.988183 
vn 0.196141 0 -0.980576 
vn 0.238633 0 -0.97111 
vn 0.280672 0 -0.959804 
vn 0.32218 0 -0.946678 
vn 0.363077 0 -0.931759 
vn 0.403286 0 -0.915074 
vn 0.44273 0 -0.896655 
vn 0.481335 0 -0.876536 
vn 0.519029 0 -0.854757 
vn 0.555738 0 -0.831357 
vn 0.591395 0 -0.806382 
vn 0.625931 0 -0.779879 
vn 0.65928 0 -0.751898 
vn 0.69138 0 -0.722491 
vn 0.72217 0 -0.691716 
vn 0.751591 0 -0.65963 
vn 0.779588 0 -0.626293 
vn 0.806107 0 -0.59177 
vn 0.831099 0 -0.556125 
vn 0.854515 0 -0.519426 
vn 0.876312 0 -0.481743 
vn 0.896449 0 -0.443147 
vn 0.914887 0 -0.403711 
vn 0.93159 0 -0.36351 
vn 0.946529 0 -0.32262 
vn 0.959673 0 -0.281119 
vn 0.970999 0 -0.239085 
vn 0.980484 0 -0.196598 
vn 0.988112 0 -0.153738 
vn 0.993866 0 -0.110587 
vn 0.997738 0 -0.067226 
vn 0.999718 0 -0.0237379 
vn 0.999804 0 0.0197952 
vn 0.997995 0 0.0632908 
vn 0.994295 0 0.106666 
vn 0.98871 0 0.14984 
vn 0.981252 0 0.192729 
vn 0.971934 0 0.235254 
vn 0.960774 0 0.277332 
vn 0.947793 0 0.318885 
vn 0.933017 0 0.359833 
vn 0.916471 0 0.4001 
vn 0.89819 0 0.439608 
vn 0.878205 0 0.478284 
vn 0.856557 0 0.516052 
vn 0.833285 0 0.552843 
vn 0.808434 0 0.588586 
vn 0.782051 0 0.623214 
vn 0.754186 0 0.65666 
vn 0.724892 0 0.688863 
vn 0.694224 0 0.719759 
vn 0.66224 0 0.749292 
vn 0.629001 0 0.777404 
vn 0.59457 0 0.804044 
vn 0.559013 0 0.829159 
vn 0.522396 0 0.852703 
vn 0.484788 0 0.874631 
vn 0.446263 0 0.894902 
vn 0.406891 0 0.913477 
vn 0.366748 0 0.93032 
vn 0.325911 0 0.945401 
vn 0.284455 0 0.958689 
vn 0.242461 0 0.970161 
vn 0.200007 0 0.979794 
vn 0.157174 0 0.987571 
vn 0.114043 0 0.993476 
vn 0.0706962 0 0.997498 
vn 0.0272152 0 0.99963 
vn -0.0163173 0 0.999867 
vn 0.0367065 0 -0.999326 
vn 0 0 -1 
vn 0.0749552 0 -0.997187 
vn 0.110318 0 -0.993896 
vn 0.0819466 0 -0.996637 
vn 0.0467018 0 -0.998909 
vn 0.00945511 0 -0.999955 
vn -0.0287655 0 -0.999586 
vn -0.0673038 0 -0.997733 
vn -0.105926 0 -0.994374 
vn -0.144499 0 -0.989505 
vn -0.182928 0 -0.983126 
vn -0.221133 0 -0.975244 
vn -0.259193 0 -0.965826 
vn -0.298947 0 -0.95427 
vn -0.337947 0 -0.941165 
vn -0.375315 0 -0.926897 
vn -0.411998 0 -0.911185 
vn -0.447932 0 -0.894068 
vn -0.483069 0 -0.875582 
vn -0.517366 0 -0.855764 
vn -0.550783 0 -0.834649 
vn -0.583282 0 -0.81227 
vn -0.614832 0 -0.788658 
vn -0.645405 0 -0.763841 
vn -0.674979 0 -0.737837 
vn -0.703538 0 -0.710657 
vn -0.731073 0 -0.6823 
vn -0.757578 0 -0.652745 
vn -0.783056 0 -0.621952 
vn -0.80751 0 -0.589854 
vn -0.830941 0 -0.556361 
vn -0.853339 0 -0.521356 
vn -0.859447 0 -0.511225 
vn -0.583282 0 -0.81227 
vn -0.221133 0 -0.975244 
vn 0.0367065 0 -0.999326 
vn 0 0 -1 
vn 0.436076 0 -0.89991 
vn 0.448112 0 -0.893977 
vn 0.401707 0 -0.915768 
vn 0.364378 0 -0.931251 
vn 0.330646 0 -0.943755 
vn 0.295347 0 -0.95539 
vn 0.258819 0 -0.965926 
vn 0.221346 0 -0.975195 
vn 0.179527 0 -0.983753 
vn 0.14107 0 -0.99 
vn 0.102525 0 -0.99473 
vn 0.0640304 0 -0.997948 
vn 0.0258448 0 -0.999666 
vn -0.0112825 0 -0.999936 
vn -0.0480388 0 -0.998845 
vn -0.0780789 0 -0.996947 
vn -0.0837578 0 -0.996486 
vn 0.0258448 0 -0.999666 
vn 0.330646 0 -0.943755 
vn 0.448112 0 -0.893977 
vn 0.576375 0 0.817186 
vn 0.540487 0 0.841352 
vn 0.503588 0 0.863944 
vn 0.465747 0 0.884918 
vn 0.427033 0 0.904236 
vn 0.387521 0 0.921861 
vn 0.347282 0 0.937761 
vn 0.306394 0 0.951905 
vn 0.264932 0 0.964267 
vn 0.222975 0 0.974824 
vn 0.180599 0 0.983557 
vn 0.137886 0 0.990448 
vn 0.0949148 0 0.995485 
vn 0.0517658 0 0.998659 
vn 0.00851994 0 0.999964 
vn -0.0347419 0 0.999396 
vn -0.0779387 0 0.996958 
vn -0.12099 0 0.992654 
vn -0.163814 0 0.986491 
vn -0.206332 0 0.978482 
vn -0.248463 0 0.968641 
vn -0.29013 0 0.956987 
vn -0.331253 0 0.943542 
vn -0.371757 0 0.92833 
vn -0.411564 0 0.911381 
vn -0.450601 0 0.892726 
vn -0.488794 0 0.872399 
vn -0.526073 0 0.850439 
vn -0.562367 0 0.826888 
vn -0.597608 0 0.801789 
vn -0.63173 0 0.775188 
vn -0.66467 0 0.747137 
vn -0.696366 0 0.717687 
vn -0.726758 0 0.686894 
vn -0.755789 0 0.654815 
vn -0.783406 0 0.62151 
vn -0.809557 0 0.587042 
vn -0.834192 0 0.551474 
vn -0.857265 0 0.514875 
vn -0.878734 0 0.477312 
vn -0.898558 0 0.438855 
vn -0.9167 0 0.399577 
vn -0.933126 0 0.35955 
vn -0.947805 0 0.318851 
vn -0.96071 0 0.277555 
vn -0.971816 0 0.235739 
vn -0.981104 0 0.193482 
vn -0.988555 0 0.150863 
vn -0.994155 0 0.107962 
vn -0.997895 0 0.0648579 
vn -0.999766 0 0.0216328 
vn -0.999766 0 -0.0216328 
vn -0.997895 0 -0.0648579 
vn -0.994155 0 -0.107962 
vn -0.988555 0 -0.150863 
vn -0.981104 0 -0.193482 
vn -0.971816 0 -0.235739 
vn -0.96071 0 -0.277555 
vn -0.947805 0 -0.318851 
vn -0.933126 0 -0.35955 
vn -0.9167 0 -0.399577 
vn -0.898558 0 -0.438855 
vn -0.878734 0 -0.477312 
vn -0.857265 0 -0.514875 
vn -0.834192 0 -0.551474 
vn -0.809557 0 -0.587042 
vn -0.783406 0 -0.62151 
vn -0.755789 0 -0.654815 
vn -0.726758 0 -0.686894 
vn -0.696366 0 -0.717687 
vn -0.66467 0 -0.747137 
vn -0.63173 0 -0.775188 
vn -0.597608 0 -0.801789 
vn -0.562367 0 -0.826888 
vn -0.526073 0 -0.850439 
vn -0.488794 0 -0.872399 
vn -0.450601 0 -0.892726 
vn -0.411564 0 -0.911381 
vn -0.371757 0 -0.92833 
vn -0.331253 0 -0.943542 
vn -0.29013 0 -0.956987 
vn -0.248463 0 -0.968641 
vn -0.206332 0 -0.978482 
vn -0.163814 0 -0.986491 
vn -0.12099 0 -0.992654 
vn -0.0779387 0 -0.996958 
vn -0.0347419 0 -0.999396 
vn 0.00851994 0 -0.999964 
vn 0.0517658 0 -0.998659 
vn 0.0949148 0 -0.995485 
vn 0.137886 0 -0.990448 
vn 0.180599 0 -0.983557 
vn 0.222975 0 -0.974824 
vn 0.264932 0 -0.964267 
vn 0.306394 0 -0.951905 
vn 0.347282 0 -0.937761 
vn 0.387521 0 -0.921861 
vn 0.427033 0 -0.904236 
vn 0.465747 0 -0.884918 
vn 0.503588 0 -0.863944 
vn 0.540487 0 -0.841352 
vn 0.576375 0 -0.817186 
vn 0.359261 0 0.933237 
vn 0.31997 0 0.947428 
vn 0.394436 0 0.918923 
vn 0.428882 0 0.903361 
vn 0.462402 0 0.88667 
vn 0.494925 0 0.868936 
vn 0.526365 0 0.850258 
vn 0.556619 0 0.830768 
vn 0.585551 0 0.810636 
vn 0.61795 0 0.786217 
vn 0.648761 0 0.760992 
vn 0.676625 0 0.736328 
vn 0.6868 0 0.726846 
vn 0.648761 0 0.760992 
vn 0.585551 0 0.810636 
vn 0.462402 0 0.88667 
vn 0.31997 0 0.947428 
vn -0.175256 0 0.984523 
vn -0.18616 0 0.982519 
vn -0.145302 0 0.989387 
vn -0.110601 0 0.993865 
vn -0.0729022 0 0.997339 
vn -0.0343612 0 0.999409 
vn 0.00452477 0 0.99999 
vn 0.0435469 0 0.999051 
vn 0.0825832 0 0.996584 
vn 0.121543 0 0.992586 
vn 0.164363 0 0.9864 
vn 0.206468 0 0.978453 
vn 0.24776 0 0.968821 
vn 0.288242 0 0.957558 
vn 0.31997 0 0.947428 
vn 0.206468 0 0.978453 
vn -0.18616 0 0.982519 
vn -0.980854 0 -0.194746 
vn 0 1 0 
vn -0.876558 0 0.481297 
vn -0.36211 0 0.932135 
vn 0.321772 0 0.946817 
vn 0.855094 0 0.518473 
vn 0.988308 0 -0.152471 
vn 0.659082 0 -0.752072 
vn 0.0214635 0 -0.99977 
vn -0.626198 0 -0.779664 
vn -0.190006 0 0.981783 
vn -0.216825 0 0.976211 
vn -0.24348 0 0.969906 
vn -0.0257396 0 0.999669 
vn -0.0664174 0 0.997792 
vn -0.106985 0 0.994261 
vn -0.147375 0 0.989081 
vn -0.178422 0 0.983954 
vn 0.00572586 0 0.999984 
vn 0.677863 0 0.735188 
vn 0.709257 0 0.70495 
vn 0.64693 0 0.76255 
vn 0.615004 0 0.788524 
vn 0.58215 0 0.813082 
vn 0.548433 0 0.836195 
vn 0.513919 0 0.857839 
vn 0.478675 0 0.877992 
vn 0 0 1 
vn 0.0237182 0 0.999719 
vn 0.0623686 0 0.998053 
vn 0.101115 0 0.994875 
vn 0.13989 0 0.990167 
vn 0.178623 0 0.983918 
vn 0.217245 0 0.976117 
vn 0.255687 0 0.96676 
vn 0.29388 0 0.955842 
vn 0.331753 0 0.943366 
vn 0.369238 0 0.929335 
vn 0.406266 0 0.913755 
vn 0.442768 0 0.896636 
vn 0.467085 0 0.884212 
vn 0.64693 0 0.76255 
vn 0.709257 0 0.70495 
vn -0.98757 0 -0.157181 
vn 0.926384 0 0.376581 
vn 0.910467 0 0.413581 
vn 0.893073 0 0.449911 
vn 0.874231 0 0.485511 
vn 0.85397 0 0.520323 
vn 0.832323 0 0.554291 
vn 0.809326 0 0.58736 
vn 0.785016 0 0.619475 
vn 0.759432 0 0.650586 
vn 0.732617 0 0.680641 
vn 0.93378 0 0.357847 
vn 0.71876 0 0.695258 
vn 0.935462 0 0.353428 
vn 0.147116 0 0.989119 
vn 1 0 0 
vn 0 0 -1 
vn -1 0 0 
vn -0.160617 0 0.987017 
vn -0.948386 0 -0.317118 
vn 0.155963 0 -0.987763 
vn 0.981949 0 -0.189146 
vn 0.945915 0 -0.324414 
vn 0.161442 0 0.986882 
vn 1 0 0 
vn 0 0 -1 
vn -1 0 0 
vn -0.156284 0 0.987712 
vn -0.933207 0 0.359338 
vn -0.927725 0 -0.373264 
vn -0.722626 0 -0.691239 
vn -0.692877 0 -0.721056 
vn -0.751094 0 -0.660195 
vn -0.722626 0 -0.691239 
vn -0.778229 0 -0.62798 
vn -0.751094 0 -0.660195 
vn -0.803984 0 -0.594651 
vn -0.778229 0 -0.62798 
vn -0.828312 0 -0.560267 
vn -0.803984 0 -0.594651 
vn -0.851171 0 -0.524889 
vn -0.828312 0 -0.560267 
vn -0.872519 0 -0.48858 
vn -0.851171 0 -0.524889 
vn -0.89232 0 -0.451404 
vn -0.872519 0 -0.48858 
vn -0.910537 0 -0.413427 
vn -0.89232 0 -0.451404 
vn -0.92714 0 -0.374716 
vn -0.910537 0 -0.413427 
vn -0.678944 0 -0.73419 
vn -0.934144 0 -0.356897 
vn -0.92714 0 -0.374716 
vn 0 1 0 
vn -0.0390364 0 -0.999238 
vn 0 0 -1 
vn -0.0780587 0 -0.996949 
vn -0.116983 0 -0.993134 
vn -0.155748 0 -0.987797 
vn -0.194291 0 -0.980944 
vn -0.23255 0 -0.972584 
vn -0.274613 0 -0.961555 
vn -0.316064 0 -0.948738 
vn -0.356724 0 -0.93421 
vn -0.396535 0 -0.91802 
vn -0.435442 0 -0.900217 
vn -0.473393 0 -0.880851 
vn -0.510335 0 -0.859976 
vn -0.546219 0 -0.837642 
vn -0.580997 0 -0.813905 
vn -0.614623 0 -0.788821 
vn -0.647051 0 -0.762447 
vn -0.672975 0 -0.739666 
vn -0.0780587 0 -0.996949 
vn 0 0 -1 
vn 0.0818564 0 -0.996644 
vn 0.11829 0 -0.992979 
vn 0.0453135 0 -0.998973 
vn 0.0818564 0 -0.996644 
vn 0.147983 0 -0.98899 
vn 0.0153673 0 -0.999882 
vn 0.0453135 0 -0.998973 
vn 0.136087 8.35541e-27 -0.990697 
vn 0 -1 0 
vn 1.23787e-16 0 1 
vn -1 0 0 
vn -1.19518e-16 0 -1 
vn 1 0 0 
vn 0 -1 0 
vn -0.781831 0 -0.62349 
vn 5.67274e-15 0 -1 
vn 0.781831 0 -0.62349 
vn 0.974928 0 0.222521 
vn 0.433884 0 0.900969 
vn -0.433884 0 0.900969 
vn -0.974928 0 0.222521 
vn 0.951057 0 0.309017 
vn 0 -1 0 
vn -2.25604e-15 0 1 
vn -0.951057 0 0.309017 
vn -0.587785 0 -0.809017 
vn 0.587785 0 -0.809017 
vn 0 1 0 
vn -0.928503 0 0.371324 
vn -0.942315 0 0.334728 
vn -0.915431 0 0.402474 
vn -0.953083 0 0.302708 
vn -0.953083 0 0.302708 
vn 0 0 1 
vn 1 0 0 
vn 0.13193 0 -0.991259 
vn 0.996857 0 -0.079217 
vn 0.998927 0 -0.0463063 
vn 0.993704 0 -0.112042 
vn 0.996857 0 -0.079217 
vn 0.999813 0 -0.0193392 
vn 0.990319 0 -0.138809 
vn 0.993704 0 -0.112042 
vn 0.999949 -2.07954e-28 -0.0101124 
vn 1 0 0 
vn 0.6477 0 -0.761896 
vn 0.617335 0 -0.786701 
vn 0.679433 0 -0.733738 
vn 0.709859 0 -0.704344 
vn 0.738906 0 -0.673808 
vn 0.76654 0 -0.642196 
vn 0.79273 0 -0.609573 
vn 0.817447 0 -0.576004 
vn 0.840664 0 -0.541557 
vn 0.862358 0 -0.506299 
vn 0.882508 0 -0.470298 
vn 0.901094 0 -0.433623 
vn 0.918102 0 -0.396344 
vn 0.933519 0 -0.358529 
vn 0.947334 0 -0.320248 
vn 0.95954 0 -0.281571 
vn 0.970134 0 -0.242568 
vn 0.979115 0 -0.203308 
vn 0.986483 0 -0.163862 
vn 0.992245 0 -0.124299 
vn 0.996408 0 -0.0846868 
vn 0.998983 0 -0.0450949 
vn 0.999984 0 -0.00569445 
vn 1 0 0 
vn 0.617335 0 -0.786701 
vn 0.0390932 0 -0.999236 
vn 0 0 -1 
vn 0.0781698 0 -0.99694 
vn 0.117142 0 -0.993115 
vn 0.160244 0 -0.987077 
vn 0.202948 0 -0.979189 
vn 0.174303 0 -0.984692 
vn 0.160244 0 -0.987077 
vn 0.245064 0 -0.969507 
vn 0.286528 0 -0.958072 
vn 0.32728 0 -0.944928 
vn 0.367262 0 -0.930118 
vn 0.406417 0 -0.913688 
vn 0.44469 0 -0.895685 
vn 0.482026 0 -0.876157 
vn 0.518372 0 -0.855155 
vn 0.553678 0 -0.832731 
vn 0.587896 0 -0.808937 
vn 0.617335 0 -0.786701 
vn 0 0 -1 
vn -0.303479 0 -0.952838 
vn -0.263102 0 -0.964768 
vn -0.22226 0 -0.974988 
vn -0.181023 0 -0.983479 
vn -0.139465 0 -0.990227 
vn -0.171136 0 -0.985247 
vn -0.0976605 0 -0.99522 
vn -0.0556827 0 -0.998449 
vn -0.0136061 0 -0.999907 
vn -0.327089 0 -0.944994 
vn 0.0112735 0 -0.999936 
vn -0.181023 0 -0.983479 
vn -0.52927 0 -0.848453 
vn -0.495376 0 -0.868678 
vn -0.460711 0 -0.88755 
vn -0.425328 0 -0.905039 
vn -0.389282 0 -0.921119 
vn -0.35263 0 -0.935763 
vn -0.55191 0 -0.833904 
vn -0.327321 0 -0.944913 
vn -0.999992 0 -0.00399997 
vn 0 0 1 
vn 0.986541 0 0.163515 
vn 0.322205 0 0.94667 
vn 0.284097 0 0.958796 
vn 0.359798 0 0.93303 
vn 0.322205 0 0.94667 
vn 0.396816 0 0.917898 
vn 0.359798 0 0.93303 
vn 0.433199 0 0.901298 
vn 0.396816 0 0.917898 
vn 0.468889 0 0.883257 
vn 0.433199 0 0.901298 
vn 0.503829 0 0.863803 
vn 0.468889 0 0.883257 
vn 0.259608 0 0.965714 
vn 0.525648 0 0.850702 
vn 0.503829 0 0.863803 
vn 0.0473658 0 0.998878 
vn 0.00810193 0 0.999967 
vn 0.0865565 0 0.996247 
vn 0.0473658 0 0.998878 
vn 0.125614 0 0.992079 
vn 0.0865565 0 0.996247 
vn 0.164477 0 0.986381 
vn 0.125614 0 0.992079 
vn 0.203087 0 0.979161 
vn 0.164477 0 0.986381 
vn 0.241383 0 0.97043 
vn 0.203087 0 0.979161 
vn -0.0168945 0 0.999857 
vn 0.265563 0 0.964094 
vn 0.241383 0 0.97043 
vn -0.65941 0 0.751784 
vn -0.691514 0 0.722363 
vn -0.627866 0 0.778321 
vn -0.595366 0 0.803454 
vn -0.561977 0 0.827153 
vn -0.527765 0 0.849391 
vn -0.492794 0 0.870146 
vn -0.457134 0 0.889398 
vn -0.420851 0 0.90713 
vn -0.384015 0 0.923327 
vn -0.346693 0 0.937979 
vn -0.308954 0 0.951077 
vn -0.270869 0 0.962616 
vn -0.232506 0 0.972595 
vn -0.193934 0 0.981015 
vn -0.155224 0 0.987879 
vn -0.116444 0 0.993197 
vn -0.0776642 0 0.99698 
vn -0.0389526 0 0.999241 
vn 0 0 1 
vn -0.308954 0 0.951077 
vn -0.627866 0 0.778321 
vn -0.691514 0 0.722363 
vn -0.999236 0 0.039091 
vn -1 0 0 
vn -0.99694 0 0.0781656 
vn -0.993116 0 0.117136 
vn -0.987075 0 0.160262 
vn -0.979181 0 0.20299 
vn -0.969491 0 0.245127 
vn -0.958047 0 0.286611 
vn -0.944892 0 0.327381 
vn -0.930071 0 0.36738 
vn -0.913628 0 0.406551 
vn -0.895611 0 0.444837 
vn -0.876069 0 0.482185 
vn -0.855052 0 0.518542 
vn -0.832611 0 0.553858 
vn -0.808801 0 0.588083 
vn -0.783674 0 0.621172 
vn -0.757289 0 0.65308 
vn -0.729703 0 0.683765 
vn -0.700974 0 0.713187 
vn -0.691514 0 0.722363 
vn -1 0 0 
vn 0 0 -1 
vn -0.525671 0 -0.850688 
vn -0.561687 0 -0.82735 
vn -0.491168 0 -0.871065 
vn -0.455974 0 -0.889993 
vn -0.42019 0 -0.907436 
vn -0.383883 0 -0.923382 
vn -0.347123 0 -0.93782 
vn -0.309978 0 -0.950744 
vn -0.272517 0 -0.962151 
vn -0.234812 0 -0.972041 
vn -0.196933 0 -0.980417 
vn -0.158949 0 -0.987287 
vn -0.120932 0 -0.992661 
vn -0.0829526 0 -0.996553 
vn -0.0450826 0 -0.998983 
vn -0.00553254 0 -0.999985 
vn 0 0 -1 
vn -0.196933 0 -0.980417 
vn -0.561687 0 -0.82735 
vn -0.999233 0 -0.0391463 
vn -1 0 0 
vn -0.996607 0 -0.0823054 
vn -0.99213 0 -0.12521 
vn -0.98584 0 -0.167687 
vn -0.977772 0 -0.209672 
vn -0.967961 0 -0.251099 
vn -0.956447 0 -0.291907 
vn -0.943267 0 -0.332035 
vn -0.928464 0 -0.371422 
vn -0.912081 0 -0.410011 
vn -0.894162 0 -0.447744 
vn -0.874754 0 -0.484567 
vn -0.853906 0 -0.520427 
vn -0.831668 0 -0.555273 
vn -0.808092 0 -0.589056 
vn -0.783232 0 -0.62173 
vn -0.757142 0 -0.65325 
vn -0.72988 0 -0.683575 
vn -0.701504 0 -0.712665 
vn -0.672074 0 -0.740484 
vn -0.64165 0 -0.766998 
vn -0.610295 0 -0.792174 
vn -0.578072 0 -0.815986 
vn -0.561687 0 -0.82735 
vn -0.912081 0 -0.410011 
vn -0.996607 0 -0.0823054 
vn -1 0 0 
vn -0.70723 0 0.706984 
vn -0.678957 0 0.734178 
vn -0.736373 0 0.676576 
vn -0.764128 0 0.645064 
vn -0.790443 0 0.612535 
vn -0.815288 0 0.579055 
vn -0.838637 0 0.544691 
vn -0.860465 0 0.50951 
vn -0.88075 0 0.473581 
vn -0.899475 0 0.436971 
vn -0.916624 0 0.399751 
vn -0.932182 0 0.361989 
vn -0.946141 0 0.323755 
vn -0.958492 0 0.28512 
vn -0.969231 0 0.246152 
vn -0.978358 0 0.206921 
vn -0.985873 0 0.167497 
vn -0.991781 0 0.127951 
vn -0.99609 0 0.0883491 
vn -0.99881 0 0.0487617 
vn -0.999957 0 0.00927163 
vn -1 0 0 
vn -0.916624 0 0.399751 
vn -0.88075 0 0.473581 
vn -0.678957 0 0.734178 
vn -0.0390956 0 0.999235 
vn 0 0 1 
vn -0.0781745 0 0.99694 
vn -0.117149 0 0.993114 
vn -0.160224 0 0.987081 
vn -0.202901 0 0.979199 
vn -0.244992 0 0.969525 
vn -0.215859 0 0.976425 
vn -0.286433 0 0.9581 
vn -0.327165 0 0.944967 
vn -0.367128 0 0.93017 
vn -0.406266 0 0.913755 
vn -0.444524 0 0.895767 
vn -0.481846 0 0.876256 
vn -0.51818 0 0.855272 
vn -0.553476 0 0.832865 
vn -0.587684 0 0.80909 
vn -0.620759 0 0.784001 
vn -0.652656 0 0.757655 
vn -0.678957 0 0.734178 
vn -0.117149 0 0.993114 
vn 0 0 1 
vn 0.412677 0 0.910877 
vn 0.373364 0 0.927685 
vn 0.333369 0 0.942796 
vn 0.292765 0 0.956184 
vn 0.251625 0 0.967825 
vn 0.210026 0 0.977696 
vn 0.23197 0 0.972723 
vn 0.168042 0 0.98578 
vn 0.125751 0 0.992062 
vn 0.0832308 0 0.99653 
vn 0.0405581 0 0.999177 
vn -0.00218873 0 0.999998 
vn 0.4303 0 0.902686 
vn -0.0216225 0 0.999766 
vn 0.251625 0 0.967825 
vn 0.735605 0 0.67741 
vn 0.70551 0 0.7087 
vn 0.674086 0 0.738653 
vn 0.641391 0 0.767214 
vn 0.607487 0 0.79433 
vn 0.572438 0 0.819948 
vn 0.53631 0 0.844021 
vn 0.499171 0 0.866503 
vn 0.461092 0 0.887352 
vn 0.75144 0 0.659801 
vn 0.439948 0 0.898023 
vn -0.961777 0 0.273834 
vn -0.971807 0 0.235778 
vn -0.980332 0 0.197356 
vn -0.952462 0 0.304658 
vn -0.952462 0 0.304658 
vn -0.980332 0 0.197356 
vn -0.986178 0 0.165691 
vn -0.210293 0 -0.977638 
vn 0 1 0 
vn -1 0 0 
vn 0 0 1 
vn 1 0 0 
vn 0.210293 0 -0.977638 
vn 0.555569 0 0.831471 
vn 0.520265 0 0.854005 
vn 0.589898 0 0.807477 
vn 0.555569 0 0.831471 
vn 0.623193 0 0.782068 
vn 0.589898 0 0.807477 
vn 0.655395 0 0.755286 
vn 0.623193 0 0.782068 
vn 0.686447 0 0.72718 
vn 0.655395 0 0.755286 
vn 0.716295 0 0.697798 
vn 0.686447 0 0.72718 
vn 0.744886 0 0.667192 
vn 0.716295 0 0.697798 
vn 0.77217 0 0.635415 
vn 0.744886 0 0.667192 
vn 0.798101 0 0.602524 
vn 0.77217 0 0.635415 
vn 0.822631 0 0.568576 
vn 0.798101 0 0.602524 
vn 0.845718 0 0.533631 
vn 0.822631 0 0.568576 
vn 0.867321 0 0.497749 
vn 0.845718 0 0.533631 
vn 0.887403 0 0.460995 
vn 0.867321 0 0.497749 
vn 0.905928 0 0.423431 
vn 0.887403 0 0.460995 
vn 0.510475 0 0.859893 
vn 0.910706 0 0.413055 
vn 0.905928 0 0.423431 
vn 0.03906 0 0.999237 
vn 0 0 1 
vn 0.0781053 0 0.996945 
vn 0.11705 0 0.993126 
vn 0.155832 0 0.987784 
vn 0.19439 0 0.980924 
vn 0.236838 0 0.971549 
vn 0.278746 0 0.960365 
vn 0.319931 0 0.947441 
vn 0.360333 0 0.932824 
vn 0.399896 0 0.91656 
vn 0.438566 0 0.898699 
vn 0.476288 0 0.87929 
vn 0.510161 0 0.860079 
vn 0.155832 0 0.987784 
vn 0 0 1 
vn -0.0239931 0 0.999712 
vn 0.993256 0 0.11594 
vn 0.155904 0 -0.987772 
vn 0.196589 0 -0.980486 
vn 0.236939 0 -0.971525 
vn 0.122415 0 -0.992479 
vn 0.269654 0 -0.962957 
vn 0.242946 0 -0.97004 
vn 0.236939 0 -0.971525 
vn 0.0354221 0 -0.999372 
vn 0.0728424 0 -0.997343 
vn 0.11016 0 -0.993914 
vn 0.00476378 0 -0.999989 
vn 0.140579 0 -0.990069 
vn -0.613683 0 -0.789552 
vn -0.580118 0 -0.814532 
vn -0.545538 0 -0.838086 
vn -0.510003 0 -0.860173 
vn -0.473574 0 -0.880754 
vn -0.436317 0 -0.899793 
vn -0.398296 0 -0.917257 
vn -0.359578 0 -0.933115 
vn -0.32023 0 -0.94734 
vn -0.280322 0 -0.959906 
vn -0.298312 0 -0.954468 
vn -0.239923 0 -0.970792 
vn -0.199103 0 -0.979978 
vn -0.157936 0 -0.987449 
vn -0.116492 0 -0.993192 
vn -0.0748436 0 -0.997195 
vn -0.0330645 0 -0.999453 
vn 0.00877248 0 -0.999962 
vn -0.619672 0 -0.784861 
vn 0.0163799 0 -0.999866 
vn -0.32023 0 -0.94734 
vn -0.893614 0 -0.448836 
vn -0.910485 0 -0.413541 
vn -0.875355 0 -0.483481 
vn -0.853505 0 -0.521085 
vn -0.830095 0 -0.557623 
vn -0.805246 0 -0.592941 
vn -0.779022 0 -0.626997 
vn -0.751484 0 -0.659751 
vn -0.722696 0 -0.691166 
vn -0.69272 0 -0.721207 
vn -0.661621 0 -0.749838 
vn -0.629465 0 -0.777028 
vn -0.616987 0 -0.786973 
vn -0.661621 0 -0.749838 
vn -0.893614 0 -0.448836 
vn 0.99656 0 -0.0828782 
vn 0 0 -1 
vn -1 0 0 
vn -0.188697 0 0.982035 
vn 0.125109 0 0.992143 
vn 0 1 0 
vn 1 0 0 
vn 0 0 -1 
vn -1 0 0 
vn -0.194557 0 0.980891 
vn -0.979844 0 -0.199762 
vn 0 0 -1 
vn 0.959464 0 -0.281831 
vn -0.959935 0 -0.280221 
vn 0 0 -1 
vn 0.979394 0 -0.201957 
vn 0.186106 0 0.98253 
vn 1 0 0 
vn 0 0 -1 
vn -1 0 0 
vn -0.125109 0 0.992143 
vn -0.969153 0 0.24646 
vn 0 0 1 
vn 0.954623 0 0.297816 
vn -0.954623 0 0.297816 
vn 0 0 1 
vn 0.969402 0 0.24548 
vn -0.208469 0 -0.978029 
vn 0 1 0 
vn -1 0 0 
vn 0 0 1 
vn 1 0 0 
vn 0.232066 0 -0.9727 
vn 0.487365 0 0.873199 
vn 0.44946 0 0.8933 
vn 0.524372 0 0.851489 
vn 0.487365 0 0.873199 
vn 0.560415 0 0.828212 
vn 0.524372 0 0.851489 
vn 0.595425 0 0.803411 
vn 0.560415 0 0.828212 
vn 0.62934 0 0.77713 
vn 0.595425 0 0.803411 
vn 0.662096 0 0.749419 
vn 0.62934 0 0.77713 
vn 0.693633 0 0.720328 
vn 0.662096 0 0.749419 
vn 0.723894 0 0.689912 
vn 0.693633 0 0.720328 
vn 0.752821 0 0.658225 
vn 0.723894 0 0.689912 
vn 0.780363 0 0.625327 
vn 0.752821 0 0.658225 
vn 0.431943 0 0.901901 
vn 0.79241 0 0.609988 
vn 0.780363 0 0.625327 
vn 0.0340009 0 0.999422 
vn -0.00728048 0 0.999973 
vn 0.0752243 0 0.997167 
vn 0.0340009 0 0.999422 
vn 0.116319 0 0.993212 
vn 0.0752243 0 0.997167 
vn 0.157216 0 0.987564 
vn 0.116319 0 0.993212 
vn 0.197845 0 0.980233 
vn 0.157216 0 0.987564 
vn 0.238137 0 0.971232 
vn 0.197845 0 0.980233 
vn 0.278023 0 0.960574 
vn 0.238137 0 0.971232 
vn 0.317435 0 0.94828 
vn 0.278023 0 0.960574 
vn 0.356306 0 0.934369 
vn 0.317435 0 0.94828 
vn 0.39457 0 0.918866 
vn 0.356306 0 0.934369 
vn -0.0260449 0 0.999661 
vn 0.411744 0 0.9113 
vn 0.39457 0 0.918866 
vn -0.736903 0 0.675999 
vn -0.762857 0 0.646568 
vn -0.707933 0 0.706279 
vn -0.677816 0 0.735232 
vn -0.646627 0 0.762806 
vn -0.614433 0 0.788969 
vn -0.581297 0 0.813691 
vn -0.547286 0 0.836946 
vn -0.512465 0 0.858708 
vn -0.476904 0 0.878956 
vn -0.440668 0 0.89767 
vn -0.403828 0 0.914835 
vn -0.366451 0 0.930437 
vn -0.328607 0 0.944467 
vn -0.290365 0 0.956916 
vn -0.251795 0 0.967781 
vn -0.212966 0 0.97706 
vn -0.173947 0 0.984755 
vn -0.134808 0 0.990872 
vn -0.0956171 0 0.995418 
vn -0.0564438 0 0.998406 
vn -0.0173561 0 0.999849 
vn 0 0 1 
vn -0.762857 0 0.646568 
vn -0.999248 0 0.0387795 
vn -1 0 0 
vn -0.99699 0 0.0775293 
vn -0.993223 0 0.116225 
vn -0.987946 0 0.154796 
vn -0.981164 0 0.193176 
vn -0.972883 0 0.231298 
vn -0.963112 0 0.269099 
vn -0.951865 0 0.306516 
vn -0.939157 0 0.343488 
vn -0.925005 0 0.379954 
vn -0.90943 0 0.415856 
vn -0.892455 0 0.451136 
vn -0.874105 0 0.485737 
vn -0.852186 0 0.523239 
vn -0.828714 0 0.559672 
vn -0.803809 0 0.594888 
vn -0.777533 0 0.628842 
vn -0.762857 0 0.646568 
vn -0.993223 0 0.116225 
vn -1 0 0 
vn -0.232066 0 -0.9727 
vn 0 0 1 
vn 1 0 0 
vn 0.209834 0 -0.977737 
vn 0.786448 0 -0.617656 
vn 0.759028 0 -0.651058 
vn 0.81088 0 -0.585213 
vn 0.833907 0 -0.551904 
vn 0.855494 0 -0.517813 
vn 0.875618 0 -0.483004 
vn 0.894261 0 -0.447545 
vn 0.911408 0 -0.411504 
vn 0.927046 0 -0.374948 
vn 0.941165 0 -0.337947 
vn 0.95376 0 -0.30057 
vn 0.964827 0 -0.262886 
vn 0.974367 0 -0.224965 
vn 0.982383 0 -0.186877 
vn 0.988883 0 -0.148693 
vn 0.993878 0 -0.110482 
vn 0.997382 0 -0.0723157 
vn 0.999413 0 -0.0342638 
vn 1 0 0 
vn 0.95376 0 -0.30057 
vn 0.759028 0 -0.651058 
vn 0.0391238 0 -0.999234 
vn 0 0 -1 
vn 0.0825847 0 -0.996584 
vn 0.125795 0 -0.992056 
vn 0.168557 0 -0.985692 
vn 0.210804 0 -0.977528 
vn 0.252475 0 -0.967603 
vn 0.221203 0 -0.975228 
vn 0.293507 0 -0.955957 
vn 0.333841 0 -0.94263 
vn 0.373416 0 -0.927664 
vn 0.412175 0 -0.911105 
vn 0.450062 0 -0.892997 
vn 0.487022 0 -0.87339 
vn 0.523003 0 -0.852331 
vn 0.557953 0 -0.829872 
vn 0.591826 0 -0.806066 
vn 0.624573 0 -0.780967 
vn 0.656151 0 -0.75463 
vn 0.686518 0 -0.727113 
vn 0.715634 0 -0.698475 
vn 0.743464 0 -0.668776 
vn 0.759028 0 -0.651058 
vn 0.373416 0 -0.927664 
vn 0 0 -1 
vn -0.472712 0 -0.881217 
vn -0.436312 0 -0.899796 
vn -0.399182 0 -0.916872 
vn -0.361386 0 -0.932416 
vn -0.322987 0 -0.946403 
vn -0.284048 0 -0.95881 
vn -0.244634 0 -0.969615 
vn -0.204812 0 -0.978801 
vn -0.244273 0 -0.969706 
vn -0.164648 0 -0.986352 
vn -0.124209 0 -0.992256 
vn -0.0835624 0 -0.996503 
vn -0.0427763 0 -0.999085 
vn -0.00191876 0 -0.999998 
vn -0.485757 0 -0.874094 
vn 0.0129429 0 -0.999916 
vn -0.244634 0 -0.969615 
vn -0.823048 0 -0.567972 
vn -0.797882 0 -0.602813 
vn -0.771243 0 -0.636541 
vn -0.743179 0 -0.669093 
vn -0.713742 0 -0.700408 
vn -0.682987 0 -0.730431 
vn -0.65097 0 -0.759103 
vn -0.617751 0 -0.786374 
vn -0.58339 0 -0.812192 
vn -0.547952 0 -0.83651 
vn -0.511502 0 -0.859282 
vn -0.833685 0 -0.552241 
vn -0.494619 0 -0.86911 
vn 1 0 0 
vn 0 0 -1 
vn -1 0 0 
vn -0.189146 0 0.981949 
vn -0.0391164 0 -0.999235 
vn 0 0 -1 
vn -0.0782141 0 -0.996937 
vn -0.121441 0 -0.992599 
vn -0.164343 0 -0.986403 
vn -0.206732 0 -0.978398 
vn -0.248544 0 -0.968621 
vn -0.289717 0 -0.957112 
vn -0.330192 0 -0.943914 
vn -0.369909 0 -0.929068 
vn -0.40881 0 -0.912619 
vn -0.446839 0 -0.894614 
vn -0.483942 0 -0.8751 
vn -0.520066 0 -0.854126 
vn -0.55516 0 -0.831744 
vn -0.589174 0 -0.808006 
vn -0.622064 0 -0.782966 
vn -0.653784 0 -0.756681 
vn -0.684292 0 -0.729208 
vn -0.696031 0 -0.718011 
vn -0.289717 0 -0.957112 
vn 0 0 -1 
vn 0 1 0 
vn 0.864278 0 -0.503014 
vn 0.883322 0 -0.468767 
vn 0.841973 0 -0.53952 
vn 0.81819 0 -0.574948 
vn 0.793024 0 -0.60919 
vn 0.766534 0 -0.642203 
vn 0.738781 0 -0.673946 
vn 0.709825 0 -0.704378 
vn 0.679728 0 -0.733464 
vn 0.648554 0 -0.761168 
vn 0.616367 0 -0.787459 
vn 0.583233 0 -0.812305 
vn 0.549216 0 -0.83568 
vn 0.514385 0 -0.85756 
vn 0.478805 0 -0.877921 
vn 0.458323 0 -0.888786 
vn 0.421601 0 -0.906782 
vn 0.384414 0 -0.923161 
vn 0.346723 0 -0.937968 
vn 0.308598 0 -0.951192 
vn 0.27011 0 -0.96283 
vn 0.231326 0 -0.972876 
vn 0.192318 0 -0.981333 
vn 0.153154 0 -0.988202 
vn 0.113903 0 -0.993492 
vn 0.0746344 0 -0.997211 
vn 0.0354162 0 -0.999373 
vn 0 0 -1 
vn 0.583233 0 -0.812305 
vn 0.648554 0 -0.761168 
vn 0.883322 0 -0.468767 
vn 0.999241 0 -0.0389556 
vn 1 0 0 
vn 0.996962 0 -0.0778959 
vn 0.993161 0 -0.11675 
vn 0.987843 0 -0.155454 
vn 0.981012 0 -0.193945 
vn 0.972678 0 -0.23216 
vn 0.96285 0 -0.270038 
vn 0.951542 0 -0.307518 
vn 0.938771 0 -0.344541 
vn 0.922913 0 -0.385008 
vn 0.905353 0 -0.424659 
vn 0.888061 0 -0.459726 
vn 0.883322 0 -0.468767 
vn 0.993161 0 -0.11675 
vn 1 0 0 
vn 0.890456 0 0.455069 
vn 0.870044 0 0.492974 
vn 0.908074 0 0.41881 
vn 0.924173 0 0.381975 
vn 0.938728 0 0.34466 
vn 0.951731 0 0.306934 
vn 0.963177 0 0.268867 
vn 0.973066 0 0.230527 
vn 0.981398 0 0.191985 
vn 0.988178 0 0.153309 
vn 0.993415 0 0.11457 
vn 0.99712 0 0.075835 
vn 0.999309 0 0.0371745 
vn 1 0 0 
vn 0.870044 0 0.492974 
vn 0.0390807 0 0.999236 
vn 0 0 1 
vn 0.0781457 0 0.996942 
vn 0.117108 0 0.993119 
vn 0.155905 0 0.987772 
vn 0.198679 0 0.980065 
vn 0.240982 0 0.970529 
vn 0.282633 0 0.959228 
vn 0.323568 0 0.946205 
vn 0.36373 0 0.931505 
vn 0.403061 0 0.915173 
vn 0.441508 0 0.897257 
vn 0.474297 0 0.880365 
vn 0.510896 0 0.859643 
vn 0.546504 0 0.837457 
vn 0.581027 0 0.813884 
vn 0.614418 0 0.788981 
vn 0.646632 0 0.762802 
vn 0.677627 0 0.735406 
vn 0.707362 0 0.706851 
vn 0.7358 0 0.677199 
vn 0.762906 0 0.646509 
vn 0.788648 0 0.614845 
vn 0.812995 0 0.582271 
vn 0.83592 0 0.548852 
vn 0.857399 0 0.514652 
vn 0.870044 0 0.492974 
vn 0 0 1 
vn -0.285277 0 0.958445 
vn -0.324223 0 0.945981 
vn -0.245854 0 0.969307 
vn -0.285277 0 0.958445 
vn -0.20602 0 0.978548 
vn -0.245854 0 0.969307 
vn -0.165842 0 0.986152 
vn -0.20602 0 0.978548 
vn -0.125386 0 0.992108 
vn -0.165842 0 0.986152 
vn -0.0847206 0 0.996405 
vn -0.125386 0 0.992108 
vn -0.0439135 0 0.999035 
vn -0.0847206 0 0.996405 
vn -0.00303294 0 0.999995 
vn -0.0439135 0 0.999035 
vn -0.345241 0 0.938514 
vn 0.0192721 0 0.999814 
vn -0.00303294 0 0.999995 
vn -0.590887 0 0.806754 
vn -0.62421 0 0.781257 
vn -0.556525 0 0.830831 
vn -0.590887 0 0.806754 
vn -0.521183 0 0.853445 
vn -0.556525 0 0.830831 
vn -0.484923 0 0.874557 
vn -0.521183 0 0.853445 
vn -0.44781 0 0.894129 
vn -0.484923 0 0.874557 
vn -0.409908 0 0.912127 
vn -0.44781 0 0.894129 
vn -0.371285 0 0.928519 
vn -0.409908 0 0.912127 
vn -0.643387 0 0.765541 
vn -0.34815 0 0.937439 
vn -0.371285 0 0.928519 
vn -0.961935 0 0.273277 
vn 0 0 1 
vn 0.999896 0 -0.014395 
vn 0.352672 0 -0.935747 
vn 0.390604 0 -0.920559 
vn 0.427883 0 -0.903834 
vn 0.464447 0 -0.885601 
vn 0.500237 0 -0.865889 
vn 0.535191 0 -0.844731 
vn 0.569252 0 -0.822163 
vn 0.602362 0 -0.798223 
vn 0.634467 0 -0.77295 
vn 0.665513 0 -0.746386 
vn 0.695447 0 -0.718577 
vn 0.335233 0 -0.942135 
vn 0.708673 0 -0.705537 
vn 0.039112 0 -0.999235 
vn 0 0 -1 
vn 0.0782059 0 -0.996937 
vn 0.121486 0 -0.992593 
vn 0.164441 0 -0.986387 
vn 0.206879 0 -0.978367 
vn 0.166403 0 -0.986058 
vn 0.248737 0 -0.968571 
vn 0.289952 0 -0.957041 
vn 0.330465 0 -0.943818 
vn 0.351439 0 -0.936211 
vn 0 0 -1 
vn -0.726825 0 -0.686823 
vn -0.753206 0 -0.657784 
vn -0.697313 0 -0.716767 
vn -0.666663 0 -0.745359 
vn -0.634958 0 -0.772547 
vn -0.602262 0 -0.798298 
vn -0.568643 0 -0.822584 
vn -0.534166 0 -0.84538 
vn -0.498898 0 -0.86666 
vn -0.462909 0 -0.886406 
vn -0.426265 0 -0.904598 
vn -0.389036 0 -0.921223 
vn -0.351291 0 -0.936266 
vn -0.313099 0 -0.94972 
vn -0.274531 0 -0.961578 
vn -0.235655 0 -0.971837 
vn -0.196542 0 -0.980495 
vn -0.157261 0 -0.987557 
vn -0.175471 0 -0.984485 
vn -0.11788 0 -0.993028 
vn -0.0784693 0 -0.996917 
vn -0.0390967 0 -0.999235 
vn 0 0 -1 
vn -0.726825 0 -0.686823 
vn -0.999234 0 -0.0391295 
vn -1 0 0 
vn -0.99659 0 -0.0825153 
vn -0.992075 0 -0.125649 
vn -0.985729 0 -0.168341 
vn -0.977589 0 -0.210523 
vn -0.967692 0 -0.252134 
vn -0.956078 0 -0.293111 
vn -0.942788 0 -0.333394 
vn -0.927862 0 -0.372923 
vn -0.911346 0 -0.411641 
vn -0.893285 0 -0.449491 
vn -0.873726 0 -0.486418 
vn -0.852719 0 -0.522369 
vn -0.830315 0 -0.557295 
vn -0.806564 0 -0.591146 
vn -0.781523 0 -0.623876 
vn -0.75641 0 -0.654098 
vn -0.753206 0 -0.657784 
vn -0.781523 0 -0.623876 
vn -1 0 0 
vn -0.784691 0 0.619887 
vn -0.759761 0 0.650203 
vn -0.809867 0 0.586614 
vn -0.833559 0 0.55243 
vn -0.855735 0 0.517415 
vn -0.876372 0 0.481635 
vn -0.895451 0 0.44516 
vn -0.912956 0 0.408058 
vn -0.928873 0 0.370398 
vn -0.943191 0 0.332251 
vn -0.955902 0 0.293686 
vn -0.967001 0 0.254772 
vn -0.976486 0 0.215581 
vn -0.984358 0 0.176181 
vn -0.990621 0 0.136641 
vn -0.995281 0 0.097032 
vn -0.99835 0 0.0574212 
vn -0.99984 0 0.0178771 
vn -1 0 0 
vn -0.809867 0 0.586614 
vn -0.759761 0 0.650203 
vn -0.0391045 0 0.999235 
vn 0 0 1 
vn -0.0781915 0 0.996938 
vn -0.121562 0 0.992584 
vn -0.164608 0 0.986359 
vn -0.207131 0 0.978313 
vn -0.184459 0 0.98284 
vn -0.249066 0 0.968487 
vn -0.290352 0 0.95692 
vn -0.33093 0 0.943655 
vn -0.37074 0 0.928737 
vn -0.409726 0 0.912208 
vn -0.447832 0 0.894118 
vn -0.485003 0 0.874513 
vn -0.521186 0 0.853443 
vn -0.556332 0 0.83096 
vn -0.59039 0 0.807118 
vn -0.623316 0 0.78197 
vn -0.655065 0 0.755573 
vn -0.685594 0 0.727984 
vn -0.714865 0 0.699262 
vn -0.742841 0 0.669468 
vn -0.759761 0 0.650203 
vn -0.37074 0 0.928737 
vn 0 0 1 
vn 0.626389 0 0.779511 
vn 0.656484 0 0.75434 
vn 0.593097 0 0.805131 
vn 0.558865 0 0.829259 
vn 0.523779 0 0.851854 
vn 0.48791 0 0.872894 
vn 0.451325 0 0.89236 
vn 0.414095 0 0.910234 
vn 0.376288 0 0.926503 
vn 0.337976 0 0.941155 
vn 0.299228 0 0.954182 
vn 0.260115 0 0.965578 
vn 0.220706 0 0.97534 
vn 0.181072 0 0.98347 
vn 0.196184 0 0.980567 
vn 0.141282 0 0.989969 
vn 0.101407 0 0.994845 
vn 0.0615138 0 0.998106 
vn 0.021672 0 0.999765 
vn 0 0 1 
vn 0.414095 0 0.910234 
vn 0.558865 0 0.829259 
vn 0.656484 0 0.75434 
vn 0.999904 0 0.0138511 
vn 0.999679 0 -0.025333 
vn 0.998396 0 0.0566213 
vn 0.99507 0 0.099177 
vn 0.989956 0 0.141379 
vn 0.983083 0 0.183158 
vn 0.974485 0 0.224451 
vn 0.964196 0 0.265192 
vn 0.95225 0 0.305319 
vn 0.938687 0 0.344771 
vn 0.923546 0 0.383487 
vn 0.90687 0 0.421411 
vn 0.888702 0 0.458484 
vn 0.86909 0 0.494655 
vn 0.84808 0 0.529869 
vn 0.825722 0 0.564077 
vn 0.802069 0 0.597232 
vn 0.777173 0 0.629287 
vn 0.75109 0 0.660199 
vn 0.723877 0 0.689929 
vn 0.695592 0 0.718437 
vn 0.666294 0 0.745689 
vn 0.656484 0 0.75434 
vn 0.999679 0 -0.025333 
vn 0.894427 0 -0.447214 
vn 0 0 -1 
vn -0.723657 0 -0.690159 
vn -0.696031 0 -0.718011 
vn -0.752064 0 -0.65909 
vn -0.779058 0 -0.626951 
vn -0.804591 0 -0.59383 
vn -0.828633 0 -0.559793 
vn -0.851159 0 -0.524907 
vn -0.872148 0 -0.489242 
vn -0.891579 0 -0.452864 
vn -0.909436 0 -0.415844 
vn -0.925703 0 -0.378251 
vn -0.94037 0 -0.340154 
vn -0.953427 0 -0.301623 
vn -0.96487 0 -0.262728 
vn -0.974695 0 -0.223539 
vn -0.982903 0 -0.184126 
vn -0.989496 0 -0.144558 
vn -0.994482 0 -0.104904 
vn -0.99787 0 -0.0652338 
vn -0.999672 0 -0.0256151 
vn -1 0 0 
vn -0.925703 0 -0.378251 
vn -0.851159 0 -0.524907 
vn -0.696031 0 -0.718011 
vn -0.210293 0 -0.977638 
vn 0 1 0 
vn -1 0 0 
vn 0 0 1 
vn 1 0 0 
vn 0.246859 0 -0.969051 
vn 0.504981 0 0.863131 
vn 0.469171 0 0.883107 
vn 0.539941 0 0.841703 
vn 0.504981 0 0.863131 
vn 0.573994 0 0.818859 
vn 0.539941 0 0.841703 
vn 0.607082 0 0.794639 
vn 0.573994 0 0.818859 
vn 0.639149 0 0.769083 
vn 0.607082 0 0.794639 
vn 0.670141 0 0.742234 
vn 0.639149 0 0.769083 
vn 0.700006 0 0.714137 
vn 0.670141 0 0.742234 
vn 0.728695 0 0.684839 
vn 0.700006 0 0.714137 
vn 0.756158 0 0.654389 
vn 0.728695 0 0.684839 
vn 0.78235 0 0.622839 
vn 0.756158 0 0.654389 
vn 0.807226 0 0.590242 
vn 0.78235 0 0.622839 
vn 0.454288 0 0.890855 
vn 0.817014 0 0.576618 
vn 0.807226 0 0.590242 
vn 0.04379 0 0.999041 
vn 0.000227927 0 1 
vn 0.0872689 0 0.996185 
vn 0.04379 0 0.999041 
vn 0.130582 0 0.991438 
vn 0.0872689 0 0.996185 
vn 0.173647 0 0.984808 
vn 0.130582 0 0.991438 
vn 0.216383 0 0.976309 
vn 0.173647 0 0.984808 
vn 0.258708 0 0.965956 
vn 0.216383 0 0.976309 
vn 0.300541 0 0.953769 
vn 0.258708 0 0.965956 
vn 0.341804 0 0.939771 
vn 0.300541 0 0.953769 
vn 0.382418 0 0.923989 
vn 0.341804 0 0.939771 
vn 0.422306 0 0.906453 
vn 0.382418 0 0.923989 
vn -0.0195781 0 0.999808 
vn 0.440176 0 0.897911 
vn 0.422306 0 0.906453 
vn -0.687372 0 0.726306 
vn -0.718398 0 0.695632 
vn -0.656741 0 0.754116 
vn -0.625097 0 0.780547 
vn -0.592504 0 0.805568 
vn -0.559025 0 0.82915 
vn -0.524728 0 0.85127 
vn -0.489679 0 0.871903 
vn -0.453945 0 0.89103 
vn -0.417593 0 0.908634 
vn -0.380693 0 0.924701 
vn -0.343313 0 0.939221 
vn -0.305521 0 0.952185 
vn -0.267388 0 0.963589 
vn -0.228983 0 0.97343 
vn -0.190374 0 0.981712 
vn -0.151632 0 0.988437 
vn -0.112826 0 0.993615 
vn -0.0740247 0 0.997256 
vn -0.0352971 0 0.999377 
vn 0 0 1 
vn -0.343313 0 0.939221 
vn -0.559025 0 0.82915 
vn -0.718398 0 0.695632 
vn -0.999245 0 0.038862 
vn -1 0 0 
vn -0.996977 0 0.0777026 
vn -0.993194 0 0.116473 
vn -0.987898 0 0.155106 
vn -0.981093 0 0.193537 
vn -0.972787 0 0.231702 
vn -0.96299 0 0.269538 
vn -0.951715 0 0.306984 
vn -0.938977 0 0.343979 
vn -0.924796 0 0.380463 
vn -0.909192 0 0.416378 
vn -0.89021 0 0.455551 
vn -0.869589 0 0.493777 
vn -0.84744 0 0.530891 
vn -0.823824 0 0.566846 
vn -0.798798 0 0.601599 
vn -0.772424 0 0.635107 
vn -0.744762 0 0.66733 
vn -0.718398 0 0.695632 
vn -1 0 0 
vn -0.233749 0 -0.972297 
vn 0 0 1 
vn 1 0 0 
vn 0.209834 0 -0.977737 
vn 0.774042 0 -0.633134 
vn 0.745938 0 -0.666016 
vn 0.799157 0 -0.601123 
vn 0.822879 0 -0.568217 
vn 0.845171 0 -0.534496 
vn 0.866011 0 -0.500025 
vn 0.885378 0 -0.464871 
vn 0.903256 0 -0.429101 
vn 0.919631 0 -0.392784 
vn 0.934491 0 -0.355988 
vn 0.947828 0 -0.318781 
vn 0.959639 0 -0.281234 
vn 0.969922 0 -0.243415 
vn 0.978679 0 -0.205396 
vn 0.985915 0 -0.167245 
vn 0.99164 0 -0.129034 
vn 0.995866 0 -0.0908324 
vn 0.99861 0 -0.0527107 
vn 0.999891 0 -0.0147395 
vn 1 0 0 
vn 0.799157 0 -0.601123 
vn 0.745938 0 -0.666016 
vn 0.0391119 0 -0.999235 
vn 0 0 -1 
vn 0.0782056 0 -0.996937 
vn 0.121487 0 -0.992593 
vn 0.164444 0 -0.986387 
vn 0.206884 0 -0.978366 
vn 0.248742 0 -0.96857 
vn 0.221372 0 -0.975189 
vn 0.289959 0 -0.957039 
vn 0.330473 0 -0.943815 
vn 0.370226 0 -0.928942 
vn 0.409159 0 -0.912463 
vn 0.447218 0 -0.894425 
vn 0.484347 0 -0.874876 
vn 0.520493 0 -0.853866 
vn 0.555607 0 -0.831445 
vn 0.589639 0 -0.807667 
vn 0.622542 0 -0.782586 
vn 0.654274 0 -0.756258 
vn 0.68479 0 -0.72874 
vn 0.714053 0 -0.700092 
vn 0.741032 0 -0.67147 
vn 0.745938 0 -0.666016 
vn 0.0782056 0 -0.996937 
vn 0 0 -1 
vn -0.484945 0 -0.874545 
vn -0.447627 0 -0.89422 
vn -0.409513 0 -0.912304 
vn -0.37067 0 -0.928765 
vn -0.331168 0 -0.943572 
vn -0.291076 0 -0.9567 
vn -0.250466 0 -0.968125 
vn -0.20941 0 -0.977828 
vn -0.23764 0 -0.971353 
vn -0.167982 0 -0.98579 
vn -0.126254 0 -0.991998 
vn -0.0843021 0 -0.99644 
vn -0.0421999 0 -0.999109 
vn -2.27189e-05 0 -1 
vn -0.498305 0 -0.867002 
vn 0.0153184 0 -0.999883 
vn -0.250466 0 -0.968125 
vn -0.834598 0 -0.55086 
vn -0.81003 0 -0.586389 
vn -0.78395 0 -0.620824 
vn -0.756408 0 -0.6541 
vn -0.727455 0 -0.686156 
vn -0.697144 0 -0.716931 
vn -0.665532 0 -0.746369 
vn -0.632679 0 -0.774414 
vn -0.598645 0 -0.801015 
vn -0.563494 0 -0.82612 
vn -0.527291 0 -0.849685 
vn -0.844944 0 -0.534854 
vn -0.510509 0 -0.859873 
vn 0.996431 0 -0.0844084 
vn 0 0 -1 
vn -1 0 0 
vn -0.188697 0 0.982035 
vn -0.0391304 0 0.999234 
vn 0 0 1 
vn -0.0825041 0 0.996591 
vn -0.125626 0 0.992078 
vn -0.168306 0 0.985735 
vn -0.210478 0 0.977599 
vn -0.185748 0 0.982597 
vn -0.252079 0 0.967707 
vn -0.293047 0 0.956098 
vn -0.333322 0 0.942813 
vn -0.372844 0 0.927894 
vn -0.411555 0 0.911385 
vn -0.449398 0 0.893331 
vn -0.48632 0 0.873781 
vn -0.522267 0 0.852782 
vn -0.557189 0 0.830386 
vn -0.591036 0 0.806645 
vn -0.623763 0 0.781613 
vn -0.655326 0 0.755346 
vn -0.685682 0 0.727901 
vn -0.714792 0 0.699337 
vn -0.731237 0 0.682124 
vn -0.685682 0 0.727901 
vn -0.293047 0 0.956098 
vn 0 0 1 
vn 0.283794 0 0.958885 
vn 0.245392 0 0.969424 
vn 0.206601 0 0.978425 
vn 0.167482 0 0.985875 
vn 0.128098 0 0.991762 
vn 0.166783 0 0.985994 
vn 0.08851 0 0.996075 
vn 0.0487822 0 0.998809 
vn 0.00897696 0 0.99996 
vn 0.306278 0 0.951942 
vn -0.0145551 0 0.999894 
vn 0.167482 0 0.985875 
vn 0.58804 0 0.808832 
vn 0.62195 0 0.783057 
vn 0.555652 0 0.831415 
vn 0.522483 0 0.852649 
vn 0.488654 0 0.872478 
vn 0.454229 0 0.890885 
vn 0.419278 0 0.907858 
vn 0.383872 0 0.923386 
vn 0.348081 0 0.937465 
vn 0.320066 0 0.947395 
vn 0.488654 0 0.872478 
vn 0.62195 0 0.783057 
vn 0.915746 0 -0.401757 
vn -0.37089 0 -0.928677 
vn -0.335121 0 -0.942175 
vn -0.406117 0 -0.913821 
vn -0.37089 0 -0.928677 
vn -0.44075 0 -0.89763 
vn -0.406117 0 -0.913821 
vn -0.474739 0 -0.880127 
vn -0.44075 0 -0.89763 
vn -0.308797 0 -0.951128 
vn -0.499003 0 -0.8666 
vn -0.474739 0 -0.880127 
vn -0.0387618 0 -0.999248 
vn 0 0 -1 
vn -0.0774917 0 -0.996993 
vn -0.116171 0 -0.993229 
vn -0.154729 0 -0.987957 
vn -0.193098 0 -0.98118 
vn -0.231211 0 -0.972904 
vn -0.269005 0 -0.963139 
vn -0.291732 0 -0.9565 
vn 0 0 -1 
vn 0.709201 0 -0.705006 
vn 0.736305 0 -0.67665 
vn 0.678861 0 -0.734267 
vn 0.64741 0 -0.762142 
vn 0.614936 0 -0.788577 
vn 0.581506 0 -0.813542 
vn 0.547186 0 -0.837011 
vn 0.512044 0 -0.858959 
vn 0.476147 0 -0.879366 
vn 0.439565 0 -0.898211 
vn 0.402367 0 -0.915478 
vn 0.364622 0 -0.931156 
vn 0.326399 0 -0.945232 
vn 0.287769 0 -0.9577 
vn 0.248801 0 -0.968555 
vn 0.209565 0 -0.977795 
vn 0.170131 0 -0.985422 
vn 0.130568 0 -0.991439 
vn 0.090945 0 -0.995856 
vn 0.0513311 0 -0.998682 
vn 0.0117941 0 -0.99993 
vn 0 0 -1 
vn 0.476147 0 -0.879366 
vn 0.547186 0 -0.837011 
vn 0.64741 0 -0.762142 
vn 0.736305 0 -0.67665 
vn 0.993524 0 -0.113619 
vn 0.99721 0 -0.0746415 
vn 0.987679 0 -0.156495 
vn 0.980004 0 -0.198979 
vn 0.97055 0 -0.2409 
vn 0.959357 0 -0.282194 
vn 0.946467 0 -0.3228 
vn 0.931922 0 -0.36266 
vn 0.915765 0 -0.401714 
vn 0.898044 0 -0.439906 
vn 0.878804 0 -0.477182 
vn 0.858096 0 -0.513489 
vn 0.83597 0 -0.548775 
vn 0.812479 0 -0.582991 
vn 0.787676 0 -0.61609 
vn 0.761617 0 -0.648028 
vn 0.736305 0 -0.67665 
vn 0.99721 0 -0.0746415 
vn 0.953583 0 0.301131 
vn 0 0 1 
vn 1 0 0 
vn 0.763214 0 -0.646145 
vn 0.737265 0 -0.675603 
vn 0.789429 0 -0.613841 
vn 0.814199 0 -0.580585 
vn 0.837492 0 -0.54645 
vn 0.859281 0 -0.511503 
vn 0.879547 0 -0.475811 
vn 0.89827 0 -0.439443 
vn 0.915434 0 -0.402467 
vn 0.931026 0 -0.364953 
vn 0.945035 0 -0.326969 
vn 0.957454 0 -0.288585 
vn 0.968279 0 -0.24987 
vn 0.977509 0 -0.210895 
vn 0.985144 0 -0.171729 
vn 0.991191 0 -0.13244 
vn 0.995657 0 -0.0930979 
vn 0.998553 0 -0.0537713 
vn 0.999894 0 -0.0145283 
vn 1 0 0 
vn 0.737265 0 -0.675603 
vn 0.0390989 0 -0.999235 
vn 0 0 -1 
vn 0.0781808 0 -0.996939 
vn 0.117158 0 -0.993113 
vn 0.160196 0 -0.987085 
vn 0.202837 0 -0.979213 
vn 0.185412 0 -0.982661 
vn 0.244894 0 -0.96955 
vn 0.286304 0 -0.958139 
vn 0.327007 0 -0.945022 
vn 0.366945 0 -0.930243 
vn 0.40606 0 -0.913847 
vn 0.444296 0 -0.89588 
vn 0.481599 0 -0.876392 
vn 0.517917 0 -0.855431 
vn 0.553198 0 -0.83305 
vn 0.587394 0 -0.809301 
vn 0.620458 0 -0.78424 
vn 0.652346 0 -0.757921 
vn 0.683016 0 -0.730404 
vn 0.712428 0 -0.701745 
vn 0.737265 0 -0.675603 
vn 0 0 -1 
vn -0.735868 0 -0.677125 
vn -0.761843 0 -0.647762 
vn -0.706414 0 -0.707799 
vn -0.675769 0 -0.737114 
vn -0.644034 0 -0.764997 
vn -0.611276 0 -0.791418 
vn -0.577562 0 -0.816347 
vn -0.542959 0 -0.839759 
vn -0.507536 0 -0.861631 
vn -0.471361 0 -0.881941 
vn -0.434503 0 -0.900671 
vn -0.397031 0 -0.917805 
vn -0.359017 0 -0.933331 
vn -0.320529 0 -0.947239 
vn -0.281638 0 -0.959521 
vn -0.242414 0 -0.970173 
vn -0.202927 0 -0.979194 
vn -0.163247 0 -0.986585 
vn -0.195103 0 -0.980783 
vn -0.123444 0 -0.992352 
vn -0.0835859 0 -0.996501 
vn -0.0437425 0 -0.999043 
vn -0.00429444 0 -0.999991 
vn 0.0043103 0 -0.999991 
vn -0.706414 0 -0.707799 
vn -0.761843 0 -0.647762 
vn -0.999234 0 -0.0391271 
vn -1 0 0 
vn -0.996587 0 -0.0825447 
vn -0.992067 0 -0.125711 
vn -0.985713 0 -0.168432 
vn -0.977563 0 -0.210643 
vn -0.967655 0 -0.252279 
vn -0.956027 0 -0.293279 
vn -0.94272 0 -0.333584 
vn -0.927778 0 -0.373133 
vn -0.911244 0 -0.411868 
vn -0.893163 0 -0.449733 
vn -0.873583 0 -0.486675 
vn -0.852554 0 -0.522639 
vn -0.830126 0 -0.557575 
vn -0.806352 0 -0.591435 
vn -0.781287 0 -0.624173 
vn -0.761843 0 -0.647762 
vn -0.956027 0 -0.293279 
vn -0.985713 0 -0.168432 
vn -0.999234 0 -0.0391271 
vn -1 0 0 
vn -0.757428 0 0.652918 
vn -0.731237 0 0.682124 
vn -0.78423 0 0.62047 
vn -0.809569 0 0.587024 
vn -0.833399 0 0.552672 
vn -0.855695 0 0.51748 
vn -0.876437 0 0.481517 
vn -0.895604 0 0.444853 
vn -0.91318 0 0.407556 
vn -0.929153 0 0.369696 
vn -0.94351 0 0.331344 
vn -0.956244 0 0.29257 
vn -0.96735 0 0.253443 
vn -0.976826 0 0.214034 
vn -0.984673 0 0.174412 
vn -0.990893 0 0.134648 
vn -0.995495 0 0.0948107 
vn -0.998488 0 0.0549686 
vn -0.999885 0 0.0151902 
vn -1 0 0 
vn -0.91318 0 0.407556 
vn -0.78423 0 0.62047 
vn -0.731237 0 0.682124 
vn 0 1 0 
vn 0.041252 0 0.999149 
vn -0.00179419 0 0.999998 
vn 0.0842217 0 0.996447 
vn 0.041252 0 0.999149 
vn 0.127035 0 0.991898 
vn 0.0842217 0 0.996447 
vn 0.169613 0 0.985511 
vn 0.127035 0 0.991898 
vn 0.211877 0 0.977296 
vn 0.169613 0 0.985511 
vn 0.253748 0 0.96727 
vn 0.211877 0 0.977296 
vn 0.295148 0 0.955451 
vn 0.253748 0 0.96727 
vn 0.336002 0 0.941861 
vn 0.295148 0 0.955451 
vn 0.376232 0 0.926525 
vn 0.336002 0 0.941861 
vn 0.415766 0 0.909472 
vn 0.376232 0 0.926525 
vn 0.454528 0 0.890732 
vn 0.415766 0 0.909472 
vn 0.492448 0 0.870342 
vn 0.454528 0 0.890732 
vn 0.529455 0 0.848338 
vn 0.492448 0 0.870342 
vn 0.565481 0 0.824762 
vn 0.529455 0 0.848338 
vn 0.600458 0 0.799656 
vn 0.565481 0 0.824762 
vn 0.634322 0 0.773069 
vn 0.600458 0 0.799656 
vn 0.667011 0 0.745048 
vn 0.634322 0 0.773069 
vn 0.698463 0 0.715646 
vn 0.667011 0 0.745048 
vn 0.72862 0 0.684918 
vn 0.698463 0 0.715646 
vn 0.757427 0 0.65292 
vn 0.72862 0 0.684918 
vn 0.78483 0 0.619712 
vn 0.757427 0 0.65292 
vn -0.0389707 0 0.99924 
vn 0.807326 0 0.590105 
vn 0.78483 0 0.619712 
vn 0 1 0 
vn -0.762224 0 0.647313 
vn -0.787026 0 0.61692 
vn -0.734302 0 0.678823 
vn -0.705168 0 0.70904 
vn -0.674903 0 0.737906 
vn -0.643571 0 0.765386 
vn -0.611237 0 0.791448 
vn -0.577965 0 0.816061 
vn -0.543823 0 0.8392 
vn -0.508876 0 0.86084 
vn -0.473192 0 0.88096 
vn -0.436839 0 0.89954 
vn -0.399886 0 0.916565 
vn -0.362402 0 0.932022 
vn -0.324455 0 0.945901 
vn -0.286116 0 0.958195 
vn -0.247454 0 0.9689 
vn -0.208538 0 0.978014 
vn -0.169438 0 0.985541 
vn -0.130222 0 0.991485 
vn -0.0909609 0 0.995854 
vn -0.051722 0 0.998662 
vn -0.0125737 0 0.999921 
vn 0 0 1 
vn -0.787026 0 0.61692 
vn -0.999237 0 0.0390643 
vn -1 0 0 
vn -0.996944 0 0.0781137 
vn -0.993125 0 0.117062 
vn -0.987781 0 0.155847 
vn -0.980044 0 0.198783 
vn -0.970463 0 0.241249 
vn -0.959106 0 0.283048 
vn -0.946017 0 0.324118 
vn -0.931241 0 0.364403 
vn -0.914827 0 0.403846 
vn -0.896822 0 0.442392 
vn -0.877275 0 0.479988 
vn -0.856238 0 0.516582 
vn -0.833763 0 0.552123 
vn -0.809904 0 0.586563 
vn -0.787026 0 0.61692 
vn -1 0 0 
vn 0 0 -1 
vn 0.847998 0 -0.529999 
vn 0.823331 0 0.567562 
vn 0.798021 0 0.602629 
vn 0.845728 0 0.533614 
vn 0.866666 0 0.498889 
vn 0.886113 0 0.463469 
vn 0.904052 0 0.427422 
vn 0.920469 0 0.390816 
vn 0.935352 0 0.353718 
vn 0.948693 0 0.316199 
vn 0.960486 0 0.278327 
vn 0.97073 0 0.240171 
vn 0.979426 0 0.201803 
vn 0.986578 0 0.163289 
vn 0.992194 0 0.124702 
vn 0.993884 0 0.110432 
vn 0.798021 0 0.602629 
vn 0 1 0 
vn -0.0437206 0 -0.999044 
vn -0.00184437 0 -0.999998 
vn -0.0855202 0 -0.996336 
vn -0.0437206 0 -0.999044 
vn -0.12717 0 -0.991881 
vn -0.0855202 0 -0.996336 
vn -0.168596 0 -0.985685 
vn -0.12717 0 -0.991881 
vn -0.209727 0 -0.97776 
vn -0.168596 0 -0.985685 
vn -0.250489 0 -0.968119 
vn -0.209727 0 -0.97776 
vn -0.290812 0 -0.95678 
vn -0.250489 0 -0.968119 
vn -0.330625 0 -0.943762 
vn -0.290812 0 -0.95678 
vn -0.369858 0 -0.929088 
vn -0.330625 0 -0.943762 
vn -0.408442 0 -0.912784 
vn -0.369858 0 -0.929088 
vn -0.446309 0 -0.894879 
vn -0.408442 0 -0.912784 
vn 0.0152919 0 -0.999883 
vn -0.446309 0 -0.894879 
vn -0.461583 0 -0.887097 
vn 0 1 0 
vn 0.624587 0 -0.780955 
vn 0.658024 0 -0.752997 
vn 0.591813 0 -0.806075 
vn 0.558147 0 -0.829742 
vn 0.523654 0 -0.851931 
vn 0.488402 0 -0.872618 
vn 0.452459 0 -0.891785 
vn 0.415892 0 -0.909414 
vn 0.37877 0 -0.925491 
vn 0.341162 0 -0.940005 
vn 0.303137 0 -0.952947 
vn 0.264764 0 -0.964313 
vn 0.226114 0 -0.974101 
vn 0.187255 0 -0.982311 
vn 0.148256 0 -0.988949 
vn 0.109188 0 -0.994021 
vn 0.0701176 0 -0.997539 
vn 0.0311145 0 -0.999516 
vn 0 0 -1 
vn 0.591813 0 -0.806075 
vn 0.658024 0 -0.752997 
vn 0.999235 0 -0.0391177 
vn 1 0 0 
vn 0.996578 0 -0.0826581 
vn 0.992037 0 -0.125949 
vn 0.985653 0 -0.168785 
vn 0.977464 0 -0.211102 
vn 0.967509 0 -0.252835 
vn 0.955828 0 -0.293925 
vn 0.942463 0 -0.334312 
vn 0.927455 0 -0.373935 
vn 0.91085 0 -0.412737 
vn 0.892694 0 -0.450663 
vn 0.873035 0 -0.487657 
vn 0.851922 0 -0.523668 
vn 0.829407 0 -0.558645 
vn 0.805542 0 -0.592538 
vn 0.780382 0 -0.625303 
vn 0.753983 0 -0.656894 
vn 0.726401 0 -0.687271 
vn 0.697697 0 -0.716393 
vn 0.66793 0 -0.744224 
vn 0.658024 0 -0.752997 
vn 1 0 0 
vn 0.705665 0 0.708546 
vn 0.675458 0 0.737398 
vn 0.73464 0 0.678457 
vn 0.705665 0 0.708546 
vn 0.762333 0 0.647184 
vn 0.73464 0 0.678457 
vn 0.788697 0 0.614782 
vn 0.762333 0 0.647184 
vn 0.813684 0 0.581308 
vn 0.788697 0 0.614782 
vn 0.837251 0 0.546819 
vn 0.813684 0 0.581308 
vn 0.859357 0 0.511376 
vn 0.837251 0 0.546819 
vn 0.879964 0 0.47504 
vn 0.859357 0 0.511376 
vn 0.899035 0 0.437876 
vn 0.879964 0 0.47504 
vn 0.916538 0 0.399948 
vn 0.899035 0 0.437876 
vn 0.932441 0 0.361321 
vn 0.916538 0 0.399948 
vn 0.946718 0 0.322065 
vn 0.932441 0 0.361321 
vn 0.959342 0 0.282246 
vn 0.946718 0 0.322065 
vn 0.970293 0 0.241935 
vn 0.959342 0 0.282246 
vn 0.97955 0 0.201201 
vn 0.970293 0 0.241935 
vn 0.987098 0 0.160117 
vn 0.97955 0 0.201201 
vn 0.992924 0 0.118753 
vn 0.987098 0 0.160117 
vn 0.997017 0 0.0771821 
vn 0.992924 0 0.118753 
vn 0.999371 0 0.0354764 
vn 0.997017 0 0.0771821 
vn 0.645524 0 0.76374 
vn 0.99999 0 -0.00439235 
vn 0.999371 0 0.0354764 
vn 0.0390126 0 0.999239 
vn 0 0 1 
vn 0.0780113 0 0.996952 
vn 0.116915 0 0.993142 
vn 0.155662 0 0.98781 
vn 0.19419 0 0.980964 
vn 0.232436 0 0.972612 
vn 0.270341 0 0.962765 
vn 0.311934 0 0.950104 
vn 0.352846 0 0.935681 
vn 0.392902 0 0.91958 
vn 0.432044 0 0.901852 
vn 0.470222 0 0.882548 
vn 0.507383 0 0.861721 
vn 0.543478 0 0.839423 
vn 0.57846 0 0.815711 
vn 0.612281 0 0.79064 
vn 0.644899 0 0.764268 
vn 0.671689 0 0.740833 
vn 0.0390126 0 0.999239 
vn 0 0 1 
vn -1 0 0 
vn -0.503919 0 -0.863751 
vn -0.465976 0 -0.884797 
vn -0.540913 0 -0.841079 
vn -0.503919 0 -0.863751 
vn -0.576889 0 -0.816823 
vn -0.540913 0 -0.841079 
vn -0.611779 0 -0.791029 
vn -0.576889 0 -0.816823 
vn -0.645517 0 -0.763746 
vn -0.611779 0 -0.791029 
vn -0.678039 0 -0.735025 
vn -0.645517 0 -0.763746 
vn -0.709286 0 -0.704921 
vn -0.678039 0 -0.735025 
vn -0.739197 0 -0.673489 
vn -0.709286 0 -0.704921 
vn -0.767716 0 -0.64079 
vn -0.739197 0 -0.673489 
vn -0.79479 0 -0.606884 
vn -0.767716 0 -0.64079 
vn -0.448437 0 -0.893814 
vn -0.806605 0 -0.591091 
vn -0.79479 0 -0.606884 
usemtl 0.713725_0.760784_0.800000_0.000000_0.000000
o mesh0
f 1//1 2//1 3//1 
o mesh1
f 3//2 4//2 5//2 
f 5//2 1//2 3//2 
o mesh2
f 1//3 5//3 6//3 
f 6//3 2//3 1//3 
o mesh3
f 2//4 6//4 4//4 
f 4//4 3//4 2//4 
o mesh4
f 7//5 8//5 9//5 
f 9//5 10//5 7//5 
f 11//5 12//5 13//5 
f 7//5 14//5 8//5 
f 11//5 15//5 12//5 
f 15//5 16//5 17//5 
f 10//5 18//5 7//5 
f 17//5 12//5 15//5 
f 7//5 19//5 14//5 
f 11//5 20//5 15//5 
f 18//5 21//5 7//5 
f 22//5 23//5 24//5 
f 13//5 25//5 11//5 
f 7//5 26//5 20//5 
f 21//5 27//5 7//5 
f 22//5 28//5 23//5 
f 29//5 30//5 31//5 
f 29//5 32//5 33//5 
f 25//5 34//5 11//5 
f 7//5 35//5 26//5 
f 7//5 36//5 19//5 
f 37//5 38//5 39//5 
f 22//5 40//5 28//5 
f 41//5 42//5 43//5 
f 44//5 45//5 46//5 
f 47//5 48//5 49//5 
f 44//5 50//5 51//5 
f 44//5 52//5 53//5 
f 31//5 54//5 29//5 
f 32//5 55//5 33//5 
f 56//5 29//5 57//5 
f 29//5 58//5 59//5 
f 20//5 11//5 7//5 
f 27//5 60//5 7//5 
f 61//5 62//5 63//5 
f 39//5 64//5 37//5 
f 6//5 65//5 66//5 
f 5//5 67//5 68//5 
f 5//5 69//5 70//5 
f 5//5 71//5 72//5 
f 22//5 73//5 40//5 
f 47//5 74//5 75//5 
f 43//5 47//5 41//5 
f 41//5 76//5 77//5 
f 41//5 78//5 79//5 
f 44//5 49//5 45//5 
f 47//5 80//5 48//5 
f 47//5 81//5 82//5 
f 32//5 83//5 84//5 
f 51//5 32//5 44//5 
f 44//5 85//5 52//5 
f 29//5 86//5 30//5 
f 32//5 87//5 55//5 
f 32//5 88//5 89//5 
f 32//5 90//5 91//5 
f 32//5 92//5 93//5 
f 29//5 94//5 57//5 
f 29//5 95//5 58//5 
f 7//5 96//5 35//5 
f 60//5 97//5 7//5 
f 98//5 99//5 36//5 
f 98//5 100//5 101//5 
f 98//5 61//5 102//5 
f 63//5 103//5 61//5 
f 61//5 104//5 105//5 
f 61//5 106//5 107//5 
f 64//5 108//5 37//5 
f 6//5 109//5 65//5 
f 6//5 110//5 111//5 
f 5//5 112//5 67//5 
f 70//5 113//5 5//5 
f 5//5 114//5 71//5 
f 22//5 115//5 73//5 
f 75//5 116//5 47//5 
f 77//5 42//5 41//5 
f 79//5 117//5 41//5 
f 44//5 118//5 119//5 
f 49//5 44//5 47//5 
f 47//5 120//5 81//5 
f 47//5 121//5 122//5 
f 32//5 123//5 124//5 
f 32//5 125//5 83//5 
f 51//5 126//5 32//5 
f 44//5 127//5 85//5 
f 44//5 128//5 129//5 
f 29//5 130//5 86//5 
f 29//5 131//5 132//5 
f 89//5 87//5 32//5 
f 93//5 90//5 32//5 
f 59//5 94//5 29//5 
f 29//5 133//5 134//5 
f 7//5 135//5 96//5 
f 36//5 7//5 98//5 
f 98//5 136//5 100//5 
f 98//5 137//5 138//5 
f 98//5 139//5 140//5 
f 102//5 141//5 98//5 
f 105//5 62//5 61//5 
f 61//5 142//5 143//5 
f 61//5 144//5 106//5 
f 61//5 98//5 145//5 
f 108//5 146//5 37//5 
f 111//5 109//5 6//5 
f 6//5 147//5 148//5 
f 113//5 112//5 5//5 
f 5//5 149//5 150//5 
f 5//5 151//5 114//5 
f 5//5 152//5 153//5 
f 154//5 24//5 155//5 
f 155//5 156//5 157//5 
f 155//5 158//5 159//5 
f 22//5 160//5 115//5 
f 47//5 161//5 162//5 
f 116//5 163//5 47//5 
f 117//5 76//5 41//5 
f 41//5 164//5 165//5 
f 44//5 166//5 167//5 
f 119//5 168//5 44//5 
f 82//5 80//5 47//5 
f 47//5 169//5 121//5 
f 32//5 170//5 123//5 
f 126//5 125//5 32//5 
f 129//5 127//5 44//5 
f 132//5 130//5 29//5 
f 91//5 88//5 32//5 
f 134//5 95//5 29//5 
f 29//5 171//5 172//5 
f 173//5 164//5 41//5 
f 7//5 174//5 135//5 
f 97//5 175//5 7//5 
f 138//5 136//5 98//5 
f 141//5 139//5 98//5 
f 143//5 104//5 61//5 
f 145//5 144//5 61//5 
f 5//5 176//5 177//5 
f 178//5 176//5 5//5 
f 179//5 180//5 37//5 
f 146//5 181//5 37//5 
f 182//5 183//5 184//5 
f 6//5 185//5 110//5 
f 148//5 186//5 6//5 
f 6//5 187//5 188//5 
f 6//5 189//5 190//5 
f 6//5 191//5 192//5 
f 6//5 193//5 194//5 
f 150//5 69//5 5//5 
f 153//5 151//5 5//5 
f 5//5 195//5 196//5 
f 157//5 197//5 155//5 
f 155//5 198//5 158//5 
f 199//5 200//5 198//5 
f 22//5 201//5 160//5 
f 202//5 203//5 22//5 
f 163//5 161//5 47//5 
f 165//5 78//5 41//5 
f 168//5 166//5 44//5 
f 122//5 120//5 47//5 
f 84//5 170//5 32//5 
f 44//5 204//5 128//5 
f 33//5 131//5 29//5 
f 172//5 133//5 29//5 
f 98//5 7//5 205//5 
f 206//5 207//5 208//5 
f 206//5 7//5 209//5 
f 210//5 211//5 173//5 
f 7//5 212//5 174//5 
f 175//5 213//5 7//5 
f 140//5 137//5 98//5 
f 107//5 142//5 61//5 
f 5//5 180//5 178//5 
f 37//5 11//5 179//5 
f 200//5 214//5 215//5 
f 37//5 216//5 217//5 
f 181//5 218//5 37//5 
f 37//5 180//5 182//5 
f 6//5 219//5 220//5 
f 186//5 185//5 6//5 
f 6//5 221//5 222//5 
f 190//5 187//5 6//5 
f 192//5 223//5 6//5 
f 194//5 224//5 6//5 
f 5//5 225//5 226//5 
f 72//5 149//5 5//5 
f 5//5 227//5 228//5 
f 5//5 229//5 230//5 
f 196//5 231//5 5//5 
f 159//5 156//5 155//5 
f 198//5 155//5 199//5 
f 22//5 232//5 201//5 
f 22//5 209//5 202//5 
f 43//5 74//5 47//5 
f 46//5 118//5 44//5 
f 53//5 50//5 44//5 
f 57//5 98//5 56//5 
f 7//5 206//5 205//5 
f 209//5 207//5 206//5 
f 210//5 208//5 211//5 
f 7//5 233//5 212//5 
f 98//5 234//5 99//5 
f 103//5 235//5 61//5 
f 180//5 236//5 178//5 
f 179//5 237//5 180//5 
f 37//5 238//5 239//5 
f 37//5 240//5 200//5 
f 37//5 241//5 216//5 
f 37//5 242//5 38//5 
f 184//5 37//5 182//5 
f 66//5 219//5 6//5 
f 222//5 243//5 6//5 
f 223//5 189//5 6//5 
f 224//5 244//5 6//5 
f 68//5 225//5 5//5 
f 5//5 245//5 246//5 
f 5//5 247//5 248//5 
f 228//5 249//5 5//5 
f 231//5 229//5 5//5 
f 199//5 214//5 200//5 
f 24//5 250//5 22//5 
f 22//5 251//5 209//5 
f 162//5 252//5 47//5 
f 124//5 92//5 32//5 
f 205//5 56//5 98//5 
f 41//5 210//5 173//5 
f 7//5 253//5 233//5 
f 98//5 254//5 234//5 
f 101//5 255//5 98//5 
f 5//5 256//5 257//5 
f 177//5 258//5 5//5 
f 237//5 259//5 180//5 
f 37//5 260//5 238//5 
f 215//5 37//5 200//5 
f 218//5 241//5 37//5 
f 184//5 261//5 37//5 
f 243//5 147//5 6//5 
f 244//5 191//5 6//5 
f 6//5 262//5 263//5 
f 246//5 152//5 5//5 
f 5//5 264//5 247//5 
f 5//5 265//5 266//5 
f 230//5 227//5 5//5 
f 267//5 5//5 4//5 
f 24//5 154//5 250//5 
f 251//5 207//5 209//5 
f 167//5 204//5 44//5 
f 208//5 210//5 206//5 
f 7//5 268//5 253//5 
f 213//5 269//5 7//5 
f 255//5 270//5 98//5 
f 258//5 256//5 5//5 
f 259//5 271//5 180//5 
f 37//5 272//5 273//5 
f 215//5 260//5 37//5 
f 261//5 242//5 37//5 
f 6//5 274//5 275//5 
f 6//5 276//5 277//5 
f 6//5 278//5 279//5 
f 188//5 221//5 6//5 
f 6//5 280//5 262//5 
f 248//5 245//5 5//5 
f 249//5 265//5 5//5 
f 5//5 281//5 282//5 
f 4//5 283//5 267//5 
f 203//5 232//5 22//5 
f 54//5 171//5 29//5 
f 7//5 284//5 268//5 
f 270//5 254//5 98//5 
f 285//5 286//5 6//5 
f 180//5 287//5 236//5 
f 271//5 288//5 180//5 
f 239//5 272//5 37//5 
f 217//5 289//5 37//5 
f 290//5 291//5 4//5 
f 6//5 292//5 293//5 
f 6//5 294//5 274//5 
f 277//5 295//5 6//5 
f 6//5 296//5 278//5 
f 263//5 193//5 6//5 
f 5//5 297//5 298//5 
f 266//5 264//5 5//5 
f 5//5 299//5 300//5 
f 282//5 301//5 5//5 
f 267//5 302//5 5//5 
f 252//5 169//5 47//5 
f 269//5 284//5 7//5 
f 6//5 5//5 285//5 
f 288//5 287//5 180//5 
f 37//5 303//5 240//5 
f 289//5 304//5 37//5 
f 293//5 290//5 6//5 
f 275//5 305//5 6//5 
f 6//5 306//5 307//5 
f 6//5 308//5 309//5 
f 279//5 276//5 6//5 
f 6//5 310//5 280//5 
f 226//5 297//5 5//5 
f 301//5 299//5 5//5 
f 4//5 311//5 283//5 
f 34//5 179//5 11//5 
f 257//5 285//5 5//5 
f 304//5 303//5 37//5 
f 4//5 291//5 312//5 
f 305//5 292//5 6//5 
f 309//5 306//5 6//5 
f 220//5 296//5 6//5 
f 298//5 313//5 5//5 
f 5//5 314//5 281//5 
f 5//5 315//5 316//5 
f 302//5 317//5 5//5 
f 286//5 310//5 6//5 
f 273//5 318//5 37//5 
f 4//5 6//5 290//5 
f 295//5 308//5 6//5 
f 300//5 195//5 5//5 
f 317//5 315//5 5//5 
f 318//5 319//5 37//5 
f 307//5 294//5 6//5 
f 316//5 314//5 5//5 
f 4//5 320//5 321//5 
f 312//5 320//5 4//5 
f 321//5 311//5 4//5 
f 313//5 180//5 5//5 
f 155//5 197//5 154//5 
o mesh5
f 209//6 322//6 323//6 
f 323//6 202//6 209//6 
o mesh6
f 11//7 324//7 325//7 
f 325//7 7//7 11//7 
f 11//7 326//7 324//7 
f 11//7 327//7 326//7 
f 11//7 328//7 327//7 
f 11//7 329//7 328//7 
f 11//7 330//7 329//7 
f 11//7 331//7 330//7 
f 325//7 332//7 7//7 
o mesh7
f 209//8 333//8 334//8 
f 7//8 335//8 333//8 
f 333//8 209//8 7//8 
f 7//8 336//8 335//8 
f 7//8 332//8 336//8 
f 334//8 322//8 209//8 
o mesh8
f 37//9 337//9 338//9 
f 37//9 339//9 337//9 
f 37//9 340//9 339//9 
f 319//9 341//9 340//9 
f 340//9 37//9 319//9 
f 319//9 342//9 341//9 
f 319//9 343//9 342//9 
f 319//9 344//9 343//9 
f 338//9 345//9 37//9 
o mesh9
f 11//10 346//10 347//10 
f 347//10 348//10 11//10 
f 37//10 349//10 346//10 
f 346//10 11//10 37//10 
f 37//10 345//10 349//10 
f 348//10 331//10 11//10 
o mesh10
f 250//11 350//11 351//11 
f 351//11 22//11 250//11 
o mesh11
f 207//12 352//12 353//13 
f 251//14 354//14 352//12 
f 22//15 351//15 354//14 
f 354//14 251//14 22//15 
f 352//12 207//12 251//14 
f 353//13 208//16 207//12 
o mesh12
f 173//17 355//17 356//18 
f 357//19 355//17 173//17 
f 208//20 353//20 357//19 
f 357//19 211//19 208//20 
f 173//17 211//19 357//19 
f 356//18 164//21 173//17 
o mesh13
f 358//22 255//22 101//23 
f 359//23 101//23 100//24 
f 360//24 100//24 136//25 
f 361//25 136//25 138//26 
f 362//26 138//26 137//27 
f 363//27 137//27 140//28 
f 364//28 140//28 139//29 
f 365//29 139//29 141//30 
f 366//30 141//30 102//31 
f 367//31 102//31 61//32 
f 368//32 61//32 235//33 
f 369//33 235//33 103//34 
f 370//34 103//34 63//35 
f 371//35 63//35 62//36 
f 372//36 62//36 105//37 
f 373//37 105//37 104//38 
f 374//38 104//38 143//39 
f 375//39 143//39 142//40 
f 376//40 142//40 107//41 
f 377//41 107//41 106//42 
f 378//42 106//42 144//43 
f 379//43 144//43 145//44 
f 380//44 145//44 98//45 
f 381//45 98//45 57//46 
f 382//46 57//46 94//47 
f 383//47 94//47 59//48 
f 384//48 59//48 58//49 
f 385//49 58//49 95//50 
f 386//50 95//50 134//51 
f 387//51 134//51 133//52 
f 388//52 133//52 172//53 
f 389//53 172//53 171//54 
f 390//54 171//54 54//55 
f 391//55 54//55 31//56 
f 392//56 31//56 30//57 
f 393//57 30//57 86//58 
f 394//58 86//58 130//59 
f 395//59 130//59 132//60 
f 396//60 132//60 131//61 
f 397//61 131//61 33//62 
f 398//62 33//62 55//63 
f 399//63 55//63 87//64 
f 400//64 87//64 89//65 
f 401//65 89//65 88//66 
f 402//66 88//66 91//67 
f 403//67 91//67 90//68 
f 404//68 90//68 93//69 
f 405//69 93//69 92//70 
f 406//70 92//70 124//71 
f 407//71 124//71 123//72 
f 408//72 123//72 170//73 
f 409//73 170//73 84//74 
f 410//74 84//74 83//75 
f 411//75 83//75 125//76 
f 412//76 125//76 126//77 
f 413//77 126//77 51//78 
f 414//78 51//78 50//79 
f 415//79 50//79 53//80 
f 416//80 53//80 52//81 
f 417//81 52//81 85//82 
f 418//82 85//82 127//83 
f 419//83 127//83 129//84 
f 420//84 129//84 128//85 
f 421//85 128//85 204//86 
f 422//86 204//86 167//87 
f 423//87 167//87 166//88 
f 424//88 166//88 168//89 
f 425//89 168//89 119//90 
f 426//90 119//90 118//91 
f 427//91 118//91 46//92 
f 428//92 46//92 45//93 
f 429//93 45//93 49//94 
f 430//94 49//94 48//95 
f 431//95 48//95 80//96 
f 432//96 80//96 82//97 
f 433//97 82//97 81//98 
f 434//98 81//98 120//99 
f 435//99 120//99 122//100 
f 436//100 122//100 121//101 
f 437//101 121//101 169//102 
f 438//102 169//102 252//103 
f 439//103 252//103 162//104 
f 440//104 162//104 161//105 
f 441//105 161//105 163//106 
f 442//106 163//106 116//107 
f 443//107 116//107 75//108 
f 444//108 75//108 74//109 
f 445//109 74//109 43//110 
f 446//110 43//110 42//111 
f 447//111 42//111 77//112 
f 448//112 77//112 76//113 
f 449//113 76//113 117//114 
f 450//114 117//114 79//115 
f 451//115 79//115 78//116 
f 452//116 78//116 165//117 
f 453//117 165//117 164//118 
f 164//118 356//118 453//117 
f 165//117 453//117 452//116 
f 78//116 452//116 451//115 
f 79//115 451//115 450//114 
f 117//114 450//114 449//113 
f 76//113 449//113 448//112 
f 77//112 448//112 447//111 
f 42//111 447//111 446//110 
f 43//110 446//110 445//109 
f 74//109 445//109 444//108 
f 75//108 444//108 443//107 
f 116//107 443//107 442//106 
f 163//106 442//106 441//105 
f 161//105 441//105 440//104 
f 162//104 440//104 439//103 
f 252//103 439//103 438//102 
f 169//102 438//102 437//101 
f 121//101 437//101 436//100 
f 122//100 436//100 435//99 
f 120//99 435//99 434//98 
f 81//98 434//98 433//97 
f 82//97 433//97 432//96 
f 80//96 432//96 431//95 
f 48//95 431//95 430//94 
f 49//94 430//94 429//93 
f 45//93 429//93 428//92 
f 46//92 428//92 427//91 
f 118//91 427//91 426//90 
f 119//90 426//90 425//89 
f 168//89 425//89 424//88 
f 166//88 424//88 423//87 
f 167//87 423//87 422//86 
f 204//86 422//86 421//85 
f 128//85 421//85 420//84 
f 129//84 420//84 419//83 
f 127//83 419//83 418//82 
f 85//82 418//82 417//81 
f 52//81 417//81 416//80 
f 53//80 416//80 415//79 
f 50//79 415//79 414//78 
f 51//78 414//78 413//77 
f 126//77 413//77 412//76 
f 125//76 412//76 411//75 
f 83//75 411//75 410//74 
f 84//74 410//74 409//73 
f 170//73 409//73 408//72 
f 123//72 408//72 407//71 
f 124//71 407//71 406//70 
f 92//70 406//70 405//69 
f 93//69 405//69 404//68 
f 90//68 404//68 403//67 
f 91//67 403//67 402//66 
f 88//66 402//66 401//65 
f 89//65 401//65 400//64 
f 87//64 400//64 399//63 
f 55//63 399//63 398//62 
f 33//62 398//62 397//61 
f 131//61 397//61 396//60 
f 132//60 396//60 395//59 
f 130//59 395//59 394//58 
f 86//58 394//58 393//57 
f 30//57 393//57 392//56 
f 31//56 392//56 391//55 
f 54//55 391//55 390//54 
f 171//54 390//54 389//53 
f 172//53 389//53 388//52 
f 133//52 388//52 387//51 
f 134//51 387//51 386//50 
f 95//50 386//50 385//49 
f 58//49 385//49 384//48 
f 59//48 384//48 383//47 
f 94//47 383//47 382//46 
f 57//46 382//46 381//45 
f 98//45 381//45 380//44 
f 145//44 380//44 379//43 
f 144//43 379//43 378//42 
f 106//42 378//42 377//41 
f 107//41 377//41 376//40 
f 142//40 376//40 375//39 
f 143//39 375//39 374//38 
f 104//38 374//38 373//37 
f 105//37 373//37 372//36 
f 62//36 372//36 371//35 
f 63//35 371//35 370//34 
f 103//34 370//34 369//33 
f 235//33 369//33 368//32 
f 61//32 368//32 367//31 
f 102//31 367//31 366//30 
f 141//30 366//30 365//29 
f 139//29 365//29 364//28 
f 140//28 364//28 363//27 
f 137//27 363//27 362//26 
f 138//26 362//26 361//25 
f 136//25 361//25 360//24 
f 100//24 360//24 359//23 
f 101//23 359//23 358//22 
o mesh14
f 454//119 455//120 12//120 
f 16//121 456//121 454//119 
f 15//122 457//122 456//121 
f 20//123 458//123 457//122 
f 26//124 459//124 458//123 
f 35//125 460//125 459//124 
f 96//126 461//126 460//125 
f 135//127 462//127 461//126 
f 174//128 463//128 462//127 
f 212//129 464//129 463//128 
f 233//130 465//130 464//129 
f 466//131 465//130 233//130 
f 268//132 467//132 466//131 
f 284//133 468//133 467//132 
f 269//134 469//134 468//133 
f 213//135 470//135 469//134 
f 175//136 471//136 470//135 
f 97//137 472//137 471//136 
f 60//138 473//138 472//137 
f 27//139 474//139 473//138 
f 21//140 475//140 474//139 
f 476//141 475//140 21//140 
f 10//142 477//142 476//141 
f 9//143 478//143 477//142 
f 8//144 479//144 478//143 
f 14//145 480//145 479//144 
f 19//146 481//146 480//145 
f 36//147 482//147 481//146 
f 99//148 483//148 482//147 
f 234//149 484//149 483//148 
f 254//150 485//150 484//149 
f 270//151 486//151 485//150 
f 255//152 358//152 486//151 
f 486//151 270//151 255//152 
f 485//150 254//150 270//151 
f 484//149 234//149 254//150 
f 483//148 99//148 234//149 
f 482//147 36//147 99//148 
f 481//146 19//146 36//147 
f 480//145 14//145 19//146 
f 479//144 8//144 14//145 
f 478//143 9//143 8//144 
f 477//142 10//142 9//143 
f 476//141 18//153 10//142 
f 21//140 18//153 476//141 
f 474//139 27//139 21//140 
f 473//138 60//138 27//139 
f 472//137 97//137 60//138 
f 471//136 175//136 97//137 
f 470//135 213//135 175//136 
f 469//134 269//134 213//135 
f 468//133 284//133 269//134 
f 467//132 268//132 284//133 
f 466//131 253//154 268//132 
f 233//130 253//154 466//131 
f 464//129 212//129 233//130 
f 463//128 174//128 212//129 
f 462//127 135//127 174//128 
f 461//126 96//126 135//127 
f 460//125 35//125 96//126 
f 459//124 26//124 35//125 
f 458//123 20//123 26//124 
f 457//122 15//122 20//123 
f 456//121 16//121 15//122 
f 454//119 17//155 16//121 
f 12//120 17//155 454//119 
o mesh15
f 12//156 455//156 487//156 
f 487//156 13//156 12//156 
o mesh16
f 257//157 488//157 489//158 
f 256//159 490//159 488//157 
f 258//160 491//160 490//159 
f 492//161 491//160 258//160 
f 176//162 493//162 492//161 
f 178//163 494//163 493//162 
f 236//164 495//164 494//163 
f 287//165 496//165 495//164 
f 288//166 497//166 496//165 
f 271//167 498//167 497//166 
f 259//168 499//168 498//167 
f 500//169 499//168 259//168 
f 179//170 501//170 500//169 
f 34//171 502//171 501//170 
f 25//172 503//172 502//171 
f 13//173 487//173 503//172 
f 503//172 25//172 13//173 
f 502//171 34//171 25//172 
f 501//170 179//170 34//171 
f 500//169 237//174 179//170 
f 259//168 237//174 500//169 
f 498//167 271//167 259//168 
f 497//166 288//166 271//167 
f 496//165 287//165 288//166 
f 495//164 236//164 287//165 
f 494//163 178//163 236//164 
f 493//162 176//162 178//163 
f 492//161 177//175 176//162 
f 258//160 177//175 492//161 
f 490//159 256//159 258//160 
f 488//157 257//157 256//159 
f 489//158 285//176 257//157 
o mesh17
f 504//177 183//177 182//178 
f 505//178 182//178 180//179 
f 506//179 180//179 313//180 
f 507//180 313//180 298//181 
f 508//181 298//181 297//182 
f 509//182 297//182 226//183 
f 510//183 226//183 225//184 
f 511//184 225//184 68//185 
f 512//185 68//185 67//186 
f 513//186 67//186 112//187 
f 514//187 112//187 113//188 
f 515//188 113//188 70//189 
f 516//189 70//189 69//190 
f 517//190 69//190 150//191 
f 518//191 150//191 149//192 
f 519//192 149//192 72//193 
f 520//193 72//193 71//194 
f 521//194 71//194 114//195 
f 522//195 114//195 151//196 
f 523//196 151//196 153//197 
f 524//197 153//197 152//198 
f 525//198 152//198 246//199 
f 526//199 246//199 245//200 
f 527//200 245//200 248//201 
f 528//201 248//201 247//202 
f 529//202 247//202 264//203 
f 530//203 264//203 266//204 
f 531//204 266//204 265//205 
f 532//205 265//205 249//206 
f 533//206 249//206 228//207 
f 534//207 228//207 227//208 
f 535//208 227//208 230//209 
f 536//209 230//209 229//210 
f 537//210 229//210 231//211 
f 538//211 231//211 196//212 
f 539//212 196//212 195//213 
f 540//213 195//213 300//214 
f 541//214 300//214 299//215 
f 542//215 299//215 301//216 
f 543//216 301//216 282//217 
f 544//217 282//217 281//218 
f 545//218 281//218 314//219 
f 546//219 314//219 316//220 
f 547//220 316//220 315//221 
f 548//221 315//221 317//222 
f 549//222 317//222 302//223 
f 550//223 302//223 267//224 
f 551//224 267//224 283//225 
f 552//225 283//225 311//226 
f 553//226 311//226 321//227 
f 554//227 321//227 320//228 
f 555//228 320//228 312//229 
f 556//229 312//229 291//230 
f 557//230 291//230 290//231 
f 558//231 290//231 293//232 
f 559//232 293//232 292//233 
f 560//233 292//233 305//234 
f 561//234 305//234 275//235 
f 562//235 275//235 274//236 
f 563//236 274//236 294//237 
f 564//237 294//237 307//238 
f 565//238 307//238 306//239 
f 566//239 306//239 309//240 
f 567//240 309//240 308//241 
f 568//241 308//241 295//242 
f 569//242 295//242 277//243 
f 570//243 277//243 276//244 
f 571//244 276//244 279//245 
f 572//245 279//245 278//246 
f 573//246 278//246 296//247 
f 574//247 296//247 220//248 
f 575//248 220//248 219//249 
f 576//249 219//249 66//250 
f 577//250 66//250 65//251 
f 578//251 65//251 109//252 
f 579//252 109//252 111//253 
f 580//253 111//253 110//254 
f 581//254 110//254 185//255 
f 582//255 185//255 186//256 
f 583//256 186//256 148//257 
f 584//257 148//257 147//258 
f 585//258 147//258 243//259 
f 586//259 243//259 222//260 
f 587//260 222//260 221//261 
f 588//261 221//261 188//262 
f 589//262 188//262 187//263 
f 590//263 187//263 190//264 
f 591//264 190//264 189//265 
f 592//265 189//265 223//266 
f 593//266 223//266 192//267 
f 594//267 192//267 191//268 
f 595//268 191//268 244//269 
f 596//269 244//269 224//270 
f 597//270 224//270 194//271 
f 598//271 194//271 193//272 
f 599//272 193//272 263//273 
f 600//273 263//273 262//274 
f 601//274 262//274 280//275 
f 602//275 280//275 310//276 
f 603//276 310//276 286//277 
f 604//277 286//277 285//278 
f 285//278 489//278 604//277 
f 286//277 604//277 603//276 
f 310//276 603//276 602//275 
f 280//275 602//275 601//274 
f 262//274 601//274 600//273 
f 263//273 600//273 599//272 
f 193//272 599//272 598//271 
f 194//271 598//271 597//270 
f 224//270 597//270 596//269 
f 244//269 596//269 595//268 
f 191//268 595//268 594//267 
f 192//267 594//267 593//266 
f 223//266 593//266 592//265 
f 189//265 592//265 591//264 
f 190//264 591//264 590//263 
f 187//263 590//263 589//262 
f 188//262 589//262 588//261 
f 221//261 588//261 587//260 
f 222//260 587//260 586//259 
f 243//259 586//259 585//258 
f 147//258 585//258 584//257 
f 148//257 584//257 583//256 
f 186//256 583//256 582//255 
f 185//255 582//255 581//254 
f 110//254 581//254 580//253 
f 111//253 580//253 579//252 
f 109//252 579//252 578//251 
f 65//251 578//251 577//250 
f 66//250 577//250 576//249 
f 219//249 576//249 575//248 
f 220//248 575//248 574//247 
f 296//247 574//247 573//246 
f 278//246 573//246 572//245 
f 279//245 572//245 571//244 
f 276//244 571//244 570//243 
f 277//243 570//243 569//242 
f 295//242 569//242 568//241 
f 308//241 568//241 567//240 
f 309//240 567//240 566//239 
f 306//239 566//239 565//238 
f 307//238 565//238 564//237 
f 294//237 564//237 563//236 
f 274//236 563//236 562//235 
f 275//235 562//235 561//234 
f 305//234 561//234 560//233 
f 292//233 560//233 559//232 
f 293//232 559//232 558//231 
f 290//231 558//231 557//230 
f 291//230 557//230 556//229 
f 312//229 556//229 555//228 
f 320//228 555//228 554//227 
f 321//227 554//227 553//226 
f 311//226 553//226 552//225 
f 283//225 552//225 551//224 
f 267//224 551//224 550//223 
f 302//223 550//223 549//222 
f 317//222 549//222 548//221 
f 315//221 548//221 547//220 
f 316//220 547//220 546//219 
f 314//219 546//219 545//218 
f 281//218 545//218 544//217 
f 282//217 544//217 543//216 
f 301//216 543//216 542//215 
f 299//215 542//215 541//214 
f 300//214 541//214 540//213 
f 195//213 540//213 539//212 
f 196//212 539//212 538//211 
f 231//211 538//211 537//210 
f 229//210 537//210 536//209 
f 230//209 536//209 535//208 
f 227//208 535//208 534//207 
f 228//207 534//207 533//206 
f 249//206 533//206 532//205 
f 265//205 532//205 531//204 
f 266//204 531//204 530//203 
f 264//203 530//203 529//202 
f 247//202 529//202 528//201 
f 248//201 528//201 527//200 
f 245//200 527//200 526//199 
f 246//199 526//199 525//198 
f 152//198 525//198 524//197 
f 153//197 524//197 523//196 
f 151//196 523//196 522//195 
f 114//195 522//195 521//194 
f 71//194 521//194 520//193 
f 72//193 520//193 519//192 
f 149//192 519//192 518//191 
f 150//191 518//191 517//190 
f 69//190 517//190 516//189 
f 70//189 516//189 515//188 
f 113//188 515//188 514//187 
f 112//187 514//187 513//186 
f 67//186 513//186 512//185 
f 68//185 512//185 511//184 
f 225//184 511//184 510//183 
f 226//183 510//183 509//182 
f 297//182 509//182 508//181 
f 298//181 508//181 507//180 
f 313//180 507//180 506//179 
f 180//179 506//179 505//178 
f 182//178 505//178 504//177 
o mesh18
f 241//279 605//279 606//280 
f 218//281 607//281 605//279 
f 181//282 608//282 607//281 
f 609//283 608//282 181//282 
f 108//284 610//284 609//283 
f 64//285 611//285 610//284 
f 39//286 612//286 611//285 
f 613//287 612//286 39//286 
f 242//288 614//288 613//287 
f 615//289 614//288 242//288 
f 184//290 616//290 615//289 
f 183//291 504//291 616//290 
f 616//290 184//290 183//291 
f 615//289 261//292 184//290 
f 242//288 261//292 615//289 
f 613//287 38//293 242//288 
f 39//286 38//293 613//287 
f 611//285 64//285 39//286 
f 610//284 108//284 64//285 
f 609//283 146//294 108//284 
f 181//282 146//294 609//283 
f 607//281 218//281 181//282 
f 605//279 241//279 218//281 
f 606//280 216//295 241//279 
o mesh19
f 154//296 617//296 350//297 
f 197//298 618//298 617//296 
f 157//299 619//299 618//298 
f 156//300 620//300 619//299 
f 159//301 621//301 620//300 
f 158//302 622//302 621//301 
f 198//303 623//303 622//302 
f 200//304 624//304 623//303 
f 240//305 625//305 624//304 
f 303//306 626//306 625//305 
f 627//307 626//306 303//306 
f 289//308 628//308 627//307 
f 217//309 629//309 628//308 
f 606//310 629//309 217//309 
f 217//309 216//310 606//310 
f 628//308 289//308 217//309 
f 627//307 304//311 289//308 
f 303//306 304//311 627//307 
f 625//305 240//305 303//306 
f 624//304 200//304 240//305 
f 623//303 198//303 200//304 
f 622//302 158//302 198//303 
f 621//301 159//301 158//302 
f 620//300 156//300 159//301 
f 619//299 157//299 156//300 
f 618//298 197//298 157//299 
f 617//296 154//296 197//298 
f 350//297 250//312 154//296 
o mesh20
f 630//313 205//313 206//313 
f 206//313 631//313 630//313 
o mesh21
f 632//314 633//314 634//314 
f 630//314 635//314 636//314 
f 630//314 631//314 637//314 
f 632//314 638//314 633//314 
f 637//314 635//314 630//314 
f 636//314 632//314 630//314 
f 634//314 630//314 632//314 
o mesh22
f 631//315 206//315 210//315 
f 210//315 637//315 631//315 
o mesh23
f 637//316 210//316 41//316 
f 41//316 635//316 637//316 
o mesh24
f 635//317 41//317 47//317 
f 47//317 636//317 635//317 
o mesh25
f 636//318 47//318 44//318 
f 44//318 632//318 636//318 
o mesh26
f 632//319 44//319 32//319 
f 32//319 638//319 632//319 
o mesh27
f 638//320 32//320 29//320 
f 29//320 633//320 638//320 
o mesh28
f 633//321 29//321 56//321 
f 56//321 634//321 633//321 
o mesh29
f 634//322 56//322 205//322 
f 205//322 630//322 634//322 
o mesh30
f 272//323 639//323 640//324 
f 273//324 640//324 641//325 
f 641//325 318//325 273//324 
f 640//324 273//324 272//323 
o mesh31
f 215//326 642//326 643//327 
f 260//327 643//327 644//328 
f 238//328 644//328 645//329 
f 239//329 645//329 639//330 
f 214//331 646//331 642//326 
f 642//326 215//326 214//331 
f 639//330 272//330 239//329 
f 645//329 239//329 238//328 
f 644//328 238//328 260//327 
f 643//327 260//327 215//326 
o mesh32
f 647//332 648//332 649//333 
f 650//334 648//332 647//332 
f 651//335 652//335 650//334 
f 653//336 654//336 652//335 
f 655//337 656//337 654//336 
f 657//338 658//338 656//337 
f 659//339 660//339 658//338 
f 646//340 214//340 199//341 
f 661//341 199//341 155//342 
f 662//342 155//342 24//343 
f 663//343 24//343 23//344 
f 664//344 23//344 28//345 
f 665//345 28//345 40//346 
f 666//346 40//346 73//347 
f 667//347 73//347 115//348 
f 668//348 115//348 160//349 
f 669//349 160//349 201//350 
f 670//350 201//350 232//351 
f 671//351 232//351 203//352 
f 660//339 659//339 202//353 
f 672//352 203//352 202//353 
f 202//353 659//339 672//352 
f 202//353 323//353 660//339 
f 203//352 672//352 671//351 
f 232//351 671//351 670//350 
f 201//350 670//350 669//349 
f 160//349 669//349 668//348 
f 115//348 668//348 667//347 
f 73//347 667//347 666//346 
f 40//346 666//346 665//345 
f 28//345 665//345 664//344 
f 23//344 664//344 663//343 
f 24//343 663//343 662//342 
f 155//342 662//342 661//341 
f 199//341 661//341 646//340 
f 658//338 657//338 659//339 
f 656//337 655//337 657//338 
f 654//336 653//336 655//337 
f 652//335 651//335 653//336 
f 650//334 673//354 651//335 
f 647//332 673//354 650//334 
f 649//333 674//355 647//332 
o mesh33
f 641//356 675//356 319//356 
f 676//356 344//356 319//356 
f 319//356 675//356 676//356 
f 319//356 318//356 641//356 
o mesh34
f 677//357 678//357 679//358 
f 680//358 679//358 681//359 
f 682//359 681//359 683//360 
f 684//360 683//360 685//361 
f 686//361 685//361 687//362 
f 688//362 687//362 689//363 
f 690//363 689//363 691//364 
f 692//364 691//364 693//365 
f 694//365 693//365 695//366 
f 677//357 696//367 697//367 
f 698//366 695//366 674//368 
f 674//368 649//368 698//366 
f 697//367 678//357 677//357 
f 695//366 698//366 694//365 
f 693//365 694//365 692//364 
f 691//364 692//364 690//363 
f 689//363 690//363 688//362 
f 687//362 688//362 686//361 
f 685//361 686//361 684//360 
f 683//360 684//360 682//359 
f 681//359 682//359 680//358 
f 679//358 680//358 677//357 
o mesh35
f 699//369 697//369 700//369 
f 697//369 696//369 700//369 
f 700//369 701//369 699//369 
o mesh36
f 699//370 701//370 702//370 
f 702//370 703//370 699//370 
o mesh37
f 703//371 702//371 704//371 
f 704//371 705//371 703//371 
o mesh38
f 705//372 704//372 706//372 
f 706//372 707//372 705//372 
o mesh39
f 708//373 709//373 707//373 
f 707//373 706//373 708//373 
o mesh40
f 708//374 710//374 711//374 
f 711//374 709//374 708//374 
o mesh41
f 710//375 712//375 713//375 
f 713//375 711//375 710//375 
o mesh42
f 714//376 715//376 713//376 
f 713//376 712//376 714//376 
o mesh43
f 715//377 714//377 716//377 
f 716//377 717//377 715//377 
o mesh44
f 717//378 716//378 718//378 
f 718//378 719//378 717//378 
o mesh45
f 720//379 721//379 719//379 
f 719//379 718//379 720//379 
o mesh46
f 721//380 720//380 722//380 
f 722//380 723//380 721//380 
o mesh47
f 723//381 722//381 724//381 
f 724//381 725//381 723//381 
o mesh48
f 726//382 727//382 725//382 
f 725//382 724//382 726//382 
o mesh49
f 727//383 726//383 728//383 
f 728//383 729//383 727//383 
o mesh50
f 729//384 728//384 730//384 
f 730//384 731//384 729//384 
o mesh51
f 732//385 731//385 733//385 
f 731//385 730//385 733//385 
f 733//385 734//385 732//385 
o mesh52
f 735//386 736//387 737//387 
f 738//388 735//386 739//389 
f 740//390 738//388 741//391 
f 742//392 740//390 743//393 
f 744//394 742//392 745//395 
f 746//396 744//394 747//397 
f 748//398 746//396 749//399 
f 750//400 748//398 751//401 
f 752//402 750//400 753//403 
f 754//404 752//402 755//405 
f 736//387 756//406 757//406 
f 734//407 754//404 758//408 
f 758//408 732//407 734//407 
f 757//406 737//387 736//387 
f 755//405 758//408 754//404 
f 753//403 755//405 752//402 
f 751//401 753//403 750//400 
f 749//399 751//401 748//398 
f 747//397 749//399 746//396 
f 745//395 747//397 744//394 
f 743//393 745//395 742//392 
f 741//391 743//393 740//390 
f 739//389 741//391 738//388 
f 737//387 739//389 735//386 
o mesh53
f 651//409 759//409 760//409 
f 673//409 647//409 757//409 
f 647//409 674//409 737//409 
f 760//409 761//409 657//409 
f 760//409 653//409 651//409 
f 737//409 757//409 647//409 
f 657//409 655//409 760//409 
f 757//409 759//409 673//409 
f 762//409 763//409 671//409 
f 761//409 762//409 659//409 
f 651//409 673//409 759//409 
f 764//409 765//409 644//409 
f 671//409 672//409 762//409 
f 655//409 653//409 760//409 
f 765//409 766//409 645//409 
f 644//409 643//409 764//409 
f 767//409 768//409 668//409 
f 763//409 767//409 670//409 
f 659//409 657//409 761//409 
f 643//409 642//409 764//409 
f 769//409 764//409 642//409 
f 668//409 669//409 767//409 
f 672//409 659//409 762//409 
f 642//409 646//409 769//409 
f 770//409 769//409 646//409 
f 768//409 771//409 667//409 
f 670//409 671//409 763//409 
f 772//409 675//409 641//409 
f 646//409 661//409 770//409 
f 773//409 770//409 661//409 
f 771//409 774//409 666//409 
f 669//409 670//409 767//409 
f 691//409 743//409 741//409 
f 640//409 775//409 772//409 
f 640//409 639//409 776//409 
f 661//409 662//409 773//409 
f 777//409 773//409 662//409 
f 774//409 778//409 665//409 
f 667//409 668//409 768//409 
f 741//409 693//409 691//409 
f 689//409 745//409 743//409 
f 687//409 747//409 745//409 
f 685//409 749//409 747//409 
f 685//409 683//409 751//409 
f 683//409 681//409 753//409 
f 678//409 732//409 758//409 
f 732//409 678//409 697//409 
f 776//409 775//409 640//409 
f 662//409 663//409 777//409 
f 779//409 777//409 663//409 
f 778//409 779//409 664//409 
f 666//409 667//409 771//409 
f 695//409 693//409 739//409 
f 743//409 691//409 689//409 
f 747//409 687//409 685//409 
f 753//409 751//409 683//409 
f 681//409 679//409 755//409 
f 697//409 731//409 732//409 
f 639//409 780//409 776//409 
f 766//409 780//409 639//409 
f 663//409 664//409 779//409 
f 665//409 666//409 774//409 
f 737//409 674//409 695//409 
f 745//409 689//409 687//409 
f 755//409 753//409 681//409 
f 758//409 679//409 678//409 
f 639//409 645//409 766//409 
f 664//409 665//409 778//409 
f 741//409 739//409 693//409 
f 758//409 755//409 679//409 
f 729//409 731//409 715//409 
f 645//409 644//409 765//409 
f 751//409 749//409 685//409 
f 715//409 717//409 729//409 
f 725//409 727//409 729//409 
f 739//409 737//409 695//409 
f 713//409 715//409 731//409 
f 729//409 719//409 725//409 
f 731//409 697//409 713//409 
f 705//409 711//409 699//409 
f 699//409 711//409 713//409 
f 641//409 640//409 772//409 
f 713//409 697//409 699//409 
f 699//409 703//409 705//409 
f 707//409 709//409 711//409 
f 723//409 725//409 719//409 
f 711//409 705//409 707//409 
f 717//409 719//409 729//409 
f 719//409 721//409 723//409 
o mesh54
f 765//410 781//410 782//411 
f 783//412 781//410 765//410 
f 769//413 784//413 783//412 
f 770//414 785//414 784//413 
f 773//415 786//415 785//414 
f 777//416 787//416 786//415 
f 779//417 788//417 787//416 
f 778//418 789//418 788//417 
f 774//419 790//419 789//418 
f 771//420 791//420 790//419 
f 768//421 792//421 791//420 
f 767//422 793//422 792//421 
f 763//423 794//423 793//422 
f 762//424 795//424 794//423 
f 761//425 796//425 795//424 
f 760//426 797//426 796//425 
f 759//427 798//427 797//426 
f 757//428 756//428 798//427 
f 798//427 759//427 757//428 
f 797//426 760//426 759//427 
f 796//425 761//425 760//426 
f 795//424 762//424 761//425 
f 794//423 763//423 762//424 
f 793//422 767//422 763//423 
f 792//421 768//421 767//422 
f 791//420 771//420 768//421 
f 790//419 774//419 771//420 
f 789//418 778//418 774//419 
f 788//417 779//417 778//418 
f 787//416 777//416 779//417 
f 786//415 773//415 777//416 
f 785//414 770//414 773//415 
f 784//413 769//413 770//414 
f 783//412 764//429 769//413 
f 765//410 764//429 783//412 
f 782//411 766//430 765//410 
o mesh55
f 799//431 800//432 775//432 
f 801//433 799//431 776//434 
f 800//432 802//435 772//435 
f 782//436 801//433 780//437 
f 780//437 766//436 782//436 
f 772//435 775//432 800//432 
f 776//434 780//437 801//433 
f 775//432 776//434 799//431 
o mesh56
f 772//438 802//438 676//438 
f 676//438 675//438 772//438 
o mesh57
f 803//439 477//439 478//439 
f 803//439 476//439 477//439 
f 478//439 479//439 803//439 
f 804//439 503//439 487//439 
f 803//439 475//439 476//439 
f 457//439 455//439 454//439 
f 487//439 455//439 804//439 
f 479//439 480//439 803//439 
f 455//439 457//439 804//439 
f 803//439 474//439 475//439 
f 454//439 456//439 457//439 
f 803//439 473//439 474//439 
f 803//439 804//439 458//439 
f 804//439 502//439 503//439 
f 805//439 806//439 443//439 
f 807//439 351//439 350//439 
f 480//439 481//439 803//439 
f 458//439 459//439 803//439 
f 804//439 501//439 502//439 
f 805//439 450//439 451//439 
f 805//439 447//439 448//439 
f 805//439 445//439 446//439 
f 443//439 444//439 805//439 
f 808//439 611//439 612//439 
f 807//439 354//439 351//439 
f 809//439 515//439 516//439 
f 809//439 511//439 512//439 
f 803//439 472//439 473//439 
f 457//439 458//439 804//439 
f 810//439 415//439 416//439 
f 805//439 449//439 450//439 
f 446//439 447//439 805//439 
f 806//439 442//439 443//439 
f 808//439 610//439 611//439 
f 350//439 617//439 807//439 
f 811//439 523//439 524//439 
f 811//439 519//439 520//439 
f 811//439 809//439 518//439 
f 809//439 514//439 515//439 
f 512//439 513//439 809//439 
f 812//439 583//439 584//439 
f 368//439 376//439 377//439 
f 368//439 374//439 375//439 
f 368//439 372//439 373//439 
f 368//439 370//439 371//439 
f 381//439 366//439 367//439 
f 381//439 358//439 359//439 
f 381//439 803//439 482//439 
f 803//439 471//439 472//439 
f 459//439 460//439 803//439 
f 810//439 406//439 407//439 
f 810//439 422//439 423//439 
f 416//439 417//439 810//439 
f 805//439 452//439 453//439 
f 448//439 449//439 805//439 
f 806//439 441//439 442//439 
f 806//439 439//439 440//439 
f 808//439 609//439 610//439 
f 808//439 807//439 618//439 
f 807//439 352//439 354//439 
f 811//439 522//439 523//439 
f 520//439 521//439 811//439 
f 809//439 517//439 518//439 
f 513//439 514//439 809//439 
f 813//439 550//439 551//439 
f 811//439 543//439 544//439 
f 811//439 538//439 539//439 
f 812//439 582//439 583//439 
f 812//439 813//439 576//439 
f 368//439 379//439 380//439 
f 377//439 378//439 368//439 
f 373//439 374//439 368//439 
f 368//439 369//439 370//439 
f 381//439 365//439 366//439 
f 381//439 363//439 364//439 
f 381//439 361//439 362//439 
f 359//439 360//439 381//439 
f 481//439 482//439 803//439 
f 460//439 461//439 803//439 
f 407//439 408//439 810//439 
f 810//439 404//439 405//439 
f 810//439 814//439 402//439 
f 814//439 397//439 398//439 
f 810//439 421//439 422//439 
f 810//439 419//439 420//439 
f 417//439 418//439 810//439 
f 451//439 452//439 805//439 
f 440//439 441//439 806//439 
f 806//439 437//439 438//439 
f 806//439 435//439 436//439 
f 505//439 808//439 616//439 
f 808//439 608//439 609//439 
f 617//439 618//439 807//439 
f 815//439 491//439 492//439 
f 812//439 597//439 598//439 
f 811//439 527//439 528//439 
f 521//439 522//439 811//439 
f 516//439 517//439 809//439 
f 813//439 549//439 550//439 
f 811//439 542//439 543//439 
f 811//439 537//439 538//439 
f 811//439 535//439 536//439 
f 812//439 581//439 582//439 
f 812//439 579//439 580//439 
f 576//439 577//439 812//439 
f 378//439 379//439 368//439 
f 371//439 372//439 368//439 
f 364//439 365//439 381//439 
f 360//439 361//439 381//439 
f 803//439 470//439 471//439 
f 461//439 462//439 803//439 
f 405//439 406//439 810//439 
f 402//439 403//439 810//439 
f 814//439 400//439 401//439 
f 398//439 399//439 814//439 
f 806//439 427//439 428//439 
f 806//439 425//439 426//439 
f 423//439 806//439 810//439 
f 418//439 419//439 810//439 
f 444//439 445//439 805//439 
f 436//439 437//439 806//439 
f 355//439 816//439 805//439 
f 814//439 390//439 391//439 
f 814//439 388//439 389//439 
f 814//439 384//439 385//439 
f 814//439 817//439 381//439 
f 616//439 504//439 505//439 
f 808//439 607//439 608//439 
f 618//439 619//439 808//439 
f 804//439 815//439 500//439 
f 492//439 493//439 815//439 
f 812//439 596//439 597//439 
f 812//439 593//439 594//439 
f 528//439 529//439 811//439 
f 811//439 525//439 526//439 
f 518//439 519//439 811//439 
f 809//439 509//439 510//439 
f 813//439 558//439 559//439 
f 551//439 552//439 813//439 
f 813//439 811//439 547//439 
f 544//439 545//439 811//439 
f 811//439 540//439 541//439 
f 536//439 537//439 811//439 
f 811//439 533//439 534//439 
f 580//439 581//439 812//439 
f 577//439 578//439 812//439 
f 375//439 376//439 368//439 
f 362//439 363//439 381//439 
f 803//439 469//439 470//439 
f 462//439 463//439 803//439 
f 810//439 409//439 410//439 
f 403//439 404//439 810//439 
f 399//439 400//439 814//439 
f 814//439 392//439 393//439 
f 806//439 430//439 431//439 
f 428//439 429//439 806//439 
f 806//439 424//439 425//439 
f 420//439 421//439 810//439 
f 810//439 413//439 414//439 
f 438//439 439//439 806//439 
f 806//439 433//439 434//439 
f 816//439 357//439 353//439 
f 805//439 356//439 355//439 
f 389//439 390//439 814//439 
f 814//439 386//439 387//439 
f 814//439 383//439 384//439 
f 381//439 382//439 814//439 
f 505//439 506//439 808//439 
f 808//439 605//439 607//439 
f 808//439 628//439 629//439 
f 619//439 620//439 808//439 
f 815//439 499//439 500//439 
f 493//439 494//439 815//439 
f 812//439 595//439 596//439 
f 812//439 592//439 593//439 
f 811//439 530//439 531//439 
f 526//439 527//439 811//439 
f 510//439 511//439 809//439 
f 813//439 560//439 561//439 
f 813//439 557//439 558//439 
f 813//439 555//439 556//439 
f 813//439 553//439 554//439 
f 813//439 548//439 549//439 
f 811//439 546//439 547//439 
f 541//439 542//439 811//439 
f 534//439 535//439 811//439 
f 812//439 586//439 587//439 
f 578//439 579//439 812//439 
f 813//439 574//439 575//439 
f 367//439 368//439 381//439 
f 482//439 483//439 381//439 
f 463//439 464//439 803//439 
f 410//439 411//439 810//439 
f 401//439 402//439 814//439 
f 814//439 395//439 396//439 
f 393//439 394//439 814//439 
f 429//439 430//439 806//439 
f 423//439 424//439 806//439 
f 810//439 412//439 413//439 
f 434//439 435//439 806//439 
f 355//439 357//439 816//439 
f 816//439 807//439 803//439 
f 387//439 388//439 814//439 
f 382//439 383//439 814//439 
f 808//439 615//439 616//439 
f 612//439 613//439 808//439 
f 629//439 606//439 808//439 
f 620//439 621//439 808//439 
f 815//439 498//439 499//439 
f 815//439 490//439 491//439 
f 815//439 489//439 488//439 
f 812//439 599//439 600//439 
f 594//439 595//439 812//439 
f 531//439 532//439 811//439 
f 524//439 525//439 811//439 
f 559//439 560//439 813//439 
f 554//439 555//439 813//439 
f 547//439 548//439 813//439 
f 539//439 540//439 811//439 
f 812//439 588//439 589//439 
f 812//439 585//439 586//439 
f 575//439 576//439 813//439 
f 813//439 571//439 572//439 
f 813//439 569//439 570//439 
f 381//439 486//439 358//439 
f 483//439 484//439 381//439 
f 464//439 465//439 803//439 
f 408//439 409//439 810//439 
f 394//439 395//439 814//439 
f 431//439 432//439 806//439 
f 414//439 415//439 810//439 
f 353//439 352//439 816//439 
f 816//439 352//439 807//439 
f 803//439 381//439 817//439 
f 385//439 386//439 814//439 
f 808//439 614//439 615//439 
f 606//439 605//439 808//439 
f 621//439 622//439 808//439 
f 815//439 497//439 498//439 
f 488//439 490//439 815//439 
f 812//439 604//439 489//439 
f 812//439 602//439 603//439 
f 600//439 601//439 812//439 
f 812//439 591//439 592//439 
f 529//439 530//439 811//439 
f 809//439 507//439 508//439 
f 556//439 557//439 813//439 
f 545//439 546//439 811//439 
f 589//439 590//439 812//439 
f 584//439 585//439 812//439 
f 572//439 573//439 813//439 
f 813//439 568//439 569//439 
f 381//439 485//439 486//439 
f 803//439 468//439 469//439 
f 465//439 466//439 803//439 
f 396//439 397//439 814//439 
f 426//439 427//439 806//439 
f 803//439 818//439 816//439 
f 391//439 392//439 814//439 
f 613//439 614//439 808//439 
f 622//439 623//439 808//439 
f 815//439 496//439 497//439 
f 494//439 495//439 815//439 
f 603//439 604//439 812//439 
f 598//439 599//439 812//439 
f 808//439 809//439 815//439 
f 508//439 509//439 809//439 
f 552//439 553//439 813//439 
f 587//439 588//439 812//439 
f 570//439 571//439 813//439 
f 813//439 566//439 567//439 
f 813//439 564//439 565//439 
f 484//439 485//439 381//439 
f 466//439 467//439 803//439 
f 432//439 433//439 806//439 
f 817//439 818//439 803//439 
f 808//439 627//439 628//439 
f 623//439 624//439 808//439 
f 495//439 496//439 815//439 
f 601//439 602//439 812//439 
f 808//439 507//439 809//439 
f 561//439 562//439 813//439 
f 573//439 574//439 813//439 
f 565//439 566//439 813//439 
f 467//439 468//439 803//439 
f 453//439 356//439 805//439 
f 808//439 626//439 627//439 
f 624//439 625//439 808//439 
f 489//439 815//439 812//439 
f 532//439 533//439 811//439 
f 567//439 568//439 813//439 
f 813//439 562//439 563//439 
f 411//439 412//439 810//439 
f 625//439 626//439 808//439 
f 815//439 804//439 808//439 
f 563//439 564//439 813//439 
f 506//439 507//439 808//439 
f 590//439 591//439 812//439 
f 500//439 501//439 804//439 
f 380//439 381//439 368//439 
o mesh58
f 804//440 803//440 819//440 
f 819//440 820//440 804//440 
o mesh59
f 807//441 821//441 819//441 
f 819//441 803//441 807//441 
o mesh60
f 808//442 822//442 821//442 
f 821//442 807//442 808//442 
o mesh61
f 808//443 804//443 820//443 
f 820//443 822//443 808//443 
o mesh62
f 820//444 819//444 821//444 
f 821//444 822//444 820//444 
o mesh63
f 823//445 818//445 817//445 
f 817//445 824//445 823//445 
o mesh64
f 825//444 826//444 827//444 
f 825//444 828//444 826//444 
f 825//444 823//444 824//444 
f 824//444 829//444 825//444 
f 827//444 823//444 825//444 
o mesh65
f 824//446 817//446 814//446 
f 814//446 829//446 824//446 
o mesh66
f 829//447 814//447 810//447 
f 810//447 825//447 829//447 
o mesh67
f 825//448 810//448 806//448 
f 806//448 828//448 825//448 
o mesh68
f 828//449 806//449 805//449 
f 805//449 826//449 828//449 
o mesh69
f 826//450 805//450 816//450 
f 816//450 827//450 826//450 
o mesh70
f 827//451 816//451 818//451 
f 818//451 823//451 827//451 
o mesh71
f 830//452 815//452 809//452 
f 809//452 831//452 830//452 
o mesh72
f 832//453 830//453 831//453 
f 831//453 833//453 832//453 
f 833//453 834//453 832//453 
o mesh73
f 831//454 809//454 811//454 
f 811//454 833//454 831//454 
o mesh74
f 833//455 811//455 813//455 
f 813//455 834//455 833//455 
o mesh75
f 834//456 813//456 812//456 
f 812//456 832//456 834//456 
o mesh76
f 832//457 812//457 815//457 
f 815//457 830//457 832//457 
o mesh77
f 349//458 345//458 338//458 
f 1964//458 337//458 339//458 
f 1965//458 340//458 341//458 
f 1966//458 341//458 342//458 
f 1967//458 342//458 343//458 
f 346//458 349//458 1968//458 
f 1969//458 835//458 836//458 
f 836//458 837//458 1969//458 
f 1969//458 838//458 835//458 
f 839//458 840//458 841//458 
f 1966//458 842//458 843//458 
f 843//458 842//458 844//458 
f 1967//458 845//458 846//458 
f 1970//458 847//458 845//458 
f 848//458 849//458 850//458 
f 836//458 835//458 848//458 
f 837//458 851//458 1969//458 
f 841//458 852//458 839//458 
f 844//458 853//458 843//458 
f 1967//458 854//458 842//458 
f 845//458 1967//458 1970//458 
f 1970//458 1969//458 851//458 
f 848//458 855//458 836//458 
f 839//458 837//458 840//458 
f 1966//458 856//458 857//458 
f 842//458 1966//458 1967//458 
f 851//458 847//458 1970//458 
f 837//458 839//458 851//458 
f 1969//458 1966//458 858//458 
f 843//458 856//458 1966//458 
f 850//458 855//458 848//458 
f 857//458 858//458 1966//458 
f 858//458 838//458 1969//458 
f 347//458 346//458 1971//458 
f 1972//458 1969//458 1970//458 
f 348//458 347//458 1973//458 
f 1974//458 1973//458 1975//458 
f 1976//458 1975//458 1977//458 
f 1978//458 1977//458 1979//458 
f 1980//458 1972//458 1981//458 
f 1982//458 1981//458 1983//458 
f 1984//458 1983//458 335//458 
f 331//458 348//458 1974//458 
f 330//458 1974//458 1976//458 
f 329//458 1976//458 1978//458 
f 328//458 1978//458 1985//458 
f 326//458 1980//458 1982//458 
f 324//458 1982//458 1984//458 
f 325//458 1984//458 336//458 
f 1968//458 859//458 860//458 
f 1968//458 861//458 859//458 
f 860//458 1971//458 1968//458 
f 1968//458 862//458 861//458 
f 1968//458 863//458 862//458 
f 1971//458 864//458 865//458 
f 1968//458 866//458 863//458 
f 865//458 867//458 1971//458 
f 1968//458 868//458 866//458 
f 1971//458 869//458 864//458 
f 1968//458 870//458 868//458 
f 1971//458 871//458 869//458 
f 1971//458 872//458 873//458 
f 1968//458 874//458 870//458 
f 1968//458 875//458 876//458 
f 1971//458 877//458 871//458 
f 1971//458 878//458 872//458 
f 1968//458 879//458 874//458 
f 1968//458 880//458 875//458 
f 1971//458 881//458 877//458 
f 873//458 882//458 1971//458 
f 1968//458 883//458 879//458 
f 876//458 884//458 1968//458 
f 1971//458 885//458 881//458 
f 1971//458 886//458 878//458 
f 1968//458 887//458 883//458 
f 1968//458 888//458 880//458 
f 1971//458 889//458 885//458 
f 1971//458 890//458 886//458 
f 1968//458 891//458 887//458 
f 1968//458 892//458 888//458 
f 1971//458 893//458 889//458 
f 1971//458 894//458 890//458 
f 1968//458 895//458 891//458 
f 1968//458 896//458 892//458 
f 1971//458 897//458 893//458 
f 1971//458 898//458 894//458 
f 860//458 899//458 1971//458 
f 1968//458 900//458 896//458 
f 1971//458 901//458 897//458 
f 1971//458 902//458 898//458 
f 1968//458 903//458 895//458 
f 1968//458 904//458 900//458 
f 1971//458 905//458 901//458 
f 1971//458 906//458 902//458 
f 1968//458 907//458 903//458 
f 1968//458 908//458 904//458 
f 1971//458 909//458 905//458 
f 1971//458 910//458 906//458 
f 1968//458 911//458 907//458 
f 1968//458 912//458 908//458 
f 1971//458 913//458 909//458 
f 1971//458 914//458 910//458 
f 1968//458 915//458 911//458 
f 1968//458 916//458 912//458 
f 882//458 913//458 1971//458 
f 1968//458 917//458 915//458 
f 1968//458 918//458 916//458 
f 1971//458 919//458 914//458 
f 884//458 917//458 1968//458 
f 1971//458 920//458 919//458 
f 1968//458 921//458 918//458 
f 1971//458 922//458 920//458 
f 1968//458 923//458 921//458 
f 1971//458 924//458 922//458 
f 1968//458 925//458 923//458 
f 1968//458 926//458 927//458 
f 1971//458 928//458 924//458 
f 927//458 925//458 1968//458 
f 899//458 928//458 1971//458 
f 1975//458 1973//458 929//458 
f 929//458 930//458 1975//458 
f 1973//458 931//458 929//458 
f 930//458 932//458 1975//458 
f 1973//458 933//458 934//458 
f 932//458 935//458 1975//458 
f 1973//458 936//458 933//458 
f 934//458 931//458 1973//458 
f 1973//458 1971//458 937//458 
f 937//458 936//458 1973//458 
f 1975//458 938//458 939//458 
f 935//458 940//458 1975//458 
f 940//458 938//458 1975//458 
f 1986//458 941//458 942//458 
f 942//458 1964//458 1986//458 
f 1986//458 943//458 941//458 
f 1986//458 944//458 943//458 
f 1986//458 945//458 944//458 
f 1986//458 946//458 945//458 
f 1986//458 947//458 946//458 
f 1986//458 948//458 947//458 
f 1986//458 949//458 948//458 
f 1986//458 950//458 949//458 
f 1986//458 951//458 950//458 
f 952//458 953//458 954//458 
f 1986//458 955//458 951//458 
f 954//458 956//458 952//458 
f 1986//458 957//458 955//458 
f 1986//458 958//458 959//458 
f 956//458 960//458 952//458 
f 1986//458 961//458 957//458 
f 1986//458 962//458 958//458 
f 960//458 963//458 952//458 
f 964//458 965//458 966//458 
f 1986//458 967//458 961//458 
f 959//458 968//458 1986//458 
f 963//458 969//458 952//458 
f 966//458 970//458 964//458 
f 1986//458 971//458 967//458 
f 1986//458 972//458 962//458 
f 969//458 973//458 952//458 
f 970//458 974//458 964//458 
f 1986//458 975//458 971//458 
f 1986//458 976//458 972//458 
f 973//458 977//458 952//458 
f 974//458 978//458 964//458 
f 1986//458 979//458 975//458 
f 1986//458 980//458 976//458 
f 977//458 981//458 952//458 
f 978//458 982//458 964//458 
f 968//458 979//458 1986//458 
f 981//458 983//458 952//458 
f 982//458 984//458 964//458 
f 1986//458 985//458 980//458 
f 986//458 987//458 952//458 
f 984//458 988//458 964//458 
f 1964//458 989//458 990//458 
f 1986//458 991//458 985//458 
f 983//458 986//458 952//458 
f 988//458 992//458 964//458 
f 1964//458 993//458 989//458 
f 1986//458 994//458 991//458 
f 986//458 995//458 987//458 
f 992//458 996//458 964//458 
f 1964//458 997//458 993//458 
f 1986//458 998//458 994//458 
f 999//458 1000//458 1001//458 
f 995//458 1002//458 987//458 
f 996//458 1003//458 964//458 
f 1964//458 1004//458 997//458 
f 1986//458 1005//458 998//458 
f 999//458 1006//458 1007//458 
f 999//458 1008//458 1000//458 
f 1002//458 1009//458 987//458 
f 1003//458 1010//458 964//458 
f 1964//458 1011//458 1004//458 
f 1986//458 1012//458 1005//458 
f 1007//458 1013//458 999//458 
f 999//458 1014//458 1008//458 
f 1009//458 1015//458 987//458 
f 1010//458 1016//458 964//458 
f 1964//458 1017//458 1011//458 
f 1986//458 1018//458 1012//458 
f 1013//458 1019//458 999//458 
f 999//458 1020//458 1014//458 
f 1015//458 1021//458 987//458 
f 1016//458 1022//458 964//458 
f 964//458 999//458 1023//458 
f 1964//458 1024//458 1025//458 
f 1964//458 1026//458 1017//458 
f 1986//458 1027//458 1018//458 
f 1019//458 1028//458 999//458 
f 999//458 1029//458 1020//458 
f 1021//458 1030//458 987//458 
f 1023//458 965//458 964//458 
f 1964//458 1031//458 1024//458 
f 1964//458 1032//458 1026//458 
f 1986//458 1033//458 1027//458 
f 1986//458 939//458 1034//458 
f 999//458 1035//458 1006//458 
f 999//458 1036//458 1029//458 
f 1030//458 1037//458 987//458 
f 1022//458 1038//458 964//458 
f 1025//458 1039//458 1964//458 
f 1964//458 1040//458 1032//458 
f 1041//458 1042//458 1040//458 
f 1034//458 1033//458 1986//458 
f 999//458 1043//458 1042//458 
f 1001//458 1035//458 999//458 
f 1038//458 987//458 964//458 
f 990//458 1031//458 1964//458 
f 942//458 1041//458 1964//458 
f 1028//458 1043//458 999//458 
f 1037//458 964//458 987//458 
f 1040//458 1964//458 1041//458 
f 964//458 1036//458 999//458 
f 1042//458 1041//458 999//458 
f 337//458 1964//458 1044//458 
f 337//458 1045//458 1046//458 
f 1044//458 1047//458 337//458 
f 338//458 1048//458 926//458 
f 338//458 337//458 1049//458 
f 1046//458 1050//458 337//458 
f 1047//458 1051//458 337//458 
f 1049//458 1048//458 338//458 
f 1051//458 1045//458 337//458 
f 337//458 1052//458 1049//458 
f 1050//458 1053//458 337//458 
f 1053//458 1052//458 337//458 
f 1977//458 1054//458 1055//458 
f 1977//458 1975//458 1056//458 
f 1975//458 1057//458 1058//458 
f 1977//458 1059//458 1054//458 
f 1056//458 1060//458 1977//458 
f 1975//458 1061//458 1062//458 
f 1058//458 1063//458 1975//458 
f 1975//458 1986//458 1064//458 
f 1977//458 1065//458 1059//458 
f 1060//458 1066//458 1977//458 
f 1975//458 1067//458 1061//458 
f 1064//458 1057//458 1975//458 
f 1066//458 1065//458 1977//458 
f 1063//458 1067//458 1975//458 
f 1062//458 1056//458 1975//458 
f 1068//458 1069//458 1070//458 
f 1071//458 1072//458 1073//458 
f 1074//458 1075//458 1068//458 
f 1073//458 1076//458 1071//458 
f 1070//458 1074//458 1068//458 
f 1076//458 1077//458 1071//458 
f 1074//458 1078//458 1075//458 
f 1077//458 1079//458 1071//458 
f 1078//458 1080//458 1075//458 
f 1079//458 1081//458 1071//458 
f 1080//458 1082//458 1075//458 
f 1081//458 1083//458 1071//458 
f 1082//458 1084//458 1075//458 
f 1071//458 1085//458 1072//458 
f 1083//458 1075//458 1071//458 
f 1084//458 1071//458 1075//458 
f 1086//458 1987//458 1087//458 
f 1071//458 1088//458 1085//458 
f 1987//458 1089//458 1087//458 
f 1088//458 1090//458 1085//458 
f 1987//458 1091//458 1089//458 
f 1090//458 1092//458 1085//458 
f 1987//458 1093//458 1091//458 
f 1092//458 1094//458 1085//458 
f 1987//458 1095//458 1093//458 
f 1094//458 1096//458 1085//458 
f 1987//458 1097//458 1095//458 
f 1096//458 1098//458 1085//458 
f 1987//458 1099//458 1097//458 
f 1098//458 1100//458 1085//458 
f 1987//458 1101//458 1099//458 
f 1100//458 1102//458 1085//458 
f 1987//458 1103//458 1101//458 
f 1104//458 1105//458 1085//458 
f 1987//458 1106//458 1103//458 
f 1987//458 1107//458 1108//458 
f 1104//458 1109//458 1105//458 
f 1987//458 1110//458 1106//458 
f 1108//458 1111//458 1987//458 
f 1104//458 1112//458 1109//458 
f 1987//458 1113//458 1110//458 
f 1987//458 1114//458 1107//458 
f 1104//458 1115//458 1112//458 
f 1987//458 1116//458 1113//458 
f 1987//458 1117//458 1114//458 
f 1104//458 1118//458 1115//458 
f 1987//458 1119//458 1116//458 
f 1987//458 1120//458 1117//458 
f 1121//458 1122//458 1123//458 
f 1102//458 1104//458 1085//458 
f 1987//458 1124//458 1119//458 
f 1987//458 1125//458 1120//458 
f 1121//458 1126//458 1122//458 
f 1127//458 1128//458 1118//458 
f 1987//458 1129//458 1124//458 
f 1987//458 1130//458 1125//458 
f 1121//458 1131//458 1132//458 
f 1123//458 1133//458 1121//458 
f 1127//458 1134//458 1128//458 
f 1987//458 1135//458 1129//458 
f 1987//458 1136//458 1130//458 
f 1132//458 1137//458 1121//458 
f 1121//458 1138//458 1126//458 
f 1121//458 1139//458 1140//458 
f 1121//458 1141//458 1142//458 
f 1121//458 1143//458 1144//458 
f 1127//458 1145//458 1134//458 
f 1987//458 1146//458 1135//458 
f 1987//458 1147//458 1136//458 
f 1137//458 1148//458 1121//458 
f 1121//458 1149//458 1138//458 
f 1121//458 1150//458 1151//458 
f 1121//458 1152//458 1153//458 
f 1121//458 1154//458 1139//458 
f 1144//458 1141//458 1121//458 
f 1127//458 1155//458 1145//458 
f 1987//458 1156//458 1146//458 
f 1987//458 1157//458 1147//458 
f 1133//458 1131//458 1121//458 
f 1153//458 1150//458 1121//458 
f 1142//458 1154//458 1121//458 
f 1127//458 1158//458 1155//458 
f 1111//458 1156//458 1987//458 
f 1159//458 1160//458 1161//458 
f 1148//458 1162//458 1121//458 
f 1140//458 1152//458 1121//458 
f 1158//458 1163//458 1164//458 
f 1104//458 1127//458 1118//458 
f 1987//458 1165//458 1157//458 
f 1161//458 1166//458 1159//458 
f 1159//458 1167//458 1168//458 
f 1159//458 1169//458 1170//458 
f 1171//458 1172//458 1173//458 
f 1964//458 1174//458 1172//458 
f 1162//458 1175//458 1121//458 
f 1151//458 1176//458 1121//458 
f 1127//458 1163//458 1158//458 
f 1121//458 1177//458 1158//458 
f 1987//458 1178//458 1165//458 
f 1159//458 1179//458 1160//458 
f 1159//458 1180//458 1181//458 
f 1168//458 1182//458 1159//458 
f 1159//458 1183//458 1184//458 
f 1159//458 1185//458 1169//458 
f 1159//458 1186//458 1187//458 
f 1986//458 1964//458 1171//458 
f 1172//458 1171//458 1964//458 
f 1176//458 1149//458 1121//458 
f 1158//458 1143//458 1121//458 
f 1188//458 1121//458 1189//458 
f 1190//458 1191//458 1189//458 
f 1987//458 1192//458 1178//458 
f 1181//458 1179//458 1159//458 
f 1159//458 1193//458 1167//458 
f 1170//458 1183//458 1159//458 
f 1159//458 1194//458 1186//458 
f 1173//458 1195//458 1171//458 
f 1964//458 1188//458 1196//458 
f 1164//458 1143//458 1158//458 
f 1189//458 1121//458 1190//458 
f 1987//458 1197//458 1192//458 
f 1182//458 1180//458 1159//458 
f 1187//458 1185//458 1159//458 
f 1196//458 1174//458 1964//458 
f 1189//458 1196//458 1188//458 
f 1987//458 1198//458 1197//458 
f 1184//458 1193//458 1159//458 
f 1159//458 1199//458 1200//458 
f 1175//458 1190//458 1121//458 
f 1988//458 1201//458 1188//458 
f 1988//458 1987//458 1086//458 
f 1987//458 1055//458 1198//458 
f 1200//458 1194//458 1159//458 
f 1986//458 1202//458 1159//458 
f 1188//458 1964//458 1988//458 
f 1087//458 1203//458 1086//458 
f 1159//458 1064//458 1986//458 
f 1086//458 1201//458 1988//458 
f 1171//458 1202//458 1986//458 
f 339//458 340//458 1204//458 
f 340//458 1205//458 1204//458 
f 340//458 1206//458 1205//458 
f 1204//458 1207//458 339//458 
f 340//458 1208//458 1206//458 
f 340//458 1209//458 1208//458 
f 340//458 1210//458 1209//458 
f 340//458 1965//458 1211//458 
f 339//458 1212//458 1213//458 
f 1211//458 1210//458 340//458 
f 339//458 1214//458 1212//458 
f 1207//458 1215//458 339//458 
f 1215//458 1214//458 339//458 
f 1988//458 1216//458 1217//458 
f 1217//458 1987//458 1988//458 
f 1217//458 1218//458 1987//458 
f 1988//458 1219//458 1216//458 
f 1988//458 1220//458 1219//458 
f 1988//458 1221//458 1220//458 
f 1987//458 1222//458 1223//458 
f 1988//458 1224//458 1221//458 
f 1987//458 1225//458 1222//458 
f 1988//458 1226//458 1224//458 
f 1987//458 1227//458 1225//458 
f 1988//458 1228//458 1226//458 
f 1987//458 1229//458 1227//458 
f 1988//458 1230//458 1228//458 
f 1987//458 1231//458 1229//458 
f 1988//458 1232//458 1230//458 
f 1988//458 1233//458 1234//458 
f 1987//458 1235//458 1231//458 
f 1987//458 1236//458 1237//458 
f 1988//458 1238//458 1232//458 
f 1988//458 1239//458 1233//458 
f 1987//458 1240//458 1235//458 
f 1987//458 1241//458 1236//458 
f 1988//458 1242//458 1238//458 
f 1234//458 1243//458 1988//458 
f 1987//458 1244//458 1240//458 
f 1987//458 1245//458 1241//458 
f 1988//458 1246//458 1242//458 
f 1988//458 1247//458 1239//458 
f 1987//458 1248//458 1244//458 
f 1237//458 1249//458 1987//458 
f 1988//458 1250//458 1246//458 
f 1988//458 1251//458 1247//458 
f 1987//458 1252//458 1248//458 
f 1987//458 1253//458 1245//458 
f 1988//458 1254//458 1250//458 
f 1988//458 1255//458 1251//458 
f 1987//458 1256//458 1252//458 
f 1987//458 1257//458 1253//458 
f 1218//458 1258//458 1987//458 
f 1988//458 1259//458 1255//458 
f 1987//458 1260//458 1256//458 
f 1987//458 1261//458 1257//458 
f 1988//458 1262//458 1254//458 
f 1988//458 1263//458 1259//458 
f 1987//458 1264//458 1260//458 
f 1987//458 1265//458 1261//458 
f 1988//458 1266//458 1262//458 
f 1988//458 1267//458 1263//458 
f 1987//458 1268//458 1264//458 
f 1987//458 1269//458 1265//458 
f 1243//458 1266//458 1988//458 
f 1249//458 1268//458 1987//458 
f 1988//458 1270//458 1267//458 
f 1987//458 1271//458 1269//458 
f 1988//458 1272//458 1270//458 
f 1987//458 1273//458 1271//458 
f 1988//458 1274//458 1272//458 
f 1987//458 1275//458 1273//458 
f 1988//458 1276//458 1274//458 
f 1987//458 1277//458 1275//458 
f 1988//458 1278//458 1276//458 
f 1987//458 1279//458 1277//458 
f 1988//458 1280//458 1278//458 
f 1987//458 1281//458 1279//458 
f 1988//458 1282//458 1280//458 
f 1987//458 1283//458 1281//458 
f 1988//458 1284//458 1282//458 
f 1987//458 1285//458 1283//458 
f 1988//458 1213//458 1284//458 
f 1258//458 1285//458 1987//458 
f 1977//458 1286//458 1287//458 
f 1287//458 1979//458 1977//458 
f 1287//458 1288//458 1979//458 
f 1977//458 1289//458 1286//458 
f 1977//458 1290//458 1289//458 
f 1977//458 1291//458 1290//458 
f 1977//458 1987//458 1292//458 
f 1979//458 1293//458 1294//458 
f 1292//458 1291//458 1977//458 
f 1979//458 1295//458 1293//458 
f 1288//458 1296//458 1979//458 
f 1296//458 1295//458 1979//458 
f 1965//458 1297//458 1298//458 
f 1965//458 1299//458 1297//458 
f 1300//458 1301//458 1302//458 
f 1965//458 1303//458 1299//458 
f 1304//458 1305//458 1306//458 
f 1302//458 1307//458 1300//458 
f 1965//458 1308//458 1303//458 
f 1306//458 1309//458 1304//458 
f 1307//458 1310//458 1300//458 
f 1311//458 1312//458 1313//458 
f 1965//458 1314//458 1308//458 
f 1309//458 1315//458 1304//458 
f 1310//458 1316//458 1300//458 
f 1313//458 1317//458 1311//458 
f 1965//458 1318//458 1314//458 
f 1315//458 1319//458 1304//458 
f 1316//458 1320//458 1300//458 
f 1317//458 1321//458 1311//458 
f 1298//458 1322//458 1965//458 
f 1319//458 1323//458 1304//458 
f 1320//458 1324//458 1300//458 
f 1325//458 1326//458 1327//458 
f 1325//458 1328//458 1329//458 
f 1321//458 1330//458 1311//458 
f 1965//458 1331//458 1332//458 
f 1965//458 1333//458 1318//458 
f 1323//458 1334//458 1304//458 
f 1324//458 1335//458 1300//458 
f 1327//458 1336//458 1325//458 
f 1329//458 1337//458 1325//458 
f 1330//458 1338//458 1311//458 
f 1311//458 1339//458 1340//458 
f 1965//458 1341//458 1331//458 
f 1965//458 1342//458 1333//458 
f 1334//458 1343//458 1304//458 
f 1335//458 1344//458 1300//458 
f 1336//458 1345//458 1325//458 
f 1337//458 1346//458 1325//458 
f 1338//458 1347//458 1311//458 
f 1340//458 1348//458 1311//458 
f 1965//458 1349//458 1341//458 
f 1965//458 1350//458 1342//458 
f 1343//458 1351//458 1304//458 
f 1344//458 1352//458 1300//458 
f 1345//458 1353//458 1325//458 
f 1346//458 1354//458 1325//458 
f 1347//458 1355//458 1311//458 
f 1348//458 1356//458 1311//458 
f 1965//458 1357//458 1349//458 
f 1965//458 1358//458 1350//458 
f 1351//458 1359//458 1304//458 
f 1352//458 1360//458 1300//458 
f 1353//458 1361//458 1325//458 
f 1354//458 1362//458 1325//458 
f 1363//458 1364//458 1365//458 
f 1355//458 1366//458 1311//458 
f 1356//458 1367//458 1311//458 
f 1965//458 1368//458 1357//458 
f 1965//458 1369//458 1358//458 
f 1359//458 1370//458 1304//458 
f 1360//458 1371//458 1300//458 
f 1361//458 1372//458 1325//458 
f 1362//458 1373//458 1325//458 
f 1365//458 1374//458 1363//458 
f 1366//458 1375//458 1311//458 
f 1367//458 1376//458 1311//458 
f 1965//458 1377//458 1368//458 
f 1965//458 1378//458 1369//458 
f 1304//458 1379//458 1305//458 
f 1371//458 1380//458 1300//458 
f 1372//458 1381//458 1325//458 
f 1373//458 1382//458 1325//458 
f 1363//458 1383//458 1364//458 
f 1375//458 1384//458 1311//458 
f 1376//458 1385//458 1311//458 
f 1965//458 1386//458 1377//458 
f 1965//458 1387//458 1378//458 
f 1370//458 1388//458 1304//458 
f 1380//458 1389//458 1300//458 
f 1381//458 1390//458 1325//458 
f 1382//458 1391//458 1325//458 
f 1363//458 1392//458 1383//458 
f 1384//458 1393//458 1311//458 
f 1311//458 1394//458 1339//458 
f 1965//458 1395//458 1386//458 
f 1965//458 1396//458 1387//458 
f 1388//458 1397//458 1304//458 
f 1398//458 1399//458 1300//458 
f 1390//458 1400//458 1325//458 
f 1391//458 1401//458 1325//458 
f 1363//458 1402//458 1392//458 
f 1393//458 1403//458 1311//458 
f 1385//458 1404//458 1311//458 
f 1311//458 1405//458 1406//458 
f 1311//458 1407//458 1408//458 
f 1965//458 1409//458 1395//458 
f 1965//458 1410//458 1396//458 
f 1397//458 1411//458 1304//458 
f 1389//458 1398//458 1300//458 
f 1400//458 1412//458 1325//458 
f 1401//458 1413//458 1325//458 
f 1363//458 1414//458 1402//458 
f 1989//458 1415//458 1416//458 
f 1404//458 1312//458 1311//458 
f 1311//458 1417//458 1405//458 
f 1408//458 1418//458 1311//458 
f 1965//458 1419//458 1409//458 
f 1965//458 1420//458 1410//458 
f 1411//458 1421//458 1304//458 
f 1325//458 1422//458 1399//458 
f 1412//458 1423//458 1325//458 
f 1413//458 1424//458 1325//458 
f 1363//458 1425//458 1414//458 
f 1363//458 1426//458 1427//458 
f 1989//458 1428//458 1429//458 
f 1989//458 1430//458 1415//458 
f 1311//458 1431//458 1432//458 
f 1311//458 1433//458 1394//458 
f 1406//458 1434//458 1311//458 
f 1418//458 1435//458 1311//458 
f 1311//458 1436//458 1437//458 
f 1311//458 1438//458 1439//458 
f 1311//458 1440//458 1441//458 
f 1322//458 1419//458 1965//458 
f 1421//458 1442//458 1304//458 
f 1423//458 1422//458 1325//458 
f 1424//458 1443//458 1325//458 
f 1363//458 1444//458 1425//458 
f 1427//458 1445//458 1363//458 
f 1429//458 1446//458 1989//458 
f 1989//458 1447//458 1430//458 
f 1432//458 1448//458 1311//458 
f 1311//458 1449//458 1433//458 
f 1435//458 1417//458 1311//458 
f 1439//458 1436//458 1311//458 
f 1311//458 1450//458 1440//458 
f 1965//458 1451//458 1420//458 
f 1442//458 1452//458 1304//458 
f 1325//458 1453//458 1326//458 
f 1325//458 1304//458 1328//458 
f 1363//458 1454//458 1444//458 
f 1445//458 1455//458 1363//458 
f 1989//458 1456//458 1428//458 
f 1989//458 1457//458 1458//458 
f 1416//458 1459//458 1989//458 
f 1448//458 1460//458 1311//458 
f 1311//458 1461//458 1449//458 
f 1434//458 1462//458 1311//458 
f 1441//458 1438//458 1311//458 
f 1965//458 1463//458 1451//458 
f 1452//458 1464//458 1304//458 
f 1443//458 1453//458 1325//458 
f 1363//458 1465//458 1454//458 
f 1455//458 1466//458 1363//458 
f 1446//458 1467//458 1989//458 
f 1459//458 1457//458 1989//458 
f 1311//458 1468//458 1431//458 
f 1311//458 1469//458 1461//458 
f 1311//458 1470//458 1407//458 
f 1311//458 1471//458 1450//458 
f 1965//458 1472//458 1463//458 
f 1965//458 1473//458 1474//458 
f 1464//458 1475//458 1304//458 
f 1398//458 1325//458 1399//458 
f 1363//458 1476//458 1465//458 
f 1466//458 1477//458 1363//458 
f 1989//458 1478//458 1479//458 
f 1458//458 1456//458 1989//458 
f 1403//458 1468//458 1311//458 
f 1437//458 1470//458 1311//458 
f 1965//458 1480//458 1472//458 
f 1474//458 1481//458 1965//458 
f 1325//458 1379//458 1304//458 
f 1374//458 1482//458 1363//458 
f 1477//458 1483//458 1363//458 
f 1467//458 1478//458 1989//458 
f 1462//458 1469//458 1311//458 
f 1363//458 1484//458 1311//458 
f 1481//458 1480//458 1965//458 
f 1473//458 1311//458 1484//458 
f 1482//458 1304//458 1363//458 
f 1483//458 1485//458 1363//458 
f 1989//458 1486//458 1447//458 
f 1311//458 1426//458 1363//458 
f 1484//458 1474//458 1473//458 
f 1363//458 1487//458 1476//458 
f 1485//458 1488//458 1363//458 
f 1989//458 1489//458 1486//458 
f 1332//458 1211//458 1965//458 
f 1488//458 1487//458 1363//458 
f 1989//458 1490//458 1473//458 
f 1989//458 1294//458 1489//458 
f 1475//458 1363//458 1304//458 
f 1479//458 1490//458 1989//458 
f 1473//458 1965//458 1989//458 
f 1979//458 1989//458 1491//458 
f 1985//458 1979//458 1492//458 
f 1980//458 326//458 1493//458 
f 327//458 1494//458 1493//458 
f 1985//458 1495//458 1494//458 
f 1496//458 1497//458 1495//458 
f 1493//458 326//458 327//458 
f 1495//458 1985//458 1496//458 
f 1494//458 327//458 1985//458 
f 1498//458 1499//458 1972//458 
f 1500//458 1501//458 1502//458 
f 1500//458 1503//458 1504//458 
f 1502//458 1505//458 1500//458 
f 1500//458 1506//458 1507//458 
f 1500//458 1508//458 1503//458 
f 1500//458 1509//458 1501//458 
f 1504//458 1506//458 1500//458 
f 1505//458 1510//458 1500//458 
f 1510//458 1508//458 1500//458 
f 1500//458 1511//458 1512//458 
f 1512//458 1509//458 1500//458 
f 1500//458 1513//458 1514//458 
f 1500//458 1515//458 1516//458 
f 1514//458 1511//458 1500//458 
f 1500//458 1517//458 1518//458 
f 1516//458 1519//458 1500//458 
f 1518//458 1513//458 1500//458 
f 1519//458 1520//458 1500//458 
f 1520//458 1517//458 1500//458 
f 1499//458 1521//458 1522//458 
f 1499//458 1500//458 1523//458 
f 1972//458 1524//458 1525//458 
f 1499//458 1526//458 1521//458 
f 1523//458 1527//458 1499//458 
f 1972//458 1499//458 1524//458 
f 1499//458 1528//458 1529//458 
f 1527//458 1526//458 1499//458 
f 1969//458 1530//458 1531//458 
f 1969//458 1532//458 1533//458 
f 1525//458 1969//458 1972//458 
f 1522//458 1528//458 1499//458 
f 1533//458 1530//458 1969//458 
f 1529//458 1524//458 1499//458 
f 1525//458 1532//458 1969//458 
f 1534//458 1535//458 1536//458 
f 1537//458 1969//458 1538//458 
f 1536//458 1539//458 1534//458 
f 1969//458 1540//458 1538//458 
f 1539//458 1541//458 1534//458 
f 1969//458 1542//458 1540//458 
f 1541//458 1543//458 1534//458 
f 1534//458 1544//458 1545//458 
f 1969//458 1546//458 1542//458 
f 1543//458 1547//458 1534//458 
f 1545//458 1548//458 1534//458 
f 1969//458 1549//458 1546//458 
f 1547//458 1550//458 1534//458 
f 1548//458 1551//458 1534//458 
f 1969//458 1552//458 1549//458 
f 1550//458 1553//458 1534//458 
f 1534//458 1554//458 1544//458 
f 1969//458 1555//458 1552//458 
f 1553//458 1556//458 1534//458 
f 1534//458 1557//458 1554//458 
f 1969//458 1558//458 1555//458 
f 1556//458 1559//458 1534//458 
f 1534//458 1560//458 1557//458 
f 1969//458 1561//458 1558//458 
f 1969//458 1562//458 1563//458 
f 1559//458 1564//458 1534//458 
f 1534//458 1565//458 1560//458 
f 1969//458 1566//458 1561//458 
f 1563//458 1567//458 1969//458 
f 1534//458 1568//458 1535//458 
f 1534//458 1569//458 1565//458 
f 1969//458 1570//458 1566//458 
f 1969//458 1571//458 1562//458 
f 1564//458 1572//458 1534//458 
f 1534//458 1573//458 1569//458 
f 1969//458 1574//458 1570//458 
f 1969//458 1575//458 1571//458 
f 1572//458 1576//458 1534//458 
f 1534//458 1577//458 1573//458 
f 1969//458 1578//458 1574//458 
f 1969//458 1579//458 1575//458 
f 1576//458 1580//458 1534//458 
f 1534//458 1581//458 1577//458 
f 1969//458 1582//458 1578//458 
f 1969//458 1583//458 1579//458 
f 1580//458 1584//458 1534//458 
f 1534//458 1585//458 1581//458 
f 1969//458 1586//458 1582//458 
f 1969//458 1587//458 1583//458 
f 1534//458 1588//458 1589//458 
f 1534//458 1590//458 1591//458 
f 1584//458 1592//458 1534//458 
f 1534//458 1593//458 1585//458 
f 1969//458 1594//458 1586//458 
f 1969//458 1595//458 1587//458 
f 1534//458 1596//458 1588//458 
f 1534//458 1597//458 1598//458 
f 1591//458 1599//458 1534//458 
f 1592//458 1600//458 1534//458 
f 1534//458 1601//458 1593//458 
f 1969//458 1602//458 1594//458 
f 1969//458 1603//458 1595//458 
f 1534//458 1604//458 1605//458 
f 1589//458 1606//458 1534//458 
f 1534//458 1607//458 1597//458 
f 1534//458 1608//458 1590//458 
f 1534//458 1609//458 1610//458 
f 1534//458 1611//458 1612//458 
f 1600//458 1613//458 1534//458 
f 1534//458 1614//458 1601//458 
f 1969//458 1615//458 1602//458 
f 1969//458 1616//458 1603//458 
f 1605//458 1617//458 1534//458 
f 1598//458 1596//458 1534//458 
f 1610//458 1608//458 1534//458 
f 1534//458 1618//458 1611//458 
f 1534//458 1619//458 1620//458 
f 1613//458 1621//458 1534//458 
f 1534//458 1622//458 1614//458 
f 1567//458 1615//458 1969//458 
f 1534//458 1623//458 1624//458 
f 1606//458 1604//458 1534//458 
f 1612//458 1609//458 1534//458 
f 1534//458 1625//458 1619//458 
f 1621//458 1626//458 1534//458 
f 1551//458 1627//458 1534//458 
f 1969//458 1628//458 1616//458 
f 1617//458 1623//458 1534//458 
f 1620//458 1618//458 1534//458 
f 1534//458 1629//458 1630//458 
f 1627//458 1568//458 1534//458 
f 1969//458 1631//458 1628//458 
f 1989//458 1632//458 1633//458 
f 1965//458 1634//458 1632//458 
f 1622//458 1534//458 1635//458 
f 1636//458 1635//458 1534//458 
f 1599//458 1607//458 1534//458 
f 1626//458 1629//458 1534//458 
f 1969//458 1637//458 1631//458 
f 1632//458 1989//458 1965//458 
f 1965//458 1636//458 1638//458 
f 1534//458 1638//458 1636//458 
f 1630//458 1625//458 1534//458 
f 1969//458 1639//458 1637//458 
f 1638//458 1634//458 1965//458 
f 1624//458 1640//458 1534//458 
f 1969//458 1641//458 1639//458 
f 1635//458 1642//458 1622//458 
f 1966//458 1643//458 1636//458 
f 1966//458 1969//458 1537//458 
f 1969//458 1644//458 1641//458 
f 1636//458 1965//458 1966//458 
f 1538//458 1645//458 1537//458 
f 1537//458 1643//458 1966//458 
f 1983//458 1646//458 1647//458 
f 1981//458 1970//458 1648//458 
f 1983//458 1649//458 1646//458 
f 1983//458 1981//458 1650//458 
f 1981//458 1651//458 1652//458 
f 1648//458 1653//458 1981//458 
f 1983//458 1654//458 1655//458 
f 1647//458 1656//458 1983//458 
f 1650//458 1657//458 1983//458 
f 1650//458 1981//458 1658//458 
f 1652//458 1659//458 1981//458 
f 1653//458 1660//458 1981//458 
f 1983//458 1661//458 1654//458 
f 1657//458 1649//458 1983//458 
f 1981//458 1662//458 1658//458 
f 1660//458 1651//458 1981//458 
f 1656//458 1661//458 1983//458 
f 1659//458 1662//458 1981//458 
f 1658//458 1663//458 1650//458 
f 1664//458 1665//458 1666//458 
f 1666//458 1667//458 1664//458 
f 1668//458 1669//458 1670//458 
f 1668//458 1671//458 1672//458 
f 1667//458 1673//458 1664//458 
f 1668//458 1674//458 1675//458 
f 1670//458 1676//458 1668//458 
f 1668//458 1677//458 1671//458 
f 1673//458 1678//458 1664//458 
f 1668//458 1679//458 1674//458 
f 1676//458 1680//458 1668//458 
f 1672//458 1681//458 1668//458 
f 1664//458 1682//458 1683//458 
f 1678//458 1684//458 1664//458 
f 1680//458 1679//458 1668//458 
f 1681//458 1685//458 1668//458 
f 1664//458 1686//458 1682//458 
f 1664//458 1687//458 1688//458 
f 1684//458 1689//458 1664//458 
f 1685//458 1669//458 1668//458 
f 1664//458 1690//458 1691//458 
f 1683//458 1692//458 1664//458 
f 1688//458 1693//458 1664//458 
f 1664//458 1694//458 1665//458 
f 1668//458 1695//458 1677//458 
f 1664//458 1696//458 1690//458 
f 1692//458 1697//458 1664//458 
f 1664//458 1698//458 1687//458 
f 1664//458 1699//458 1700//458 
f 1689//458 1701//458 1664//458 
f 1668//458 1702//458 1695//458 
f 1697//458 1696//458 1664//458 
f 1700//458 1698//458 1664//458 
f 1664//458 1703//458 1694//458 
f 1668//458 1704//458 1702//458 
f 1693//458 1686//458 1664//458 
f 1664//458 1705//458 1703//458 
f 1668//458 1706//458 1704//458 
f 1664//458 1707//458 1708//458 
f 1664//458 1709//458 1699//458 
f 1664//458 1710//458 1705//458 
f 1664//458 1711//458 1712//458 
f 1668//458 1713//458 1706//458 
f 1714//458 1715//458 1716//458 
f 1967//458 1717//458 1715//458 
f 1691//458 1707//458 1664//458 
f 1712//458 1710//458 1664//458 
f 1668//458 1718//458 1713//458 
f 1668//458 1719//458 1720//458 
f 1970//458 1967//458 1714//458 
f 1715//458 1714//458 1967//458 
f 1990//458 1711//458 1664//458 
f 1701//458 1709//458 1664//458 
f 1991//458 1721//458 1711//458 
f 1668//458 1722//458 1718//458 
f 1720//458 1723//458 1668//458 
f 1716//458 1724//458 1714//458 
f 1967//458 1990//458 1725//458 
f 1708//458 1726//458 1664//458 
f 1991//458 1655//458 1721//458 
f 1723//458 1722//458 1668//458 
f 1970//458 1727//458 1668//458 
f 1725//458 1717//458 1967//458 
f 1711//458 1990//458 1991//458 
f 1668//458 1648//458 1970//458 
f 1664//458 1725//458 1990//458 
f 1714//458 1727//458 1970//458 
f 1990//458 1728//458 1729//458 
f 1990//458 1730//458 1728//458 
f 1990//458 1731//458 1730//458 
f 1990//458 1732//458 1731//458 
f 1990//458 1733//458 1732//458 
f 1990//458 1734//458 1733//458 
f 1735//458 1736//458 1737//458 
f 1990//458 1738//458 1734//458 
f 1735//458 1739//458 1740//458 
f 1737//458 1741//458 1735//458 
f 1990//458 1742//458 1738//458 
f 1740//458 1743//458 1735//458 
f 1741//458 1744//458 1735//458 
f 1990//458 1745//458 1742//458 
f 1743//458 1746//458 1735//458 
f 1744//458 1747//458 1735//458 
f 1990//458 1748//458 1745//458 
f 1749//458 1750//458 1751//458 
f 1746//458 1752//458 1735//458 
f 1747//458 1753//458 1735//458 
f 1990//458 1754//458 1748//458 
f 1755//458 1756//458 1757//458 
f 1751//458 1758//458 1749//458 
f 1752//458 1759//458 1735//458 
f 1753//458 1760//458 1735//458 
f 1990//458 1761//458 1754//458 
f 1755//458 1762//458 1756//458 
f 1749//458 1763//458 1750//458 
f 1759//458 1764//458 1735//458 
f 1760//458 1765//458 1735//458 
f 1991//458 1990//458 1766//458 
f 1990//458 1767//458 1761//458 
f 1990//458 1768//458 1769//458 
f 1755//458 1770//458 1762//458 
f 1749//458 1771//458 1763//458 
f 1764//458 1772//458 1735//458 
f 1765//458 1773//458 1735//458 
f 1729//458 1766//458 1990//458 
f 1990//458 1774//458 1768//458 
f 1755//458 1775//458 1770//458 
f 1749//458 1776//458 1775//458 
f 1749//458 1777//458 1771//458 
f 1772//458 1778//458 1735//458 
f 1773//458 1779//458 1735//458 
f 1990//458 1780//458 1767//458 
f 1769//458 1781//458 1990//458 
f 1775//458 1755//458 1749//458 
f 1749//458 1782//458 1777//458 
f 1778//458 1783//458 1735//458 
f 1779//458 1784//458 1735//458 
f 1990//458 1785//458 1780//458 
f 1990//458 1786//458 1774//458 
f 1749//458 1787//458 1776//458 
f 1749//458 1788//458 1782//458 
f 1783//458 1789//458 1735//458 
f 1784//458 1790//458 1735//458 
f 1990//458 1791//458 1785//458 
f 1990//458 1792//458 1786//458 
f 1749//458 1793//458 1787//458 
f 1749//458 1794//458 1788//458 
f 1789//458 1795//458 1735//458 
f 1790//458 1796//458 1735//458 
f 1990//458 1797//458 1791//458 
f 1990//458 1798//458 1792//458 
f 1749//458 1799//458 1793//458 
f 1749//458 1800//458 1794//458 
f 1795//458 1801//458 1735//458 
f 1796//458 1802//458 1735//458 
f 1990//458 1803//458 1797//458 
f 1990//458 1804//458 1798//458 
f 1749//458 1805//458 1799//458 
f 1749//458 1806//458 1800//458 
f 1801//458 1807//458 1735//458 
f 1802//458 1808//458 1735//458 
f 1990//458 1809//458 1803//458 
f 1990//458 1810//458 1804//458 
f 1749//458 1811//458 1805//458 
f 1749//458 1812//458 1806//458 
f 1807//458 1813//458 1735//458 
f 1735//458 1814//458 1736//458 
f 1781//458 1809//458 1990//458 
f 1749//458 1815//458 1811//458 
f 1749//458 1816//458 1812//458 
f 1813//458 1817//458 1735//458 
f 1808//458 1818//458 1735//458 
f 1990//458 1819//458 1810//458 
f 1758//458 1815//458 1749//458 
f 1817//458 1820//458 1735//458 
f 1735//458 1821//458 1814//458 
f 1822//458 1823//458 1824//458 
f 1822//458 1825//458 1826//458 
f 1990//458 1827//458 1819//458 
f 1749//458 1828//458 1816//458 
f 1735//458 1829//458 1739//458 
f 1735//458 1830//458 1821//458 
f 1824//458 1831//458 1822//458 
f 1822//458 1832//458 1825//458 
f 1991//458 1833//458 1834//458 
f 1990//458 1835//458 1827//458 
f 1749//458 1836//458 1828//458 
f 1818//458 1829//458 1735//458 
f 1837//458 1838//458 1839//458 
f 1822//458 1840//458 1755//458 
f 1831//458 1841//458 1822//458 
f 1822//458 1842//458 1843//458 
f 1822//458 1844//458 1832//458 
f 1991//458 1845//458 1846//458 
f 1991//458 1847//458 1833//458 
f 1991//458 1848//458 1849//458 
f 1991//458 1850//458 1851//458 
f 1990//458 1852//458 1835//458 
f 1749//458 1853//458 1836//458 
f 1735//458 1854//458 1830//458 
f 1837//458 1735//458 1855//458 
f 1822//458 1839//458 1856//458 
f 1837//458 1857//458 1838//458 
f 1822//458 1858//458 1840//458 
f 1843//458 1823//458 1822//458 
f 1822//458 1859//458 1844//458 
f 1846//458 1860//458 1991//458 
f 1849//458 1847//458 1991//458 
f 1851//458 1861//458 1991//458 
f 1850//458 1862//458 1863//458 
f 1991//458 1864//458 1862//458 
f 1990//458 1865//458 1852//458 
f 1749//458 1866//458 1853//458 
f 1749//458 1867//458 1868//458 
f 1855//458 1857//458 1837//458 
f 1839//458 1822//458 1837//458 
f 1841//458 1858//458 1822//458 
f 1826//458 1869//458 1822//458 
f 1991//458 1870//458 1845//458 
f 1861//458 1848//458 1991//458 
f 1862//458 1850//458 1991//458 
f 1990//458 1871//458 1865//458 
f 1749//458 1872//458 1866//458 
f 1749//458 1863//458 1867//458 
f 1856//458 1859//458 1822//458 
f 1869//458 1842//458 1822//458 
f 1834//458 1870//458 1991//458 
f 1766//458 1864//458 1991//458 
f 1868//458 1872//458 1749//458 
f 1755//458 1873//458 1822//458 
f 1863//458 1749//458 1850//458 
f 1820//458 1855//458 1735//458 
f 1757//458 1873//458 1755//458 
f 335//458 1983//458 1874//458 
f 1983//458 1875//458 1874//458 
f 1983//458 1876//458 1875//458 
f 1874//458 333//458 335//458 
f 1874//458 1877//458 333//458 
f 1983//458 1991//458 1878//458 
f 1877//458 1879//458 333//458 
f 1878//458 1880//458 1983//458 
f 1879//458 1881//458 333//458 
f 1880//458 1882//458 1983//458 
f 1882//458 1876//458 1983//458 
f 1881//458 1883//458 333//458 
f 787//458 788//458 789//458 
f 789//458 790//458 787//458 
f 790//458 791//458 787//458 
f 791//458 792//458 787//458 
f 792//458 793//458 787//458 
f 793//458 794//458 787//458 
f 794//458 795//458 787//458 
f 795//458 796//458 787//458 
f 796//458 797//458 787//458 
f 798//458 786//458 787//458 
f 798//458 785//458 786//458 
f 798//458 784//458 785//458 
f 802//458 756//458 736//458 
f 798//458 783//458 784//458 
f 736//458 735//458 802//458 
f 798//458 781//458 783//458 
f 798//458 801//458 782//458 
f 802//458 740//458 742//458 
f 735//458 738//458 802//458 
f 782//458 781//458 798//458 
f 802//458 748//458 750//458 
f 802//458 744//458 746//458 
f 738//458 740//458 802//458 
f 797//458 798//458 787//458 
f 750//458 752//458 802//458 
f 742//458 744//458 802//458 
f 756//458 799//458 801//458 
f 746//458 748//458 802//458 
f 756//458 800//458 799//458 
f 343//458 1884//458 1885//458 
f 344//458 1886//458 1887//458 
f 344//458 676//458 1888//458 
f 752//458 754//458 802//458 
f 756//458 802//458 800//458 
f 343//458 1889//458 1871//458 
f 1885//458 1890//458 343//458 
f 343//458 1891//458 1892//458 
f 1887//458 343//458 344//458 
f 1888//458 1893//458 344//458 
f 798//458 756//458 801//458 
f 734//458 1888//458 676//458 
f 343//458 1894//458 1889//458 
f 1890//458 1895//458 343//458 
f 343//458 1896//458 1891//458 
f 1893//458 1886//458 344//458 
f 676//458 802//458 734//458 
f 1895//458 1894//458 343//458 
f 1887//458 1896//458 343//458 
f 754//458 734//458 802//458 
f 1892//458 1884//458 343//458 
f 1871//458 1990//458 343//458 
f 726//458 1897//458 1898//458 
f 726//458 1899//458 1897//458 
f 726//458 1900//458 1899//458 
f 726//458 1901//458 1900//458 
f 726//458 1902//458 1901//458 
f 726//458 1903//458 1902//458 
f 726//458 1904//458 1903//458 
f 726//458 724//458 1905//458 
f 1905//458 1904//458 726//458 
f 724//458 1906//458 1905//458 
f 724//458 1907//458 1906//458 
f 724//458 1908//458 1907//458 
f 724//458 1909//458 1910//458 
f 724//458 1911//458 1908//458 
f 724//458 1912//458 1909//458 
f 724//458 1913//458 1911//458 
f 1910//458 1914//458 724//458 
f 724//458 1915//458 1913//458 
f 724//458 1916//458 1912//458 
f 724//458 1917//458 1915//458 
f 724//458 1918//458 1916//458 
f 724//458 1919//458 1917//458 
f 724//458 1920//458 1918//458 
f 724//458 1921//458 1919//458 
f 724//458 1922//458 1920//458 
f 1914//458 1921//458 724//458 
f 1923//458 1924//458 1925//458 
f 724//458 1926//458 1922//458 
f 1925//458 1927//458 1923//458 
f 1923//458 1928//458 1929//458 
f 1930//458 1931//458 1932//458 
f 724//458 1933//458 1926//458 
f 1929//458 1924//458 1923//458 
f 728//458 1934//458 1928//458 
f 1935//458 1936//458 1937//458 
f 1938//458 1935//458 1939//458 
f 1930//458 1939//458 1931//458 
f 724//458 1940//458 1933//458 
f 1928//458 1923//458 728//458 
f 1937//458 1941//458 1935//458 
f 1935//458 1942//458 1943//458 
f 1935//458 1938//458 1944//458 
f 1932//458 1945//458 1930//458 
f 1946//458 1947//458 1948//458 
f 708//458 706//458 722//458 
f 712//458 710//458 716//458 
f 716//458 710//458 708//458 
f 724//458 1949//458 1940//458 
f 728//458 1950//458 1934//458 
f 1935//458 1951//458 1952//458 
f 1943//458 1936//458 1935//458 
f 1939//458 1930//458 1938//458 
f 1945//458 1953//458 1946//458 
f 1945//458 1932//458 1954//458 
f 700//458 334//458 702//458 
f 1955//458 706//458 704//458 
f 722//458 720//458 708//458 
f 708//458 718//458 716//458 
f 724//458 1956//458 1949//458 
f 728//458 1957//458 1950//458 
f 1957//458 728//458 726//458 
f 1952//458 1958//458 1935//458 
f 1935//458 1959//458 1960//458 
f 1944//458 1942//458 1935//458 
f 1954//458 1953//458 1945//458 
f 334//458 704//458 702//458 
f 704//458 333//458 1955//458 
f 716//458 714//458 712//458 
f 1955//458 724//458 722//458 
f 1923//458 1961//458 733//458 
f 724//458 1955//458 1956//458 
f 726//458 1962//458 1957//458 
f 1960//458 1951//458 1935//458 
f 1948//458 1945//458 1946//458 
f 704//458 334//458 333//458 
f 722//458 706//458 1955//458 
f 730//458 728//458 1923//458 
f 1927//458 1963//458 1923//458 
f 1941//458 1959//458 1935//458 
f 1888//458 733//458 1961//458 
f 720//458 718//458 708//458 
f 1898//458 1962//458 726//458 
f 1961//458 1935//458 1888//458 
f 733//458 730//458 1923//458 
f 702//458 701//458 700//458 
f 322//458 658//458 660//458 
f 322//458 656//458 658//458 
f 322//458 654//458 656//458 
f 322//458 696//458 677//458 
f 322//458 334//458 700//458 
f 322//458 652//458 654//458 
f 322//458 688//458 690//458 
f 322//458 680//458 682//458 
f 700//458 696//458 322//458 
f 322//458 650//458 652//458 
f 690//458 692//458 322//458 
f 322//458 684//458 686//458 
f 677//458 680//458 322//458 
f 322//458 648//458 650//458 
f 322//458 698//458 649//458 
f 692//458 694//458 322//458 
f 682//458 684//458 322//458 
f 649//458 648//458 322//458 
f 686//458 688//458 322//458 
f 694//458 698//458 322//458 
f 660//458 323//458 322//458 
f 1958//458 1888//458 1935//458 
f 734//458 733//458 1888//458 
f 1883//458 1955//458 333//458 
f 1860//458 1878//458 1991//458 
f 1675//458 1648//458 1668//458 
f 1655//458 1991//458 1983//458 
f 1633//458 1491//458 1989//458 
f 1531//458 1644//458 1969//458 
f 1507//458 1523//458 1500//458 
f 1972//458 1980//458 1498//458 
f 1493//458 1498//458 1980//458 
f 1492//458 1496//458 1985//458 
f 1491//458 1492//458 1979//458 
f 1460//458 1426//458 1311//458 
f 1294//458 1989//458 1979//458 
f 1223//458 1292//458 1987//458 
f 1213//458 1988//458 339//458 
f 1166//458 1064//458 1159//458 
f 1055//458 1987//458 1977//458 
f 926//458 1968//458 338//458 
f 1039//458 1044//458 1964//458 
f 939//458 1986//458 1975//458 
f 867//458 937//458 1971//458 
f 336//458 332//458 325//458 
f 1984//458 325//458 324//458 
f 1982//458 324//458 326//458 
f 1985//458 327//458 328//458 
f 1978//458 328//458 329//458 
f 1976//458 329//458 330//458 
f 1974//458 330//458 331//458 
f 335//458 336//458 1984//458 
f 1983//458 1984//458 1982//458 
f 1981//458 1982//458 1980//458 
f 1979//458 1985//458 1978//458 
f 1977//458 1978//458 1976//458 
f 1975//458 1976//458 1974//458 
f 1973//458 1974//458 348//458 
f 1970//458 1981//458 1972//458 
f 1971//458 1973//458 347//458 
f 846//458 854//458 1967//458 
f 1968//458 1971//458 346//458 
f 343//458 1990//458 1967//458 
f 342//458 1967//458 1966//458 
f 341//458 1966//458 1965//458 
f 339//458 1988//458 1964//458 
f 338//458 1968//458 349//458 
o mesh78
f 1939//459 1992//459 1993//460 
f 1935//461 1994//461 1992//459 
f 1931//460 1993//460 1995//462 
f 1995//462 1932//463 1931//460 
f 1992//459 1939//459 1935//461 
f 1993//460 1931//460 1939//459 
o mesh79
f 1994//464 1935//464 1961//464 
f 1961//464 1996//464 1994//464 
o mesh80
f 1961//465 1923//465 1997//465 
f 1997//465 1996//465 1961//465 
o mesh81
f 1998//466 1997//466 1923//466 
f 1923//466 1963//466 1998//466 
o mesh82
f 1925//467 1924//468 1999//468 
f 1927//469 1925//467 2000//470 
f 1924//468 1929//471 2001//471 
f 1963//472 1927//469 2002//473 
f 2002//473 1998//472 1963//472 
f 2001//471 1999//468 1924//468 
f 2000//470 2002//473 1927//469 
f 1999//468 2000//470 1925//467 
o mesh83
f 1929//474 1928//474 2003//474 
f 2003//474 2001//474 1929//474 
o mesh84
f 1934//475 2004//475 2003//475 
f 2003//475 1928//475 1934//475 
o mesh85
f 2005//476 1914//476 1910//477 
f 2006//478 1921//478 1914//476 
f 2007//479 1919//479 1921//478 
f 2008//480 1917//480 1919//479 
f 2009//481 1915//481 1917//480 
f 2010//482 1913//482 1915//481 
f 2011//483 1911//483 1913//482 
f 2012//484 1908//484 1911//483 
f 2013//485 1907//485 1908//484 
f 2014//486 1906//486 1907//485 
f 2015//487 1905//487 1906//486 
f 2016//488 1904//488 1905//487 
f 2017//489 1903//489 1904//488 
f 2018//490 1902//490 1903//489 
f 2019//491 1901//491 1902//490 
f 2020//492 1900//492 1901//491 
f 2021//493 1899//493 1900//492 
f 2022//494 1897//494 1899//493 
f 2023//495 1898//495 1897//494 
f 2024//496 1962//496 1898//495 
f 2025//497 1957//497 1962//496 
f 1950//498 1957//497 2025//497 
f 2004//499 1934//499 1950//498 
f 1950//498 2026//498 2004//499 
f 2025//497 2026//498 1950//498 
f 1962//496 2024//496 2025//497 
f 1898//495 2023//495 2024//496 
f 1897//494 2022//494 2023//495 
f 1899//493 2021//493 2022//494 
f 1900//492 2020//492 2021//493 
f 1901//491 2019//491 2020//492 
f 1902//490 2018//490 2019//491 
f 1903//489 2017//489 2018//490 
f 1904//488 2016//488 2017//489 
f 1905//487 2015//487 2016//488 
f 1906//486 2014//486 2015//487 
f 1907//485 2013//485 2014//486 
f 1908//484 2012//484 2013//485 
f 1911//483 2011//483 2012//484 
f 1913//482 2010//482 2011//483 
f 1915//481 2009//481 2010//482 
f 1917//480 2008//480 2009//481 
f 1919//479 2007//479 2008//480 
f 1921//478 2006//478 2007//479 
f 1914//476 2005//476 2006//478 
f 1910//477 2027//500 2005//476 
o mesh86
f 2028//501 1877//501 1874//502 
f 2029//503 1879//503 1877//501 
f 2030//504 1881//504 1879//503 
f 1883//505 1881//504 2030//504 
f 2031//506 1956//506 1955//507 
f 1955//507 2032//508 2031//506 
f 2033//509 1949//509 1956//506 
f 2034//510 1940//510 1949//509 
f 2035//511 1933//511 1940//510 
f 2036//512 1926//512 1933//511 
f 2037//513 1922//513 1926//512 
f 2038//514 1920//514 1922//513 
f 2039//515 1918//515 1920//514 
f 2040//516 1916//516 1918//515 
f 2041//517 1912//517 1916//516 
f 2042//518 1909//518 1912//517 
f 2027//519 1910//519 1909//518 
f 1909//518 2042//518 2027//519 
f 1912//517 2041//517 2042//518 
f 1916//516 2040//516 2041//517 
f 1918//515 2039//515 2040//516 
f 1920//514 2038//514 2039//515 
f 1922//513 2037//513 2038//514 
f 1926//512 2036//512 2037//513 
f 1933//511 2035//511 2036//512 
f 1940//510 2034//510 2035//511 
f 1949//509 2033//509 2034//510 
f 1956//506 2031//506 2033//509 
f 1955//507 1883//505 2032//508 
f 2030//504 2032//508 1883//505 
f 1879//503 2029//503 2030//504 
f 1877//501 2028//501 2029//503 
f 1874//502 2043//520 2028//501 
o mesh87
f 1870//521 2044//521 2045//522 
f 1845//522 2045//522 2046//523 
f 1846//523 2046//523 2047//524 
f 2048//525 1880//525 1878//526 
f 1878//526 2047//524 2048//525 
f 1880//525 2048//525 2049//527 
f 1882//527 2049//527 2050//528 
f 1876//528 2050//528 2051//529 
f 1834//530 2052//530 2044//521 
f 1875//529 2051//529 2043//531 
f 2043//531 1874//531 1875//529 
f 2044//521 1870//521 1834//530 
f 2051//529 1875//529 1876//528 
f 2050//528 1876//528 1882//527 
f 2049//527 1882//527 1880//525 
f 1878//526 1860//532 2047//524 
f 2047//524 1860//532 1846//523 
f 2046//523 1846//523 1845//522 
f 2045//522 1845//522 1870//521 
o mesh88
f 1851//533 2053//533 2054//534 
f 1861//534 2054//534 2055//535 
f 1848//535 2055//535 2056//536 
f 1849//536 2056//536 2057//537 
f 1847//537 2057//537 2058//538 
f 1850//539 2059//539 2053//533 
f 1833//538 2058//538 2052//540 
f 2052//540 1834//540 1833//538 
f 2053//533 1851//533 1850//539 
f 2058//538 1833//538 1847//537 
f 2057//537 1847//537 1849//536 
f 2056//536 1849//536 1848//535 
f 2055//535 1848//535 1861//534 
f 2054//534 1861//534 1851//533 
o mesh89
f 2059//541 1850//541 1749//541 
f 1749//541 2060//541 2059//541 
o mesh90
f 2060//542 1749//542 1755//542 
f 1755//542 2061//542 2060//542 
o mesh91
f 2062//543 2061//543 1755//543 
f 1755//543 1840//543 2062//543 
o mesh92
f 1843//544 1842//545 2063//545 
f 1823//546 1843//544 2064//547 
f 1824//548 1823//546 2065//549 
f 1831//550 1824//548 2066//551 
f 1841//552 1831//550 2067//553 
f 1858//554 1841//552 2068//555 
f 1842//545 1869//556 2069//556 
f 1840//557 1858//554 2070//558 
f 2070//558 2062//557 1840//557 
f 2069//556 2063//545 1842//545 
f 2068//555 2070//558 1858//554 
f 2067//553 2068//555 1841//552 
f 2066//551 2067//553 1831//550 
f 2065//549 2066//551 1824//548 
f 2064//547 2065//549 1823//546 
f 2063//545 2064//547 1843//544 
o mesh93
f 1856//559 1839//560 2071//560 
f 1859//561 1856//559 2072//562 
f 1844//563 1859//561 2073//564 
f 1832//565 1844//563 2074//566 
f 1825//567 1832//565 2075//568 
f 1826//569 1825//567 2076//570 
f 1839//560 1838//571 2077//571 
f 1869//572 1826//569 2078//573 
f 2078//573 2069//572 1869//572 
f 2077//571 2071//560 1839//560 
f 2076//570 2078//573 1826//569 
f 2075//568 2076//570 1825//567 
f 2074//566 2075//568 1832//565 
f 2073//564 2074//566 1844//563 
f 2072//562 2073//564 1859//561 
f 2071//560 2072//562 1856//559 
o mesh94
f 2079//574 1740//574 1739//575 
f 1743//576 1740//574 2079//574 
f 2080//577 1746//577 1743//576 
f 2081//578 1752//578 1746//577 
f 2082//579 1759//579 1752//578 
f 2083//580 1764//580 1759//579 
f 2084//581 1772//581 1764//580 
f 2085//582 1778//582 1772//581 
f 2086//583 1783//583 1778//582 
f 2087//584 1789//584 1783//583 
f 1795//585 1789//584 2087//584 
f 2088//586 1801//586 1795//585 
f 2089//587 1807//587 1801//586 
f 2090//588 1813//588 1807//587 
f 2091//589 1817//589 1813//588 
f 2092//590 1820//590 1817//589 
f 2093//591 1855//591 1820//590 
f 2094//592 1857//592 1855//591 
f 2077//593 1838//593 1857//592 
f 1857//592 2094//592 2077//593 
f 1855//591 2093//591 2094//592 
f 1820//590 2092//590 2093//591 
f 1817//589 2091//589 2092//590 
f 1813//588 2090//588 2091//589 
f 1807//587 2089//587 2090//588 
f 1801//586 2088//586 2089//587 
f 1795//585 2095//594 2088//586 
f 2087//584 2095//594 1795//585 
f 1783//583 2086//583 2087//584 
f 1778//582 2085//582 2086//583 
f 1772//581 2084//581 2085//582 
f 1764//580 2083//580 2084//581 
f 1759//579 2082//579 2083//580 
f 1752//578 2081//578 2082//579 
f 1746//577 2080//577 2081//578 
f 1743//576 2096//595 2080//577 
f 2079//574 2096//595 1743//576 
f 1739//575 2097//596 2079//574 
o mesh95
f 2098//597 1821//597 1830//598 
f 2099//599 1814//599 1821//597 
f 2100//600 1736//600 1814//599 
f 2101//601 1737//601 1736//600 
f 2102//602 1741//602 1737//601 
f 2103//603 1744//603 1741//602 
f 2104//604 1747//604 1744//603 
f 2105//605 1753//605 1747//604 
f 2106//606 1760//606 1753//605 
f 2107//607 1765//607 1760//606 
f 2108//608 1773//608 1765//607 
f 2109//609 1779//609 1773//608 
f 2110//610 1784//610 1779//609 
f 2111//611 1790//611 1784//610 
f 2112//612 1796//612 1790//611 
f 2113//613 1802//613 1796//612 
f 2114//614 1808//614 1802//613 
f 2115//615 1818//615 1808//614 
f 2116//616 1829//616 1818//615 
f 2097//617 1739//617 1829//616 
f 1829//616 2116//616 2097//617 
f 1818//615 2115//615 2116//616 
f 1808//614 2114//614 2115//615 
f 1802//613 2113//613 2114//614 
f 1796//612 2112//612 2113//613 
f 1790//611 2111//611 2112//612 
f 1784//610 2110//610 2111//611 
f 1779//609 2109//609 2110//610 
f 1773//608 2108//608 2109//609 
f 1765//607 2107//607 2108//608 
f 1760//606 2106//606 2107//607 
f 1753//605 2105//605 2106//606 
f 1747//604 2104//604 2105//605 
f 1744//603 2103//603 2104//604 
f 1741//602 2102//602 2103//603 
f 1737//601 2101//601 2102//602 
f 1736//600 2100//600 2101//601 
f 1814//599 2099//599 2100//600 
f 1821//597 2098//597 2099//599 
f 1830//598 2117//618 2098//597 
o mesh96
f 2117//618 1830//618 1854//618 
f 1854//618 2118//618 2117//618 
o mesh97
f 2118//619 1854//619 1735//619 
f 1735//619 2119//619 2118//619 
o mesh98
f 2120//620 1815//620 1758//621 
f 2121//622 1811//622 1815//620 
f 2122//623 1805//623 1811//622 
f 2123//624 1799//624 1805//623 
f 2124//625 1793//625 1799//624 
f 2125//626 1787//626 1793//625 
f 2126//627 1776//627 1787//626 
f 2127//628 1775//628 1776//627 
f 2128//629 1770//629 1775//628 
f 1762//630 1770//629 2128//629 
f 2129//631 1756//631 1762//630 
f 2130//632 1757//632 1756//631 
f 2131//633 1873//633 1757//632 
f 2132//634 1822//634 1873//633 
f 2133//635 1837//635 1822//634 
f 2119//636 1735//636 1837//635 
f 1837//635 2133//635 2119//636 
f 1822//634 2132//634 2133//635 
f 1873//633 2131//633 2132//634 
f 1757//632 2130//632 2131//633 
f 1756//631 2129//631 2130//632 
f 1762//630 2134//637 2129//631 
f 2128//629 2134//637 1762//630 
f 1775//628 2127//628 2128//629 
f 1776//627 2126//627 2127//628 
f 1787//626 2125//626 2126//627 
f 1793//625 2124//625 2125//626 
f 1799//624 2123//624 2124//625 
f 1805//623 2122//623 2123//624 
f 1811//622 2121//622 2122//623 
f 1815//620 2120//620 2121//622 
f 1758//621 2135//638 2120//620 
o mesh99
f 2136//639 1766//639 1729//640 
f 1864//641 1766//639 2136//639 
f 2137//642 1862//642 1864//641 
f 2138//643 1863//643 1862//642 
f 2139//644 1867//644 1863//643 
f 2140//645 1868//645 1867//644 
f 2141//646 1872//646 1868//645 
f 2142//647 1866//647 1872//646 
f 2143//648 1853//648 1866//647 
f 1836//649 1853//648 2143//648 
f 2144//650 1828//650 1836//649 
f 2145//651 1816//651 1828//650 
f 2146//652 1812//652 1816//651 
f 2147//653 1806//653 1812//652 
f 2148//654 1800//654 1806//653 
f 2149//655 1794//655 1800//654 
f 2150//656 1788//656 1794//655 
f 2151//657 1782//657 1788//656 
f 2152//658 1777//658 1782//657 
f 2153//659 1771//659 1777//658 
f 2154//660 1763//660 1771//659 
f 2155//661 1750//661 1763//660 
f 2156//662 1751//662 1750//661 
f 2135//663 1758//663 1751//662 
f 1751//662 2156//662 2135//663 
f 1750//661 2155//661 2156//662 
f 1763//660 2154//660 2155//661 
f 1771//659 2153//659 2154//660 
f 1777//658 2152//658 2153//659 
f 1782//657 2151//657 2152//658 
f 1788//656 2150//656 2151//657 
f 1794//655 2149//655 2150//656 
f 1800//654 2148//654 2149//655 
f 1806//653 2147//653 2148//654 
f 1812//652 2146//652 2147//653 
f 1816//651 2145//651 2146//652 
f 1828//650 2144//650 2145//651 
f 1836//649 2157//664 2144//650 
f 2143//648 2157//664 1836//649 
f 1866//647 2142//647 2143//648 
f 1872//646 2141//646 2142//647 
f 1868//645 2140//645 2141//646 
f 1867//644 2139//644 2140//645 
f 1863//643 2138//643 2139//644 
f 1862//642 2137//642 2138//643 
f 1864//641 2158//665 2137//642 
f 2136//639 2158//665 1864//641 
f 1729//640 2159//666 2136//639 
o mesh100
f 2160//667 1781//667 1769//668 
f 2161//669 1809//669 1781//667 
f 2162//670 1803//670 1809//669 
f 2163//671 1797//671 1803//670 
f 2164//672 1791//672 1797//671 
f 2165//673 1785//673 1791//672 
f 2166//674 1780//674 1785//673 
f 1767//675 1780//674 2166//674 
f 2167//676 1761//676 1767//675 
f 1754//677 1761//676 2167//676 
f 2168//678 1748//678 1754//677 
f 2169//679 1745//679 1748//678 
f 2170//680 1742//680 1745//679 
f 2171//681 1738//681 1742//680 
f 2172//682 1734//682 1738//681 
f 2173//683 1733//683 1734//682 
f 2174//684 1732//684 1733//683 
f 2175//685 1731//685 1732//684 
f 2176//686 1730//686 1731//685 
f 2177//687 1728//687 1730//686 
f 2159//688 1729//688 1728//687 
f 1728//687 2177//687 2159//688 
f 1730//686 2176//686 2177//687 
f 1731//685 2175//685 2176//686 
f 1732//684 2174//684 2175//685 
f 1733//683 2173//683 2174//684 
f 1734//682 2172//682 2173//683 
f 1738//681 2171//681 2172//682 
f 1742//680 2170//680 2171//681 
f 1745//679 2169//679 2170//680 
f 1748//678 2168//678 2169//679 
f 1754//677 2178//689 2168//678 
f 2167//676 2178//689 1754//677 
f 1767//675 2179//690 2167//676 
f 2166//674 2179//690 1767//675 
f 1785//673 2165//673 2166//674 
f 1791//672 2164//672 2165//673 
f 1797//671 2163//671 2164//672 
f 1803//670 2162//670 2163//671 
f 1809//669 2161//669 2162//670 
f 1781//667 2160//667 2161//669 
f 1769//668 2180//691 2160//667 
o mesh101
f 2181//692 1885//692 1884//693 
f 2182//694 1890//694 1885//692 
f 1895//695 1890//694 2182//694 
f 2183//696 1894//696 1895//695 
f 2184//697 1889//697 1894//696 
f 2185//698 1865//698 1871//699 
f 1871//699 2184//697 2185//698 
f 2186//700 1852//700 1865//698 
f 2187//701 1835//701 1852//700 
f 2188//702 1827//702 1835//701 
f 2189//703 1819//703 1827//702 
f 2190//704 1810//704 1819//703 
f 2191//705 1804//705 1810//704 
f 2192//706 1798//706 1804//705 
f 2193//707 1792//707 1798//706 
f 2194//708 1786//708 1792//707 
f 2195//709 1774//709 1786//708 
f 2196//710 1768//710 1774//709 
f 2180//711 1769//711 1768//710 
f 1768//710 2196//710 2180//711 
f 1774//709 2195//709 2196//710 
f 1786//708 2194//708 2195//709 
f 1792//707 2193//707 2194//708 
f 1798//706 2192//706 2193//707 
f 1804//705 2191//705 2192//706 
f 1810//704 2190//704 2191//705 
f 1819//703 2189//703 2190//704 
f 1827//702 2188//702 2189//703 
f 1835//701 2187//701 2188//702 
f 1852//700 2186//700 2187//701 
f 1865//698 2185//698 2186//700 
f 1871//699 1889//697 2184//697 
f 1894//696 2183//696 2184//697 
f 1895//695 2197//712 2183//696 
f 2182//694 2197//712 1895//695 
f 1885//692 2181//692 2182//694 
f 1884//693 2198//713 2181//692 
o mesh102
f 1959//714 2199//714 2200//715 
f 1960//715 2200//715 2201//716 
f 1951//716 2201//716 2202//717 
f 1952//717 2202//717 2203//718 
f 2204//719 1893//719 1888//720 
f 1888//720 2203//718 2204//719 
f 1893//719 2204//719 2205//721 
f 1886//721 2205//721 2206//722 
f 1887//722 2206//722 2207//723 
f 1896//723 2207//723 2208//724 
f 1891//724 2208//724 2209//725 
f 1941//726 2210//726 2199//714 
f 1892//725 2209//725 2198//727 
f 2198//727 1884//727 1892//725 
f 2199//714 1959//714 1941//726 
f 2209//725 1892//725 1891//724 
f 2208//724 1891//724 1896//723 
f 2207//723 1896//723 1887//722 
f 2206//722 1887//722 1886//721 
f 2205//721 1886//721 1893//719 
f 1888//720 1958//728 2203//718 
f 2203//718 1958//728 1952//717 
f 2202//717 1952//717 1951//716 
f 2201//716 1951//716 1960//715 
f 2200//715 1960//715 1959//714 
o mesh103
f 1948//729 2211//729 2212//730 
f 1945//730 2212//730 2213//731 
f 1930//731 2213//731 2214//732 
f 1938//732 2214//732 2215//733 
f 1944//733 2215//733 2216//734 
f 1942//734 2216//734 2217//735 
f 1943//735 2217//735 2218//736 
f 1936//736 2218//736 2219//737 
f 1947//738 2220//738 2211//729 
f 1937//737 2219//737 2210//739 
f 2210//739 1941//739 1937//737 
f 2211//729 1948//729 1947//738 
f 2219//737 1937//737 1936//736 
f 2218//736 1936//736 1943//735 
f 2217//735 1943//735 1942//734 
f 2216//734 1942//734 1944//733 
f 2215//733 1944//733 1938//732 
f 2214//732 1938//732 1930//731 
f 2213//731 1930//731 1945//730 
f 2212//730 1945//730 1948//729 
o mesh104
f 1954//740 2221//740 2222//741 
f 1953//741 2222//741 2223//742 
f 1954//740 1932//743 1995//744 
f 1946//745 2223//742 2220//746 
f 2220//746 1947//746 1946//745 
f 1995//744 2221//740 1954//740 
f 2223//742 1946//745 1953//741 
f 2222//741 1953//741 1954//740 
o mesh105
f 2224//747 1716//747 1715//747 
f 1715//747 2225//747 2224//747 
o mesh106
f 2226//748 2227//748 2228//748 
f 2229//748 2230//748 2227//748 
f 2228//748 2231//748 2232//748 
f 2228//748 2232//748 2226//748 
f 2228//748 2233//748 2234//748 
f 2228//748 2235//748 2236//748 
f 2228//748 2237//748 2238//748 
f 2228//748 2239//748 2231//748 
f 2228//748 2240//748 2233//748 
f 2228//748 2241//748 2235//748 
f 2228//748 2242//748 2237//748 
f 2243//748 2244//748 2245//748 
f 2234//748 2239//748 2228//748 
f 2236//748 2246//748 2228//748 
f 2238//748 2247//748 2228//748 
f 2243//748 2248//748 2244//748 
f 2249//748 2250//748 2251//748 
f 2252//748 2253//748 2254//748 
f 2246//748 2240//748 2228//748 
f 2228//748 2255//748 2242//748 
f 2256//748 2257//748 2258//748 
f 2243//748 2259//748 2248//748 
f 2249//748 2245//748 2250//748 
f 2252//748 2260//748 2253//748 
f 2247//748 2241//748 2228//748 
f 2228//748 2261//748 2262//748 
f 2243//748 2263//748 2264//748 
f 2256//748 2265//748 2257//748 
f 2256//748 2266//748 2267//748 
f 2251//748 2252//748 2249//748 
f 2252//748 2251//748 2260//748 
f 2268//748 2269//748 2270//748 
f 2268//748 2254//748 2271//748 
f 2272//748 2273//748 2230//748 
f 2262//748 2255//748 2228//748 
f 2264//748 2274//748 2243//748 
f 2243//748 2275//748 2276//748 
f 2256//748 2277//748 2265//748 
f 2256//748 2278//748 2266//748 
f 2254//748 2268//748 2252//748 
f 2271//748 2269//748 2268//748 
f 2279//748 2280//748 2281//748 
f 2282//748 2283//748 2273//748 
f 2227//748 2226//748 2229//748 
f 2276//748 2263//748 2243//748 
f 2243//748 2256//748 2284//748 
f 2256//748 2285//748 2277//748 
f 2267//748 2286//748 2256//748 
f 2270//748 2279//748 2268//748 
f 2279//748 2270//748 2280//748 
f 2287//748 2288//748 2289//748 
f 2290//748 2291//748 2283//748 
f 2230//748 2229//748 2272//748 
f 2292//748 2228//748 2293//748 
f 2284//748 2275//748 2243//748 
f 2286//748 2285//748 2256//748 
f 2281//748 2287//748 2279//748 
f 2287//748 2281//748 2288//748 
f 2294//748 2295//748 2296//748 
f 2297//748 2296//748 2291//748 
f 2273//748 2272//748 2282//748 
f 2293//748 2224//748 2292//748 
f 2298//748 2299//748 2292//748 
f 2258//748 2284//748 2256//748 
f 2289//748 2294//748 2287//748 
f 2294//748 2289//748 2295//748 
f 2283//748 2282//748 2290//748 
f 2300//748 2298//748 2224//748 
f 2292//748 2224//748 2298//748 
f 2245//748 2249//748 2243//748 
f 2291//748 2290//748 2297//748 
f 2228//748 2301//748 2293//748 
f 2302//748 2303//748 2293//748 
f 2296//748 2297//748 2294//748 
f 2293//748 2301//748 2302//748 
f 2228//748 2292//748 2261//748 
f 2274//748 2259//748 2243//748 
f 2224//748 2225//748 2300//748 
o mesh107
f 2225//749 1715//749 1717//749 
f 1717//749 2300//749 2225//749 
o mesh108
f 2300//750 1717//750 1725//750 
f 1725//750 2298//750 2300//750 
o mesh109
f 2298//751 1725//751 1664//751 
f 1664//751 2299//751 2298//751 
o mesh110
f 2299//752 1664//752 1726//752 
f 1726//752 2292//752 2299//752 
o mesh111
f 2292//751 1726//751 1708//751 
f 1708//751 2261//751 2292//751 
o mesh112
f 1700//753 1699//754 2231//754 
f 1698//755 1700//753 2239//756 
f 1687//757 1698//755 2234//758 
f 1688//759 1687//757 2233//760 
f 1693//761 1688//759 2240//762 
f 1686//763 1693//761 2246//764 
f 1682//765 1686//763 2236//766 
f 1683//767 1682//765 2235//768 
f 1692//769 1683//767 2241//770 
f 1697//771 1692//769 2247//772 
f 1696//773 1697//771 2238//774 
f 1690//775 1696//773 2237//776 
f 1691//777 1690//775 2242//778 
f 1707//779 1691//777 2255//780 
f 1699//754 1709//781 2232//781 
f 1708//782 1707//779 2262//783 
f 2262//783 2261//782 1708//782 
f 2232//781 2231//754 1699//754 
f 2255//780 2262//783 1707//779 
f 2242//778 2255//780 1691//777 
f 2237//776 2242//778 1690//775 
f 2238//774 2237//776 1696//773 
f 2247//772 2238//774 1697//771 
f 2241//770 2247//772 1692//769 
f 2235//768 2241//770 1683//767 
f 2236//766 2235//768 1682//765 
f 2246//764 2236//766 1686//763 
f 2240//762 2246//764 1693//761 
f 2233//760 2240//762 1688//759 
f 2234//758 2233//760 1687//757 
f 2239//756 2234//758 1698//755 
f 2231//754 2239//756 1700//753 
o mesh113
f 2249//784 1710//784 1712//785 
f 2252//786 1705//786 1710//784 
f 2268//787 1703//787 1705//786 
f 1694//788 1703//787 2268//787 
f 2287//789 1665//789 1694//788 
f 2294//790 1666//790 1665//789 
f 2297//791 1667//791 1666//790 
f 2290//792 1673//792 1667//791 
f 2282//793 1678//793 1673//792 
f 2272//794 1684//794 1678//793 
f 2229//795 1689//795 1684//794 
f 2226//796 1701//796 1689//795 
f 2232//797 1709//797 1701//796 
f 1701//796 2226//796 2232//797 
f 1689//795 2229//795 2226//796 
f 1684//794 2272//794 2229//795 
f 1678//793 2282//793 2272//794 
f 1673//792 2290//792 2282//793 
f 1667//791 2297//791 2290//792 
f 1666//790 2294//790 2297//791 
f 1665//789 2287//789 2294//790 
f 1694//788 2279//798 2287//789 
f 2268//787 2279//798 1694//788 
f 1705//786 2252//786 2268//787 
f 1710//784 2249//784 2252//786 
f 1712//785 2243//799 2249//784 
o mesh114
f 2243//800 1712//800 1711//800 
f 1711//800 2256//800 2243//800 
o mesh115
f 2256//801 1711//801 1721//801 
f 1721//801 2278//801 2256//801 
o mesh116
f 1656//802 2286//802 2267//803 
f 1661//803 2267//803 2266//804 
f 1647//805 2285//805 2286//802 
f 2278//806 1721//806 1655//807 
f 1655//807 2266//804 2278//806 
f 1655//807 1654//808 2266//804 
f 2286//802 1656//802 1647//805 
f 2266//804 1654//808 1661//803 
f 2267//803 1661//803 1656//802 
o mesh117
f 1657//809 2257//809 2265//810 
f 1649//810 2265//810 2277//811 
f 1650//812 2258//812 2257//809 
f 1646//811 2277//811 2285//813 
f 2285//813 1647//813 1646//811 
f 2257//809 1657//809 1650//812 
f 2277//811 1646//811 1649//810 
f 2265//810 1649//810 1657//809 
o mesh118
f 1681//814 2269//814 2271//815 
f 1685//815 2271//815 2254//816 
f 1669//816 2254//816 2253//817 
f 1670//817 2253//817 2260//818 
f 1676//818 2260//818 2251//819 
f 1680//819 2251//819 2250//820 
f 1679//820 2250//820 2245//821 
f 1674//821 2245//821 2244//822 
f 2244//822 2248//823 1648//824 
f 2248//823 1653//823 1648//824 
f 1653//823 2248//823 2259//825 
f 1660//825 2259//825 2274//826 
f 1651//826 2274//826 2264//827 
f 1652//827 2264//827 2263//828 
f 1659//828 2263//828 2276//829 
f 1662//829 2276//829 2275//830 
f 1658//830 2275//830 2284//831 
f 1672//832 2270//832 2269//814 
f 1663//831 2284//831 2258//833 
f 2258//833 1650//833 1663//831 
f 2269//814 1681//814 1672//832 
f 2284//831 1663//831 1658//830 
f 2275//830 1658//830 1662//829 
f 2276//829 1662//829 1659//828 
f 2263//828 1659//828 1652//827 
f 2264//827 1652//827 1651//826 
f 2274//826 1651//826 1660//825 
f 2259//825 1660//825 1653//823 
f 1648//824 1675//834 2244//822 
f 2244//822 1675//834 1674//821 
f 2245//821 1674//821 1679//820 
f 2250//820 1679//820 1680//819 
f 2251//819 1680//819 1676//818 
f 2260//818 1676//818 1670//817 
f 2253//817 1670//817 1669//816 
f 2254//816 1669//816 1685//815 
f 2271//815 1685//815 1681//814 
o mesh119
f 1720//835 1719//836 2228//836 
f 2230//837 1723//837 1720//835 
f 2273//838 1722//838 1723//837 
f 2283//839 1718//839 1722//838 
f 2291//840 1713//840 1718//839 
f 2296//841 1706//841 1713//840 
f 2295//842 1704//842 1706//841 
f 2289//843 1702//843 1704//842 
f 2288//844 1695//844 1702//843 
f 1677//845 1695//844 2288//844 
f 2280//846 1671//846 1677//845 
f 2270//847 1672//847 1671//846 
f 1671//846 2280//846 2270//847 
f 1677//845 2281//848 2280//846 
f 2288//844 2281//848 1677//845 
f 1702//843 2289//843 2288//844 
f 1704//842 2295//842 2289//843 
f 1706//841 2296//841 2295//842 
f 1713//840 2291//840 2296//841 
f 1718//839 2283//839 2291//840 
f 1722//838 2273//838 2283//839 
f 1723//837 2230//837 2273//838 
f 1720//835 2227//849 2230//837 
f 2228//836 2227//849 1720//835 
o mesh120
f 1668//850 2301//850 2228//850 
f 2228//850 1719//850 1668//850 
o mesh121
f 2301//851 1668//851 1727//851 
f 1727//851 2302//851 2301//851 
o mesh122
f 2302//852 1727//852 1714//852 
f 1714//852 2303//852 2302//852 
o mesh123
f 1724//853 2293//853 2303//853 
f 2303//853 1714//853 1724//853 
o mesh124
f 1716//852 2224//852 2293//852 
f 2293//852 1724//852 1716//852 
o mesh125
f 2304//854 846//854 845//854 
f 845//854 2305//854 2304//854 
o mesh126
f 2306//855 2307//855 2308//855 
f 2309//855 2310//855 2308//855 
f 2306//855 2311//855 2307//855 
f 2312//855 2311//855 2313//855 
f 2308//855 2310//855 2306//855 
f 2314//855 2315//855 2316//855 
f 2317//855 2318//855 2313//855 
f 2319//855 2320//855 2317//855 
f 2312//855 2307//855 2311//855 
f 2316//855 2309//855 2314//855 
f 2317//855 2321//855 2319//855 
f 2308//855 2314//855 2309//855 
f 2322//855 2323//855 2304//855 
f 2304//855 2323//855 2316//855 
f 2313//855 2318//855 2312//855 
f 2316//855 2315//855 2304//855 
f 2304//855 2305//855 2322//855 
f 2324//855 2325//855 2323//855 
f 2326//855 2319//855 2321//855 
f 2323//855 2322//855 2324//855 
f 2313//855 2321//855 2317//855 
f 2321//855 2327//855 2326//855 
o mesh127
f 2305//856 845//856 847//856 
f 847//856 2322//856 2305//856 
o mesh128
f 2322//857 847//857 851//857 
f 851//857 2324//857 2322//857 
o mesh129
f 2324//858 851//858 839//858 
f 839//858 2325//858 2324//858 
o mesh130
f 2325//859 839//859 852//859 
f 852//859 2323//859 2325//859 
o mesh131
f 2316//860 2323//860 852//860 
f 852//860 841//860 2316//860 
o mesh132
f 2316//861 841//861 840//861 
f 840//861 2309//861 2316//861 
o mesh133
f 840//862 837//862 2310//862 
f 2310//862 2309//862 840//862 
o mesh134
f 2310//861 837//861 836//861 
f 836//861 2306//861 2310//861 
o mesh135
f 2306//863 836//863 855//863 
f 855//863 2311//863 2306//863 
o mesh136
f 2311//864 855//864 850//864 
f 850//864 2313//864 2311//864 
o mesh137
f 2313//865 850//865 849//865 
f 849//865 2321//865 2313//865 
o mesh138
f 848//866 2327//866 2321//866 
f 2321//866 849//866 848//866 
o mesh139
f 2327//867 848//867 835//867 
f 835//867 2326//867 2327//867 
o mesh140
f 2326//868 835//868 838//868 
f 838//868 2319//868 2326//868 
o mesh141
f 2319//869 838//869 858//869 
f 858//869 2320//869 2319//869 
o mesh142
f 858//870 857//870 2317//870 
f 2317//870 2320//870 858//870 
o mesh143
f 857//871 856//871 2318//871 
f 2318//871 2317//871 857//871 
o mesh144
f 2318//872 856//872 843//872 
f 843//872 2312//872 2318//872 
o mesh145
f 2312//873 843//873 853//873 
f 853//873 2307//873 2312//873 
o mesh146
f 853//872 844//872 2308//872 
f 2308//872 2307//872 853//872 
o mesh147
f 2314//874 2308//874 844//874 
f 844//874 842//874 2314//874 
o mesh148
f 2314//875 842//875 854//875 
f 854//875 2315//875 2314//875 
o mesh149
f 2304//876 2315//876 854//876 
f 854//876 846//876 2304//876 
o mesh150
f 2328//877 1633//877 1632//877 
f 1632//877 2329//877 2328//877 
o mesh151
f 2330//878 2331//878 2332//878 
f 2330//878 2333//878 2331//878 
f 2334//878 2332//878 2335//878 
f 2336//878 2335//878 2337//878 
f 2335//878 2338//878 2334//878 
f 2337//878 2339//878 2336//878 
f 2340//878 2341//878 2333//878 
f 2336//878 2338//878 2335//878 
f 2342//878 2343//878 2344//878 
f 2345//878 2344//878 2341//878 
f 2332//878 2334//878 2330//878 
f 2342//878 2346//878 2343//878 
f 2333//878 2330//878 2340//878 
f 2347//878 2348//878 2349//878 
f 2350//878 2349//878 2346//878 
f 2341//878 2340//878 2345//878 
f 2347//878 2351//878 2348//878 
f 2344//878 2345//878 2342//878 
f 2352//878 2353//878 2351//878 
f 2346//878 2342//878 2350//878 
f 2349//878 2350//878 2347//878 
f 2354//878 2355//878 2353//878 
f 2351//878 2347//878 2352//878 
f 2356//878 2357//878 2355//878 
f 2352//878 2358//878 2353//878 
f 2359//878 2360//878 2361//878 
f 2362//878 2363//878 2364//878 
f 2365//878 2366//878 2367//878 
f 2368//878 2367//878 2357//878 
f 2353//878 2358//878 2354//878 
f 2364//878 2361//878 2362//878 
f 2362//878 2369//878 2370//878 
f 2365//878 2371//878 2366//878 
f 2355//878 2354//878 2356//878 
f 2372//878 2373//878 2374//878 
f 2375//878 2376//878 2377//878 
f 2370//878 2363//878 2362//878 
f 2369//878 2378//878 2379//878 
f 2380//878 2381//878 2371//878 
f 2357//878 2356//878 2368//878 
f 2372//878 2382//878 2373//878 
f 2375//878 2374//878 2376//878 
f 2383//878 2384//878 2385//878 
f 2386//878 2385//878 2387//878 
f 2388//878 2387//878 2389//878 
f 2390//878 2389//878 2391//878 
f 2379//878 2370//878 2369//878 
f 2378//878 2392//878 2393//878 
f 2394//878 2395//878 2381//878 
f 2367//878 2368//878 2365//878 
f 2377//878 2396//878 2375//878 
f 2396//878 2377//878 2384//878 
f 2387//878 2388//878 2386//878 
f 2391//878 2397//878 2390//878 
f 2393//878 2379//878 2378//878 
f 2392//878 2398//878 2399//878 
f 2400//878 2401//878 2395//878 
f 2371//878 2365//878 2380//878 
f 2339//878 2402//878 2382//878 
f 2384//878 2383//878 2396//878 
f 2389//878 2390//878 2388//878 
f 2397//878 2403//878 2404//878 
f 2399//878 2393//878 2392//878 
f 2398//878 2405//878 2406//878 
f 2381//878 2380//878 2394//878 
f 2339//878 2337//878 2402//878 
f 2385//878 2386//878 2383//878 
f 2397//878 2391//878 2403//878 
f 2406//878 2399//878 2398//878 
f 2405//878 2407//878 2408//878 
f 2409//878 2410//878 2401//878 
f 2382//878 2372//878 2339//878 
f 2404//878 2411//878 2397//878 
f 2408//878 2406//878 2405//878 
f 2407//878 2412//878 2413//878 
f 2409//878 2414//878 2410//878 
f 2374//878 2375//878 2372//878 
f 2413//878 2408//878 2407//878 
f 2412//878 2415//878 2416//878 
f 2417//878 2418//878 2419//878 
f 2420//878 2419//878 2421//878 
f 2422//878 2421//878 2423//878 
f 2424//878 2425//878 2414//878 
f 2395//878 2394//878 2400//878 
f 2426//878 2404//878 2427//878 
f 2428//878 2427//878 2429//878 
f 2416//878 2413//878 2412//878 
f 2415//878 2430//878 2431//878 
f 2417//878 2432//878 2418//878 
f 2423//878 2433//878 2422//878 
f 2434//878 2435//878 2436//878 
f 2437//878 2436//878 2425//878 
f 2401//878 2400//878 2409//878 
f 2429//878 2438//878 2428//878 
f 2438//878 2429//878 2439//878 
f 2431//878 2416//878 2415//878 
f 2440//878 2441//878 2431//878 
f 2421//878 2422//878 2420//878 
f 2433//878 2423//878 2442//878 
f 2434//878 2442//878 2435//878 
f 2414//878 2409//878 2424//878 
f 2439//878 2443//878 2438//878 
f 2439//878 2444//878 2445//878 
f 2431//878 2430//878 2440//878 
f 2446//878 2447//878 2441//878 
f 2448//878 2449//878 2450//878 
f 2442//878 2434//878 2433//878 
f 2425//878 2424//878 2437//878 
f 2445//878 2443//878 2439//878 
f 2439//878 2451//878 2452//878 
f 2441//878 2440//878 2446//878 
f 2447//878 2446//878 2448//878 
f 2453//878 2454//878 2455//878 
f 2455//878 2454//878 2432//878 
f 2436//878 2437//878 2434//878 
f 2439//878 2456//878 2444//878 
f 2452//878 2457//878 2439//878 
f 2439//878 2458//878 2459//878 
f 2450//878 2447//878 2448//878 
f 2449//878 2460//878 2461//878 
f 2461//878 2460//878 2453//878 
f 2419//878 2420//878 2417//878 
f 2457//878 2456//878 2439//878 
f 2459//878 2462//878 2439//878 
f 2461//878 2450//878 2449//878 
f 2432//878 2417//878 2455//878 
f 2462//878 2451//878 2439//878 
f 2455//878 2461//878 2453//878 
f 2427//878 2428//878 2426//878 
f 2426//878 2411//878 2404//878 
f 2328//878 2463//878 2458//878 
f 2464//878 2463//878 2328//878 
f 2458//878 2439//878 2328//878 
f 2361//878 2364//878 2359//878 
f 2465//878 2466//878 2463//878 
f 2467//878 2360//878 2359//878 
f 2463//878 2464//878 2465//878 
f 2468//878 2328//878 2439//878 
f 2469//878 2470//878 2468//878 
f 2328//878 2329//878 2464//878 
f 2471//878 2472//878 2360//878 
f 2468//878 2473//878 2469//878 
f 2360//878 2467//878 2471//878 
f 2359//878 2474//878 2467//878 
f 2439//878 2473//878 2468//878 
o mesh152
f 2329//879 1632//879 1634//879 
f 1634//879 2464//879 2329//879 
o mesh153
f 1634//880 1638//880 2465//880 
f 2465//880 2464//880 1634//880 
o mesh154
f 2465//881 1638//881 1534//881 
f 1534//881 2466//881 2465//881 
o mesh155
f 2466//882 1534//882 1640//882 
f 1640//882 2463//882 2466//882 
o mesh156
f 2463//881 1640//881 1624//881 
f 1624//881 2458//881 2463//881 
o mesh157
f 1597//883 1607//884 2428//884 
f 1598//885 1597//883 2438//886 
f 1596//887 1598//885 2443//888 
f 1588//889 1596//887 2445//890 
f 1589//891 1588//889 2444//892 
f 1606//893 1589//891 2456//894 
f 1604//895 1606//893 2457//896 
f 1605//897 1604//895 2452//898 
f 1617//899 1605//897 2451//900 
f 1623//901 1617//899 2462//902 
f 1607//884 1599//903 2426//903 
f 1624//904 1623//901 2459//905 
f 2459//905 2458//904 1624//904 
f 2426//903 2428//884 1607//884 
f 2462//902 2459//905 1623//901 
f 2451//900 2462//902 1617//899 
f 2452//898 2451//900 1605//897 
f 2457//896 2452//898 1604//895 
f 2456//894 2457//896 1606//893 
f 2444//892 2456//894 1589//891 
f 2445//890 2444//892 1588//889 
f 2443//888 2445//890 1596//887 
f 2438//886 2443//888 1598//885 
f 2428//884 2438//886 1597//883 
o mesh158
f 1619//906 1625//907 2336//907 
f 1620//908 1619//906 2339//909 
f 1618//910 1620//908 2372//911 
f 1611//912 1618//910 2375//913 
f 1612//914 1611//912 2396//915 
f 1609//916 1612//914 2383//917 
f 1610//918 1609//916 2386//919 
f 1608//920 1610//918 2388//921 
f 1590//922 1608//920 2390//923 
f 1591//924 1590//922 2397//925 
f 1625//907 1630//926 2338//926 
f 1599//927 1591//924 2411//928 
f 2411//928 2426//927 1599//927 
f 2338//926 2336//907 1625//907 
f 2397//925 2411//928 1591//924 
f 2390//923 2397//925 1590//922 
f 2388//921 2390//923 1608//920 
f 2386//919 2388//921 1610//918 
f 2383//917 2386//919 1609//916 
f 2396//915 2383//917 1612//914 
f 2375//913 2396//915 1611//912 
f 2372//911 2375//913 1618//910 
f 2339//909 2372//911 1620//908 
f 2336//907 2339//909 1619//906 
o mesh159
f 2433//929 1535//929 1568//930 
f 2434//931 1536//931 1535//929 
f 2437//932 1539//932 1536//931 
f 2424//933 1541//933 1539//932 
f 2409//934 1543//934 1541//933 
f 2400//935 1547//935 1543//934 
f 2394//936 1550//936 1547//935 
f 2380//937 1553//937 1550//936 
f 2365//938 1556//938 1553//937 
f 2368//939 1559//939 1556//938 
f 2356//940 1564//940 1559//939 
f 2354//941 1572//941 1564//940 
f 2358//942 1576//942 1572//941 
f 2352//943 1580//943 1576//942 
f 2347//944 1584//944 1580//943 
f 2350//945 1592//945 1584//944 
f 2342//946 1600//946 1592//945 
f 2345//947 1613//947 1600//946 
f 2340//948 1621//948 1613//947 
f 2330//949 1626//949 1621//948 
f 2334//950 1629//950 1626//949 
f 2338//951 1630//951 1629//950 
f 1629//950 2334//950 2338//951 
f 1626//949 2330//949 2334//950 
f 1621//948 2340//948 2330//949 
f 1613//947 2345//947 2340//948 
f 1600//946 2342//946 2345//947 
f 1592//945 2350//945 2342//946 
f 1584//944 2347//944 2350//945 
f 1580//943 2352//943 2347//944 
f 1576//942 2358//942 2352//943 
f 1572//941 2354//941 2358//942 
f 1564//940 2356//940 2354//941 
f 1559//939 2368//939 2356//940 
f 1556//938 2365//938 2368//939 
f 1553//937 2380//937 2365//938 
f 1550//936 2394//936 2380//937 
f 1547//935 2400//935 2394//936 
f 1543//934 2409//934 2400//935 
f 1541//933 2424//933 2409//934 
f 1539//932 2437//932 2424//933 
f 1536//931 2434//931 2437//932 
f 1535//929 2433//929 2434//931 
f 1568//930 2422//952 2433//929 
o mesh160
f 2363//953 1614//953 1622//954 
f 1601//955 1614//953 2363//953 
f 1593//956 1601//955 2370//955 
f 2393//957 1585//957 1593//956 
f 2399//958 1581//958 1585//957 
f 2406//959 1577//959 1581//958 
f 2408//960 1573//960 1577//959 
f 2413//961 1569//961 1573//960 
f 2416//962 1565//962 1569//961 
f 2431//963 1560//963 1565//962 
f 2441//964 1557//964 1560//963 
f 2447//965 1554//965 1557//964 
f 2450//966 1544//966 1554//965 
f 2461//967 1545//967 1544//966 
f 2455//968 1548//968 1545//967 
f 2417//969 1551//969 1548//968 
f 2420//970 1627//970 1551//969 
f 2422//971 1568//971 1627//970 
f 1627//970 2420//970 2422//971 
f 1551//969 2417//969 2420//970 
f 1548//968 2455//968 2417//969 
f 1545//967 2461//967 2455//968 
f 1544//966 2450//966 2461//967 
f 1554//965 2447//965 2450//966 
f 1557//964 2441//964 2447//965 
f 1560//963 2431//963 2441//964 
f 1565//962 2416//962 2431//963 
f 1569//961 2413//961 2416//962 
f 1573//960 2408//960 2413//961 
f 1577//959 2406//959 2408//960 
f 1581//958 2399//958 2406//959 
f 1585//957 2393//957 2399//958 
f 1593//956 2379//972 2393//957 
f 2370//955 2379//972 1593//956 
f 2363//953 2370//955 1601//955 
f 1622//954 2364//973 2363//953 
o mesh161
f 2364//973 1622//973 1642//973 
f 1642//973 2359//973 2364//973 
o mesh162
f 2474//974 2359//974 1642//974 
f 1642//974 1635//974 2474//974 
o mesh163
f 2474//973 1635//973 1636//973 
f 1636//973 2467//973 2474//973 
o mesh164
f 2467//975 1636//975 1643//975 
f 1643//975 2471//975 2467//975 
o mesh165
f 2471//976 1643//976 1537//976 
f 1537//976 2472//976 2471//976 
o mesh166
f 2472//977 1537//977 1645//977 
f 1645//977 2360//977 2472//977 
o mesh167
f 2360//976 1645//976 1538//976 
f 1538//976 2361//976 2360//976 
o mesh168
f 2454//978 1615//978 1567//979 
f 2453//980 1602//980 1615//978 
f 2460//981 1594//981 1602//980 
f 2449//982 1586//982 1594//981 
f 2448//983 1582//983 1586//982 
f 2446//984 1578//984 1582//983 
f 2440//985 1574//985 1578//984 
f 2430//986 1570//986 1574//985 
f 2415//987 1566//987 1570//986 
f 1561//988 1566//987 2415//987 
f 2407//989 1558//989 1561//988 
f 2405//990 1555//990 1558//989 
f 2398//991 1552//991 1555//990 
f 2392//992 1549//992 1552//991 
f 2378//993 1546//993 1549//992 
f 2369//994 1542//994 1546//993 
f 2362//995 1540//995 1542//994 
f 2361//996 1538//996 1540//995 
f 1540//995 2362//995 2361//996 
f 1542//994 2369//994 2362//995 
f 1546//993 2378//993 2369//994 
f 1549//992 2392//992 2378//993 
f 1552//991 2398//991 2392//992 
f 1555//990 2405//990 2398//991 
f 1558//989 2407//989 2405//990 
f 1561//988 2412//997 2407//989 
f 2415//987 2412//997 1561//988 
f 1570//986 2430//986 2415//987 
f 1574//985 2440//985 2430//986 
f 1578//984 2446//984 2440//985 
f 1582//983 2448//983 2446//984 
f 1586//982 2449//982 2448//983 
f 1594//981 2460//981 2449//982 
f 1602//980 2453//980 2460//981 
f 1615//978 2454//978 2453//980 
f 1567//979 2432//998 2454//978 
o mesh169
f 2351//999 1525//999 1524//1000 
f 2353//1001 1532//1001 1525//999 
f 2355//1002 1533//1002 1532//1001 
f 2357//1003 1530//1003 1533//1002 
f 2367//1004 1531//1004 1530//1003 
f 2366//1005 1641//1005 1644//1006 
f 1644//1006 2367//1004 2366//1005 
f 2371//1007 1639//1007 1641//1005 
f 2381//1008 1637//1008 1639//1007 
f 1631//1009 1637//1008 2381//1008 
f 2401//1010 1628//1010 1631//1009 
f 2410//1011 1616//1011 1628//1010 
f 2414//1012 1603//1012 1616//1011 
f 2425//1013 1595//1013 1603//1012 
f 2436//1014 1587//1014 1595//1013 
f 2435//1015 1583//1015 1587//1014 
f 2442//1016 1579//1016 1583//1015 
f 2423//1017 1575//1017 1579//1016 
f 2421//1018 1571//1018 1575//1017 
f 2419//1019 1562//1019 1571//1018 
f 2418//1020 1563//1020 1562//1019 
f 2432//1021 1567//1021 1563//1020 
f 1563//1020 2418//1020 2432//1021 
f 1562//1019 2419//1019 2418//1020 
f 1571//1018 2421//1018 2419//1019 
f 1575//1017 2423//1017 2421//1018 
f 1579//1016 2442//1016 2423//1017 
f 1583//1015 2435//1015 2442//1016 
f 1587//1014 2436//1014 2435//1015 
f 1595//1013 2425//1013 2436//1014 
f 1603//1012 2414//1012 2425//1013 
f 1616//1011 2410//1011 2414//1012 
f 1628//1010 2401//1010 2410//1011 
f 1631//1009 2395//1022 2401//1010 
f 2381//1008 2395//1022 1631//1009 
f 1639//1007 2371//1007 2381//1008 
f 1641//1005 2366//1005 2371//1007 
f 1644//1006 1531//1004 2367//1004 
f 1530//1003 2357//1003 2367//1004 
f 1533//1002 2355//1002 2357//1003 
f 1532//1001 2353//1001 2355//1002 
f 1525//999 2351//999 2353//1001 
f 1524//1000 2348//1023 2351//999 
o mesh170
f 1505//1024 2373//1024 2382//1025 
f 1510//1025 2382//1025 2402//1026 
f 1508//1026 2402//1026 2337//1027 
f 1503//1027 2337//1027 2335//1028 
f 1504//1028 2335//1028 2332//1029 
f 1506//1029 2332//1029 2331//1030 
f 2333//1031 1527//1031 1523//1032 
f 1523//1032 2331//1030 2333//1031 
f 1527//1031 2333//1031 2341//1033 
f 1526//1033 2341//1033 2344//1034 
f 1521//1034 2344//1034 2343//1035 
f 1522//1035 2343//1035 2346//1036 
f 1528//1036 2346//1036 2349//1037 
f 1502//1038 2374//1038 2373//1024 
f 1529//1037 2349//1037 2348//1039 
f 2348//1039 1524//1039 1529//1037 
f 2373//1024 1505//1024 1502//1038 
f 2349//1037 1529//1037 1528//1036 
f 2346//1036 1528//1036 1522//1035 
f 2343//1035 1522//1035 1521//1034 
f 2344//1034 1521//1034 1526//1033 
f 2341//1033 1526//1033 1527//1031 
f 1523//1032 1507//1040 2331//1030 
f 2331//1030 1507//1040 1506//1029 
f 2332//1029 1506//1029 1504//1028 
f 2335//1028 1504//1028 1503//1027 
f 2337//1027 1503//1027 1508//1026 
f 2402//1026 1508//1026 1510//1025 
f 2382//1025 1510//1025 1505//1024 
o mesh171
f 1516//1041 2429//1041 2427//1042 
f 1519//1042 2427//1042 2404//1043 
f 1520//1043 2404//1043 2403//1044 
f 1517//1044 2403//1044 2391//1045 
f 1518//1045 2391//1045 2389//1046 
f 1513//1046 2389//1046 2387//1047 
f 1514//1047 2387//1047 2385//1048 
f 1511//1048 2385//1048 2384//1049 
f 1512//1049 2384//1049 2377//1050 
f 1509//1050 2377//1050 2376//1051 
f 1515//1052 2439//1052 2429//1041 
f 1501//1051 2376//1051 2374//1053 
f 2374//1053 1502//1053 1501//1051 
f 2429//1041 1516//1041 1515//1052 
f 2376//1051 1501//1051 1509//1050 
f 2377//1050 1509//1050 1512//1049 
f 2384//1049 1512//1049 1511//1048 
f 2385//1048 1511//1048 1514//1047 
f 2387//1047 1514//1047 1513//1046 
f 2389//1046 1513//1046 1518//1045 
f 2391//1045 1518//1045 1517//1044 
f 2403//1044 1517//1044 1520//1043 
f 2404//1043 1520//1043 1519//1042 
f 2427//1042 1519//1042 1516//1041 
o mesh172
f 2439//1054 1499//1054 1498//1054 
f 1498//1054 2473//1054 2439//1054 
f 2439//1054 1500//1054 1499//1054 
f 2439//1054 1515//1054 1500//1054 
f 1498//1054 1493//1054 2473//1054 
o mesh173
f 2473//1055 1493//1055 1494//1055 
f 1494//1055 2469//1055 2473//1055 
o mesh174
f 1494//1056 1495//1056 2470//1056 
f 2470//1056 2469//1056 1494//1056 
o mesh175
f 2468//1057 2470//1057 1495//1057 
f 1495//1057 1497//1057 2468//1057 
o mesh176
f 2328//1056 2468//1056 1491//1056 
f 2468//1056 1492//1056 1491//1056 
f 2468//1056 1496//1056 1492//1056 
f 2468//1056 1497//1056 1496//1056 
f 1491//1056 1633//1056 2328//1056 
o mesh177
f 2475//1058 1399//1058 1422//1059 
f 2476//1060 1300//1060 1399//1058 
f 2477//1061 1301//1061 1300//1060 
f 2478//1062 1302//1062 1301//1061 
f 2479//1063 1307//1063 1302//1062 
f 2480//1064 1310//1064 1307//1063 
f 1316//1065 1310//1064 2480//1064 
f 2481//1066 1320//1066 1316//1065 
f 2482//1067 1324//1067 1320//1066 
f 2483//1068 1335//1068 1324//1067 
f 2484//1069 1344//1069 1335//1068 
f 2485//1070 1352//1070 1344//1069 
f 2486//1071 1360//1071 1352//1070 
f 2487//1072 1371//1072 1360//1071 
f 2488//1073 1380//1073 1371//1072 
f 2489//1074 1389//1074 1380//1073 
f 2490//1075 1398//1075 1389//1074 
f 2491//1076 1325//1076 1398//1075 
f 2492//1077 1379//1077 1325//1076 
f 1325//1076 2491//1076 2492//1077 
f 1398//1075 2490//1075 2491//1076 
f 1389//1074 2489//1074 2490//1075 
f 1380//1073 2488//1073 2489//1074 
f 1371//1072 2487//1072 2488//1073 
f 1360//1071 2486//1071 2487//1072 
f 1352//1070 2485//1070 2486//1071 
f 1344//1069 2484//1069 2485//1070 
f 1335//1068 2483//1068 2484//1069 
f 1324//1067 2482//1067 2483//1068 
f 1320//1066 2481//1066 2482//1067 
f 1316//1065 2493//1078 2481//1066 
f 2480//1064 2493//1078 1316//1065 
f 1307//1063 2479//1063 2480//1064 
f 1302//1062 2478//1062 2479//1063 
f 1301//1061 2477//1061 2478//1062 
f 1300//1060 2476//1060 2477//1061 
f 1399//1058 2475//1058 2476//1060 
f 1422//1059 2494//1079 2475//1058 
o mesh178
f 2495//1080 2496//1080 2497//1080 
f 2498//1080 2497//1080 2496//1080 
f 2499//1080 2500//1080 2501//1080 
f 2496//1080 2502//1080 2498//1080 
f 2498//1080 2502//1080 2499//1080 
f 2503//1080 2504//1080 2505//1080 
f 2506//1080 2495//1080 2507//1080 
f 2501//1080 2498//1080 2499//1080 
f 2505//1080 2508//1080 2503//1080 
f 2497//1080 2507//1080 2495//1080 
f 2507//1080 2504//1080 2506//1080 
f 2501//1080 2500//1080 2509//1080 
f 2508//1080 2505//1080 2510//1080 
f 2509//1080 2511//1080 2501//1080 
f 2512//1080 2513//1080 2514//1080 
f 2515//1080 2494//1080 2516//1080 
f 2517//1080 2475//1080 2494//1080 
f 2518//1080 2519//1080 2520//1080 
f 2503//1080 2506//1080 2504//1080 
f 2511//1080 2509//1080 2512//1080 
f 2494//1080 2515//1080 2517//1080 
f 2521//1080 2518//1080 2522//1080 
f 2518//1080 2521//1080 2519//1080 
f 2514//1080 2511//1080 2512//1080 
f 2513//1080 2523//1080 2524//1080 
f 2516//1080 2525//1080 2515//1080 
f 2526//1080 2476//1080 2475//1080 
f 2527//1080 2522//1080 2528//1080 
f 2520//1080 2529//1080 2518//1080 
f 2524//1080 2514//1080 2513//1080 
f 2524//1080 2523//1080 2530//1080 
f 2531//1080 2525//1080 2532//1080 
f 2475//1080 2517//1080 2526//1080 
f 2533//1080 2528//1080 2534//1080 
f 2522//1080 2527//1080 2521//1080 
f 2530//1080 2535//1080 2524//1080 
f 2535//1080 2530//1080 2536//1080 
f 2537//1080 2538//1080 2539//1080 
f 2531//1080 2540//1080 2541//1080 
f 2516//1080 2532//1080 2525//1080 
f 2542//1080 2543//1080 2544//1080 
f 2545//1080 2546//1080 2534//1080 
f 2528//1080 2533//1080 2527//1080 
f 2536//1080 2537//1080 2535//1080 
f 2537//1080 2536//1080 2538//1080 
f 2532//1080 2540//1080 2531//1080 
f 2544//1080 2547//1080 2542//1080 
f 2534//1080 2546//1080 2533//1080 
f 2548//1080 2549//1080 2550//1080 
f 2551//1080 2548//1080 2552//1080 
f 2539//1080 2553//1080 2537//1080 
f 2553//1080 2539//1080 2554//1080 
f 2555//1080 2556//1080 2557//1080 
f 2541//1080 2556//1080 2531//1080 
f 2547//1080 2544//1080 2558//1080 
f 2534//1080 2543//1080 2545//1080 
f 2549//1080 2559//1080 2560//1080 
f 2552//1080 2561//1080 2551//1080 
f 2562//1080 2551//1080 2561//1080 
f 2554//1080 2563//1080 2553//1080 
f 2563//1080 2554//1080 2564//1080 
f 2555//1080 2565//1080 2566//1080 
f 2541//1080 2557//1080 2556//1080 
f 2567//1080 2568//1080 2569//1080 
f 2558//1080 2567//1080 2570//1080 
f 2542//1080 2545//1080 2543//1080 
f 2560//1080 2571//1080 2549//1080 
f 2561//1080 2572//1080 2562//1080 
f 2573//1080 2510//1080 2574//1080 
f 2564//1080 2575//1080 2563//1080 
f 2576//1080 2566//1080 2577//1080 
f 2557//1080 2565//1080 2555//1080 
f 2492//1080 2491//1080 2578//1080 
f 2569//1080 2579//1080 2567//1080 
f 2558//1080 2580//1080 2547//1080 
f 2559//1080 2581//1080 2582//1080 
f 2550//1080 2552//1080 2548//1080 
f 2574//1080 2583//1080 2584//1080 
f 2510//1080 2573//1080 2508//1080 
f 2566//1080 2576//1080 2555//1080 
f 2491//1080 2490//1080 2585//1080 
f 2586//1080 2587//1080 2492//1080 
f 2588//1080 2587//1080 2586//1080 
f 2568//1080 2589//1080 2590//1080 
f 2570//1080 2580//1080 2558//1080 
f 2581//1080 2591//1080 2592//1080 
f 2571//1080 2550//1080 2549//1080 
f 2583//1080 2593//1080 2594//1080 
f 2574//1080 2595//1080 2573//1080 
f 2596//1080 2597//1080 2598//1080 
f 2599//1080 2600//1080 2601//1080 
f 2577//1080 2601//1080 2576//1080 
f 2578//1080 2586//1080 2492//1080 
f 2586//1080 2602//1080 2588//1080 
f 2589//1080 2603//1080 2604//1080 
f 2579//1080 2570//1080 2567//1080 
f 2591//1080 2605//1080 2606//1080 
f 2582//1080 2560//1080 2559//1080 
f 2607//1080 2608//1080 2609//1080 
f 2593//1080 2607//1080 2610//1080 
f 2584//1080 2595//1080 2574//1080 
f 2598//1080 2611//1080 2612//1080 
f 2611//1080 2598//1080 2613//1080 
f 2614//1080 2613//1080 2600//1080 
f 2577//1080 2615//1080 2601//1080 
f 2490//1080 2489//1080 2616//1080 
f 2602//1080 2617//1080 2588//1080 
f 2618//1080 2619//1080 2620//1080 
f 2603//1080 2618//1080 2621//1080 
f 2590//1080 2569//1080 2568//1080 
f 2605//1080 2622//1080 2623//1080 
f 2592//1080 2582//1080 2581//1080 
f 2609//1080 2624//1080 2607//1080 
f 2594//1080 2584//1080 2583//1080 
f 2613//1080 2614//1080 2611//1080 
f 2601//1080 2615//1080 2599//1080 
f 2489//1080 2488//1080 2625//1080 
f 2585//1080 2578//1080 2491//1080 
f 2620//1080 2626//1080 2618//1080 
f 2604//1080 2590//1080 2589//1080 
f 2622//1080 2627//1080 2628//1080 
f 2606//1080 2592//1080 2591//1080 
f 2608//1080 2629//1080 2630//1080 
f 2610//1080 2594//1080 2593//1080 
f 2631//1080 2632//1080 2597//1080 
f 2600//1080 2599//1080 2614//1080 
f 2616//1080 2585//1080 2490//1080 
f 2619//1080 2633//1080 2634//1080 
f 2621//1080 2604//1080 2603//1080 
f 2627//1080 2635//1080 2636//1080 
f 2623//1080 2606//1080 2605//1080 
f 2629//1080 2637//1080 2638//1080 
f 2624//1080 2610//1080 2607//1080 
f 2639//1080 2640//1080 2632//1080 
f 2598//1080 2612//1080 2596//1080 
f 2487//1080 2486//1080 2641//1080 
f 2625//1080 2616//1080 2489//1080 
f 2633//1080 2642//1080 2643//1080 
f 2626//1080 2621//1080 2618//1080 
f 2635//1080 2644//1080 2645//1080 
f 2628//1080 2623//1080 2622//1080 
f 2637//1080 2562//1080 2572//1080 
f 2630//1080 2609//1080 2608//1080 
f 2597//1080 2596//1080 2631//1080 
f 2526//1080 2646//1080 2477//1080 
f 2486//1080 2485//1080 2647//1080 
f 2488//1080 2487//1080 2625//1080 
f 2642//1080 2648//1080 2649//1080 
f 2634//1080 2620//1080 2619//1080 
f 2644//1080 2650//1080 2651//1080 
f 2636//1080 2628//1080 2627//1080 
f 2638//1080 2630//1080 2629//1080 
f 2575//1080 2564//1080 2652//1080 
f 2653//1080 2654//1080 2640//1080 
f 2477//1080 2476//1080 2526//1080 
f 2485//1080 2484//1080 2655//1080 
f 2641//1080 2625//1080 2487//1080 
f 2648//1080 2656//1080 2657//1080 
f 2643//1080 2634//1080 2633//1080 
f 2645//1080 2636//1080 2635//1080 
f 2652//1080 2658//1080 2575//1080 
f 2659//1080 2660//1080 2654//1080 
f 2632//1080 2631//1080 2639//1080 
f 2484//1080 2483//1080 2661//1080 
f 2647//1080 2641//1080 2486//1080 
f 2656//1080 2588//1080 2617//1080 
f 2649//1080 2643//1080 2642//1080 
f 2662//1080 2663//1080 2664//1080 
f 2665//1080 2666//1080 2667//1080 
f 2668//1080 2665//1080 2669//1080 
f 2572//1080 2638//1080 2637//1080 
f 2670//1080 2671//1080 2660//1080 
f 2640//1080 2639//1080 2653//1080 
f 2655//1080 2647//1080 2485//1080 
f 2657//1080 2649//1080 2648//1080 
f 2662//1080 2672//1080 2663//1080 
f 2662//1080 2673//1080 2674//1080 
f 2666//1080 2675//1080 2676//1080 
f 2669//1080 2677//1080 2668//1080 
f 2678//1080 2668//1080 2677//1080 
f 2651//1080 2645//1080 2644//1080 
f 2679//1080 2680//1080 2671//1080 
f 2654//1080 2653//1080 2659//1080 
f 2483//1080 2482//1080 2681//1080 
f 2617//1080 2657//1080 2656//1080 
f 2674//1080 2672//1080 2662//1080 
f 2667//1080 2669//1080 2665//1080 
f 2650//1080 2678//1080 2651//1080 
f 2682//1080 2683//1080 2680//1080 
f 2660//1080 2659//1080 2670//1080 
f 2482//1080 2481//1080 2684//1080 
f 2661//1080 2655//1080 2484//1080 
f 2685//1080 2686//1080 2687//1080 
f 2686//1080 2688//1080 2689//1080 
f 2673//1080 2690//1080 2674//1080 
f 2691//1080 2692//1080 2690//1080 
f 2675//1080 2693//1080 2694//1080 
f 2677//1080 2651//1080 2678//1080 
f 2695//1080 2696//1080 2697//1080 
f 2698//1080 2699//1080 2683//1080 
f 2671//1080 2670//1080 2679//1080 
f 2684//1080 2481//1080 2493//1080 
f 2681//1080 2661//1080 2483//1080 
f 2700//1080 2701//1080 2702//1080 
f 2700//1080 2703//1080 2704//1080 
f 2705//1080 2706//1080 2707//1080 
f 2707//1080 2685//1080 2708//1080 
f 2687//1080 2709//1080 2685//1080 
f 2689//1080 2710//1080 2686//1080 
f 2690//1080 2673//1080 2691//1080 
f 2691//1080 2711//1080 2712//1080 
f 2693//1080 2713//1080 2714//1080 
f 2676//1080 2667//1080 2666//1080 
f 2715//1080 2716//1080 2696//1080 
f 2697//1080 2717//1080 2695//1080 
f 2718//1080 2719//1080 2699//1080 
f 2680//1080 2679//1080 2682//1080 
f 2720//1080 2493//1080 2480//1080 
f 2684//1080 2681//1080 2482//1080 
f 2704//1080 2701//1080 2700//1080 
f 2721//1080 2722//1080 2723//1080 
f 2708//1080 2724//1080 2707//1080 
f 2710//1080 2687//1080 2686//1080 
f 2712//1080 2692//1080 2691//1080 
f 2714//1080 2713//1080 2725//1080 
f 2694//1080 2676//1080 2675//1080 
f 2658//1080 2726//1080 2716//1080 
f 2695//1080 2727//1080 2696//1080 
f 2717//1080 2697//1080 2728//1080 
f 2729//1080 2730//1080 2719//1080 
f 2683//1080 2682//1080 2698//1080 
f 2493//1080 2720//1080 2684//1080 
f 2700//1080 2731//1080 2703//1080 
f 2700//1080 2732//1080 2733//1080 
f 2721//1080 2734//1080 2722//1080 
f 2735//1080 2723//1080 2736//1080 
f 2737//1080 2738//1080 2706//1080 
f 2709//1080 2708//1080 2685//1080 
f 2664//1080 2688//1080 2662//1080 
f 2739//1080 2725//1080 2740//1080 
f 2714//1080 2694//1080 2693//1080 
f 2658//1080 2652//1080 2726//1080 
f 2728//1080 2741//1080 2717//1080 
f 2741//1080 2728//1080 2730//1080 
f 2699//1080 2698//1080 2718//1080 
f 2742//1080 2743//1080 2479//1080 
f 2480//1080 2743//1080 2720//1080 
f 2733//1080 2731//1080 2700//1080 
f 2744//1080 2702//1080 2734//1080 
f 2736//1080 2745//1080 2735//1080 
f 2745//1080 2736//1080 2746//1080 
f 2747//1080 2746//1080 2738//1080 
f 2706//1080 2748//1080 2737//1080 
f 2664//1080 2689//1080 2688//1080 
f 2711//1080 2749//1080 2750//1080 
f 2725//1080 2739//1080 2714//1080 
f 2696//1080 2727//1080 2715//1080 
f 2719//1080 2718//1080 2729//1080 
f 2646//1080 2742//1080 2478//1080 
f 2480//1080 2479//1080 2743//1080 
f 2702//1080 2744//1080 2751//1080 
f 2723//1080 2735//1080 2721//1080 
f 2738//1080 2752//1080 2747//1080 
f 2706//1080 2705//1080 2748//1080 
f 2750//1080 2712//1080 2711//1080 
f 2740//1080 2749//1080 2739//1080 
f 2730//1080 2729//1080 2741//1080 
f 2479//1080 2478//1080 2742//1080 
f 2753//1080 2754//1080 2732//1080 
f 2734//1080 2721//1080 2744//1080 
f 2737//1080 2752//1080 2738//1080 
f 2740//1080 2750//1080 2749//1080 
f 2478//1080 2477//1080 2646//1080 
f 2753//1080 2755//1080 2754//1080 
f 2753//1080 2756//1080 2757//1080 
f 2746//1080 2747//1080 2745//1080 
f 2716//1080 2715//1080 2658//1080 
f 2757//1080 2755//1080 2753//1080 
f 2707//1080 2724//1080 2705//1080 
f 2702//1080 2751//1080 2700//1080 
f 2732//1080 2700//1080 2753//1080 
o mesh179
f 2717//1081 1328//1081 1304//1082 
f 2741//1083 1329//1083 1328//1081 
f 2729//1084 1337//1084 1329//1083 
f 2718//1085 1346//1085 1337//1084 
f 2698//1086 1354//1086 1346//1085 
f 2682//1087 1362//1087 1354//1086 
f 2679//1088 1373//1088 1362//1087 
f 2670//1089 1382//1089 1373//1088 
f 1391//1090 1382//1089 2670//1089 
f 2653//1091 1401//1091 1391//1090 
f 1413//1092 1401//1091 2653//1091 
f 2631//1093 1424//1093 1413//1092 
f 2596//1094 1443//1094 1424//1093 
f 2612//1095 1453//1095 1443//1094 
f 2611//1096 1326//1096 1453//1095 
f 2614//1097 1327//1097 1326//1096 
f 2599//1098 1336//1098 1327//1097 
f 2615//1099 1345//1099 1336//1098 
f 2577//1100 1353//1100 1345//1099 
f 2566//1101 1361//1101 1353//1100 
f 2565//1102 1372//1102 1361//1101 
f 2557//1103 1381//1103 1372//1102 
f 2541//1104 1390//1104 1381//1103 
f 2540//1105 1400//1105 1390//1104 
f 2532//1106 1412//1106 1400//1105 
f 2516//1107 1423//1107 1412//1106 
f 2494//1108 1422//1108 1423//1107 
f 1423//1107 2516//1107 2494//1108 
f 1412//1106 2532//1106 2516//1107 
f 1400//1105 2540//1105 2532//1106 
f 1390//1104 2541//1104 2540//1105 
f 1381//1103 2557//1103 2541//1104 
f 1372//1102 2565//1102 2557//1103 
f 1361//1101 2566//1101 2565//1102 
f 1353//1100 2577//1100 2566//1101 
f 1345//1099 2615//1099 2577//1100 
f 1336//1098 2599//1098 2615//1099 
f 1327//1097 2614//1097 2599//1098 
f 1326//1096 2611//1096 2614//1097 
f 1453//1095 2612//1095 2611//1096 
f 1443//1094 2596//1094 2612//1095 
f 1424//1093 2631//1093 2596//1094 
f 1413//1092 2639//1109 2631//1093 
f 2653//1091 2639//1109 1413//1092 
f 1391//1090 2659//1110 2653//1091 
f 2670//1089 2659//1110 1391//1090 
f 1373//1088 2679//1088 2670//1089 
f 1362//1087 2682//1087 2679//1088 
f 1354//1086 2698//1086 2682//1087 
f 1346//1085 2718//1085 2698//1086 
f 1337//1084 2729//1084 2718//1085 
f 1329//1083 2741//1083 2729//1084 
f 1328//1081 2717//1081 2741//1083 
f 1304//1082 2695//1111 2717//1081 
o mesh180
f 2501//1112 1465//1112 1476//1113 
f 2511//1114 1454//1114 1465//1112 
f 1444//1115 1454//1114 2511//1114 
f 2524//1116 1425//1116 1444//1115 
f 2535//1117 1414//1117 1425//1116 
f 2537//1118 1402//1118 1414//1117 
f 2553//1119 1392//1119 1402//1118 
f 2563//1120 1383//1120 1392//1119 
f 2575//1121 1364//1121 1383//1120 
f 2658//1122 1365//1122 1364//1121 
f 2715//1123 1374//1123 1365//1122 
f 2727//1124 1482//1124 1374//1123 
f 2695//1125 1304//1125 1482//1124 
f 1482//1124 2727//1124 2695//1125 
f 1374//1123 2715//1123 2727//1124 
f 1365//1122 2658//1122 2715//1123 
f 1364//1121 2575//1121 2658//1122 
f 1383//1120 2563//1120 2575//1121 
f 1392//1119 2553//1119 2563//1120 
f 1402//1118 2537//1118 2553//1119 
f 1414//1117 2535//1117 2537//1118 
f 1425//1116 2524//1116 2535//1117 
f 1444//1115 2514//1126 2524//1116 
f 2511//1114 2514//1126 1444//1115 
f 1465//1112 2501//1112 2511//1114 
f 1476//1113 2498//1127 2501//1112 
o mesh181
f 2498//1127 1476//1127 1487//1127 
f 1487//1127 2497//1127 2498//1127 
o mesh182
f 2562//1128 1432//1128 1431//1129 
f 2637//1130 1448//1130 1432//1128 
f 2629//1131 1460//1131 1448//1130 
f 2608//1132 1426//1132 1460//1131 
f 2607//1133 1427//1133 1426//1132 
f 2593//1134 1445//1134 1427//1133 
f 2583//1135 1455//1135 1445//1134 
f 2574//1136 1466//1136 1455//1135 
f 2510//1137 1477//1137 1466//1136 
f 2505//1138 1483//1138 1477//1137 
f 2504//1139 1485//1139 1483//1138 
f 2507//1140 1488//1140 1485//1139 
f 2497//1141 1487//1141 1488//1140 
f 1488//1140 2507//1140 2497//1141 
f 1485//1139 2504//1139 2507//1140 
f 1483//1138 2505//1138 2504//1139 
f 1477//1137 2510//1137 2505//1138 
f 1466//1136 2574//1136 2510//1137 
f 1455//1135 2583//1135 2574//1136 
f 1445//1134 2593//1134 2583//1135 
f 1427//1133 2607//1133 2593//1134 
f 1426//1132 2608//1132 2607//1133 
f 1460//1131 2629//1131 2608//1132 
f 1448//1130 2637//1130 2629//1131 
f 1432//1128 2562//1128 2637//1130 
f 1431//1129 2551//1142 2562//1128 
o mesh183
f 2674//1143 1449//1143 1461//1144 
f 2690//1145 1433//1145 1449//1143 
f 2692//1146 1394//1146 1433//1145 
f 2712//1147 1339//1147 1394//1146 
f 2750//1148 1340//1148 1339//1147 
f 2740//1149 1348//1149 1340//1148 
f 2725//1150 1356//1150 1348//1149 
f 2713//1151 1367//1151 1356//1150 
f 2693//1152 1376//1152 1367//1151 
f 2675//1153 1385//1153 1376//1152 
f 2666//1154 1404//1154 1385//1153 
f 2665//1155 1312//1155 1404//1154 
f 2668//1156 1313//1156 1312//1155 
f 2678//1157 1317//1157 1313//1156 
f 2650//1158 1321//1158 1317//1157 
f 2644//1159 1330//1159 1321//1158 
f 2635//1160 1338//1160 1330//1159 
f 2627//1161 1347//1161 1338//1160 
f 2622//1162 1355//1162 1347//1161 
f 2605//1163 1366//1163 1355//1162 
f 2591//1164 1375//1164 1366//1163 
f 2581//1165 1384//1165 1375//1164 
f 2559//1166 1393//1166 1384//1165 
f 2549//1167 1403//1167 1393//1166 
f 2548//1168 1468//1168 1403//1167 
f 2551//1169 1431//1169 1468//1168 
f 1468//1168 2548//1168 2551//1169 
f 1403//1167 2549//1167 2548//1168 
f 1393//1166 2559//1166 2549//1167 
f 1384//1165 2581//1165 2559//1166 
f 1375//1164 2591//1164 2581//1165 
f 1366//1163 2605//1163 2591//1164 
f 1355//1162 2622//1162 2605//1163 
f 1347//1161 2627//1161 2622//1162 
f 1338//1160 2635//1160 2627//1161 
f 1330//1159 2644//1159 2635//1160 
f 1321//1158 2650//1158 2644//1159 
f 1317//1157 2678//1157 2650//1158 
f 1313//1156 2668//1156 2678//1157 
f 1312//1155 2665//1155 2668//1156 
f 1404//1154 2666//1154 2665//1155 
f 1385//1153 2675//1153 2666//1154 
f 1376//1152 2693//1152 2675//1153 
f 1367//1151 2713//1151 2693//1152 
f 1356//1150 2725//1150 2713//1151 
f 1348//1149 2740//1149 2725//1150 
f 1340//1148 2750//1148 2740//1149 
f 1339//1147 2712//1147 2750//1148 
f 1394//1146 2692//1146 2712//1147 
f 1433//1145 2690//1145 2692//1146 
f 1449//1143 2674//1143 2690//1145 
f 1461//1144 2672//1170 2674//1143 
o mesh184
f 1418//1171 1408//1172 2705//1172 
f 1435//1173 1418//1171 2724//1174 
f 1417//1175 1435//1173 2708//1176 
f 1405//1177 1417//1175 2709//1178 
f 1406//1179 1405//1177 2687//1180 
f 1434//1181 1406//1179 2710//1182 
f 1462//1183 1434//1181 2689//1184 
f 1469//1185 1462//1183 2664//1186 
f 1408//1172 1407//1187 2748//1187 
f 1461//1188 1469//1185 2663//1189 
f 2663//1189 2672//1188 1461//1188 
f 2748//1187 2705//1172 1408//1172 
f 2664//1186 2663//1189 1469//1185 
f 2689//1184 2664//1186 1462//1183 
f 2710//1182 2689//1184 1434//1181 
f 2687//1180 2710//1182 1406//1179 
f 2709//1178 2687//1180 1405//1177 
f 2708//1176 2709//1178 1417//1175 
f 2724//1174 2708//1176 1435//1173 
f 2705//1172 2724//1174 1418//1171 
o mesh185
f 1440//1190 1450//1191 2751//1191 
f 1441//1192 1440//1190 2744//1193 
f 1438//1194 1441//1192 2721//1195 
f 1439//1196 1438//1194 2735//1197 
f 1436//1198 1439//1196 2745//1199 
f 1437//1200 1436//1198 2747//1201 
f 1470//1202 1437//1200 2752//1203 
f 1450//1191 1471//1204 2700//1204 
f 1407//1205 1470//1202 2737//1206 
f 2737//1206 2748//1205 1407//1205 
f 2700//1204 2751//1191 1450//1191 
f 2752//1203 2737//1206 1470//1202 
f 2747//1201 2752//1203 1437//1200 
f 2745//1199 2747//1201 1436//1198 
f 2735//1197 2745//1199 1439//1196 
f 2721//1195 2735//1197 1438//1194 
f 2744//1193 2721//1195 1441//1192 
f 2751//1191 2744//1193 1440//1190 
o mesh186
f 2700//1207 1471//1207 1311//1207 
f 1311//1207 2753//1207 2700//1207 
o mesh187
f 2753//1208 1311//1208 1473//1208 
f 1473//1208 2756//1208 2753//1208 
o mesh188
f 2756//1209 1473//1209 1490//1209 
f 1490//1209 2757//1209 2756//1209 
o mesh189
f 1416//1210 2722//1210 2734//1211 
f 1459//1211 2734//1211 2702//1212 
f 1457//1212 2702//1212 2701//1213 
f 1458//1213 2701//1213 2704//1214 
f 1456//1214 2704//1214 2703//1215 
f 1428//1215 2703//1215 2731//1216 
f 1429//1216 2731//1216 2733//1217 
f 1446//1217 2733//1217 2732//1218 
f 1467//1218 2732//1218 2754//1219 
f 1478//1219 2754//1219 2755//1220 
f 1415//1221 2723//1221 2722//1210 
f 1479//1220 2755//1220 2757//1222 
f 2757//1222 1490//1222 1479//1220 
f 2722//1210 1416//1210 1415//1221 
f 2755//1220 1479//1220 1478//1219 
f 2754//1219 1478//1219 1467//1218 
f 2732//1218 1467//1218 1446//1217 
f 2733//1217 1446//1217 1429//1216 
f 2731//1216 1429//1216 1428//1215 
f 2703//1215 1428//1215 1456//1214 
f 2704//1214 1456//1214 1458//1213 
f 2701//1213 1458//1213 1457//1212 
f 2702//1212 1457//1212 1459//1211 
f 2734//1211 1459//1211 1416//1210 
o mesh190
f 2688//1223 1288//1223 1287//1224 
f 2686//1225 1296//1225 1288//1223 
f 2685//1226 1295//1226 1296//1225 
f 2707//1227 1293//1227 1295//1226 
f 2706//1228 1489//1228 1294//1229 
f 1294//1229 2707//1227 2706//1228 
f 2738//1230 1486//1230 1489//1228 
f 2746//1231 1447//1231 1486//1230 
f 2736//1232 1430//1232 1447//1231 
f 2723//1233 1415//1233 1430//1232 
f 1430//1232 2736//1232 2723//1233 
f 1447//1231 2746//1231 2736//1232 
f 1486//1230 2738//1230 2746//1231 
f 1489//1228 2706//1228 2738//1230 
f 1294//1229 1293//1227 2707//1227 
f 1295//1226 2685//1226 2707//1227 
f 1296//1225 2686//1225 2685//1226 
f 1288//1223 2688//1223 2686//1225 
f 1287//1224 2662//1234 2688//1223 
o mesh191
f 1249//1235 1237//1236 2571//1236 
f 2582//1237 1268//1237 1249//1235 
f 2592//1238 1264//1238 1268//1237 
f 2606//1239 1260//1239 1264//1238 
f 2623//1240 1256//1240 1260//1239 
f 2628//1241 1252//1241 1256//1240 
f 2636//1242 1248//1242 1252//1241 
f 2645//1243 1244//1243 1248//1242 
f 2651//1244 1240//1244 1244//1243 
f 2677//1245 1235//1245 1240//1244 
f 2669//1246 1231//1246 1235//1245 
f 2667//1247 1229//1247 1231//1246 
f 2676//1248 1227//1248 1229//1247 
f 2694//1249 1225//1249 1227//1248 
f 2714//1250 1222//1250 1225//1249 
f 2739//1251 1223//1251 1222//1250 
f 2739//1251 2749//1252 1292//1253 
f 2749//1252 1291//1252 1292//1253 
f 2711//1254 1290//1254 1291//1252 
f 2691//1255 1289//1255 1290//1254 
f 2673//1256 1286//1256 1289//1255 
f 2662//1257 1287//1257 1286//1256 
f 1286//1256 2673//1256 2662//1257 
f 1289//1255 2691//1255 2673//1256 
f 1290//1254 2711//1254 2691//1255 
f 1291//1252 2749//1252 2711//1254 
f 1292//1253 1223//1251 2739//1251 
f 1222//1250 2714//1250 2739//1251 
f 1225//1249 2694//1249 2714//1250 
f 1227//1248 2676//1248 2694//1249 
f 1229//1247 2667//1247 2676//1248 
f 1231//1246 2669//1246 2667//1247 
f 1235//1245 2677//1245 2669//1246 
f 1240//1244 2651//1244 2677//1245 
f 1244//1243 2645//1243 2651//1244 
f 1248//1242 2636//1242 2645//1243 
f 1252//1241 2628//1241 2636//1242 
f 1256//1240 2623//1240 2628//1241 
f 1260//1239 2606//1239 2623//1240 
f 1264//1238 2592//1238 2606//1239 
f 1268//1237 2582//1237 2592//1238 
f 1249//1235 2560//1258 2582//1237 
f 2571//1236 2560//1258 1249//1235 
o mesh192
f 2495//1259 1258//1259 1218//1260 
f 2506//1261 1285//1261 1258//1259 
f 2503//1262 1283//1262 1285//1261 
f 2508//1263 1281//1263 1283//1262 
f 2573//1264 1279//1264 1281//1263 
f 2595//1265 1277//1265 1279//1264 
f 2584//1266 1275//1266 1277//1265 
f 2594//1267 1273//1267 1275//1266 
f 2610//1268 1271//1268 1273//1267 
f 2624//1269 1269//1269 1271//1268 
f 2609//1270 1265//1270 1269//1269 
f 2630//1271 1261//1271 1265//1270 
f 2638//1272 1257//1272 1261//1271 
f 2572//1273 1253//1273 1257//1272 
f 2561//1274 1245//1274 1253//1273 
f 1241//1275 1245//1274 2561//1274 
f 2550//1276 1236//1276 1241//1275 
f 2571//1277 1237//1277 1236//1276 
f 1236//1276 2550//1276 2571//1277 
f 1241//1275 2552//1278 2550//1276 
f 2561//1274 2552//1278 1241//1275 
f 1253//1273 2572//1273 2561//1274 
f 1257//1272 2638//1272 2572//1273 
f 1261//1271 2630//1271 2638//1272 
f 1265//1270 2609//1270 2630//1271 
f 1269//1269 2624//1269 2609//1270 
f 1271//1268 2610//1268 2624//1269 
f 1273//1267 2594//1267 2610//1268 
f 1275//1266 2584//1266 2594//1267 
f 1277//1265 2595//1265 2584//1266 
f 1279//1264 2573//1264 2595//1265 
f 1281//1263 2508//1263 2573//1264 
f 1283//1262 2503//1262 2508//1263 
f 1285//1261 2506//1261 2503//1262 
f 1258//1259 2495//1259 2506//1261 
f 1218//1260 2496//1279 2495//1259 
o mesh193
f 2496//1279 1218//1279 1217//1279 
f 1217//1279 2502//1279 2496//1279 
o mesh194
f 2697//1280 1243//1280 1234//1281 
f 1266//1282 1243//1280 2697//1280 
f 2716//1283 1262//1283 1266//1282 
f 2726//1284 1254//1284 1262//1283 
f 2652//1285 1250//1285 1254//1284 
f 2564//1286 1246//1286 1250//1285 
f 2554//1287 1242//1287 1246//1286 
f 2539//1288 1238//1288 1242//1287 
f 2538//1289 1232//1289 1238//1288 
f 2536//1290 1230//1290 1232//1289 
f 2530//1291 1228//1291 1230//1290 
f 2523//1292 1226//1292 1228//1291 
f 2513//1293 1224//1293 1226//1292 
f 2512//1294 1221//1294 1224//1293 
f 2509//1295 1220//1295 1221//1294 
f 2500//1296 1219//1296 1220//1295 
f 2499//1297 1216//1297 1219//1296 
f 2502//1298 1217//1298 1216//1297 
f 1216//1297 2499//1297 2502//1298 
f 1219//1296 2500//1296 2499//1297 
f 1220//1295 2509//1295 2500//1296 
f 1221//1294 2512//1294 2509//1295 
f 1224//1293 2513//1293 2512//1294 
f 1226//1292 2523//1292 2513//1293 
f 1228//1291 2530//1291 2523//1292 
f 1230//1290 2536//1290 2530//1291 
f 1232//1289 2538//1289 2536//1290 
f 1238//1288 2539//1288 2538//1289 
f 1242//1287 2554//1287 2539//1288 
f 1246//1286 2564//1286 2554//1287 
f 1250//1285 2652//1285 2564//1286 
f 1254//1284 2726//1284 2652//1285 
f 1262//1283 2716//1283 2726//1284 
f 1266//1282 2696//1299 2716//1283 
f 2697//1280 2696//1299 1266//1282 
f 1234//1281 2728//1300 2697//1280 
o mesh195
f 2525//1301 1207//1301 1204//1302 
f 2531//1303 1215//1303 1207//1301 
f 2556//1304 1214//1304 1215//1303 
f 2555//1305 1212//1305 1214//1304 
f 2576//1306 1284//1306 1213//1307 
f 1213//1307 2555//1305 2576//1306 
f 2601//1308 1282//1308 1284//1306 
f 2600//1309 1280//1309 1282//1308 
f 2613//1310 1278//1310 1280//1309 
f 1276//1311 1278//1310 2613//1310 
f 2597//1312 1274//1312 1276//1311 
f 2632//1313 1272//1313 1274//1312 
f 2640//1314 1270//1314 1272//1313 
f 2654//1315 1267//1315 1270//1314 
f 2660//1316 1263//1316 1267//1315 
f 2671//1317 1259//1317 1263//1316 
f 2680//1318 1255//1318 1259//1317 
f 2683//1319 1251//1319 1255//1318 
f 2699//1320 1247//1320 1251//1319 
f 2719//1321 1239//1321 1247//1320 
f 2730//1322 1233//1322 1239//1321 
f 2728//1323 1234//1323 1233//1322 
f 1233//1322 2730//1322 2728//1323 
f 1239//1321 2719//1321 2730//1322 
f 1247//1320 2699//1320 2719//1321 
f 1251//1319 2683//1319 2699//1320 
f 1255//1318 2680//1318 2683//1319 
f 1259//1317 2671//1317 2680//1318 
f 1263//1316 2660//1316 2671//1317 
f 1267//1315 2654//1315 2660//1316 
f 1270//1314 2640//1314 2654//1315 
f 1272//1313 2632//1313 2640//1314 
f 1274//1312 2597//1312 2632//1313 
f 1276//1311 2598//1324 2597//1312 
f 2613//1310 2598//1324 1276//1311 
f 1280//1309 2600//1309 2613//1310 
f 1282//1308 2601//1308 2600//1309 
f 1284//1306 2576//1306 2601//1308 
f 1213//1307 1212//1305 2555//1305 
f 1214//1304 2556//1304 2555//1305 
f 1215//1303 2531//1303 2556//1304 
f 1207//1301 2525//1301 2531//1303 
f 1204//1302 2515//1325 2525//1301 
o mesh196
f 2586//1326 1322//1326 1298//1327 
f 1419//1328 1322//1326 2586//1326 
f 1409//1329 1419//1328 2578//1328 
f 2616//1330 1395//1330 1409//1329 
f 2625//1331 1386//1331 1395//1330 
f 2641//1332 1377//1332 1386//1331 
f 1368//1333 1377//1332 2641//1332 
f 2655//1334 1357//1334 1368//1333 
f 2661//1335 1349//1335 1357//1334 
f 2681//1336 1341//1336 1349//1335 
f 2684//1337 1331//1337 1341//1336 
f 2720//1338 1332//1338 1331//1337 
f 2720//1338 2743//1339 1211//1340 
f 2743//1339 1210//1339 1211//1340 
f 2742//1341 1209//1341 1210//1339 
f 2646//1342 1208//1342 1209//1341 
f 2526//1343 1206//1343 1208//1342 
f 2517//1344 1205//1344 1206//1343 
f 2515//1345 1204//1345 1205//1344 
f 1205//1344 2517//1344 2515//1345 
f 1206//1343 2526//1343 2517//1344 
f 1208//1342 2646//1342 2526//1343 
f 1209//1341 2742//1341 2646//1342 
f 1210//1339 2743//1339 2742//1341 
f 1211//1340 1332//1338 2720//1338 
f 1331//1337 2684//1337 2720//1338 
f 1341//1336 2681//1336 2684//1337 
f 1349//1335 2661//1335 2681//1336 
f 1357//1334 2655//1334 2661//1335 
f 1368//1333 2647//1346 2655//1334 
f 2641//1332 2647//1346 1368//1333 
f 1386//1331 2625//1331 2641//1332 
f 1395//1330 2616//1330 2625//1331 
f 1409//1329 2585//1347 2616//1330 
f 2578//1328 2585//1347 1409//1329 
f 2586//1326 2578//1328 1419//1328 
f 1298//1327 2602//1348 2586//1326 
o mesh197
f 2521//1349 1481//1349 1474//1350 
f 2527//1351 1480//1351 1481//1349 
f 2533//1352 1472//1352 1480//1351 
f 2546//1353 1463//1353 1472//1352 
f 2545//1354 1451//1354 1463//1353 
f 2542//1355 1420//1355 1451//1354 
f 2547//1356 1410//1356 1420//1355 
f 2580//1357 1396//1357 1410//1356 
f 2570//1358 1387//1358 1396//1357 
f 2579//1359 1378//1359 1387//1358 
f 2569//1360 1369//1360 1378//1359 
f 2590//1361 1358//1361 1369//1360 
f 2604//1362 1350//1362 1358//1361 
f 2621//1363 1342//1363 1350//1362 
f 2626//1364 1333//1364 1342//1363 
f 2620//1365 1318//1365 1333//1364 
f 2634//1366 1314//1366 1318//1365 
f 2643//1367 1308//1367 1314//1366 
f 2649//1368 1303//1368 1308//1367 
f 2657//1369 1299//1369 1303//1368 
f 2617//1370 1297//1370 1299//1369 
f 2602//1371 1298//1371 1297//1370 
f 1297//1370 2617//1370 2602//1371 
f 1299//1369 2657//1369 2617//1370 
f 1303//1368 2649//1368 2657//1369 
f 1308//1367 2643//1367 2649//1368 
f 1314//1366 2634//1366 2643//1367 
f 1318//1365 2620//1365 2634//1366 
f 1333//1364 2626//1364 2620//1365 
f 1342//1363 2621//1363 2626//1364 
f 1350//1362 2604//1362 2621//1363 
f 1358//1361 2590//1361 2604//1362 
f 1369//1360 2569//1360 2590//1361 
f 1378//1359 2579//1359 2569//1360 
f 1387//1358 2570//1358 2579//1359 
f 1396//1357 2580//1357 2570//1358 
f 1410//1356 2547//1356 2580//1357 
f 1420//1355 2542//1355 2547//1356 
f 1451//1354 2545//1354 2542//1355 
f 1463//1353 2546//1353 2545//1354 
f 1472//1352 2533//1352 2546//1353 
f 1480//1351 2527//1351 2533//1352 
f 1481//1349 2521//1349 2527//1351 
f 1474//1350 2519//1372 2521//1349 
o mesh198
f 2519//1373 1474//1373 1484//1373 
f 1484//1373 2520//1373 2519//1373 
o mesh199
f 2520//1374 1484//1374 1363//1374 
f 1363//1374 2529//1374 2520//1374 
o mesh200
f 2587//1375 1305//1375 1379//1376 
f 2588//1377 1306//1377 1305//1375 
f 2656//1378 1309//1378 1306//1377 
f 2648//1379 1315//1379 1309//1378 
f 2642//1380 1319//1380 1315//1379 
f 1323//1381 1319//1380 2642//1380 
f 2619//1382 1334//1382 1323//1381 
f 2618//1383 1343//1383 1334//1382 
f 2603//1384 1351//1384 1343//1383 
f 1359//1385 1351//1384 2603//1384 
f 2568//1386 1370//1386 1359//1385 
f 2567//1387 1388//1387 1370//1386 
f 2558//1388 1397//1388 1388//1387 
f 2544//1389 1411//1389 1397//1388 
f 2543//1390 1421//1390 1411//1389 
f 2534//1391 1442//1391 1421//1390 
f 2528//1392 1452//1392 1442//1391 
f 2522//1393 1464//1393 1452//1392 
f 2518//1394 1475//1394 1464//1393 
f 2529//1395 1363//1395 1475//1394 
f 1475//1394 2518//1394 2529//1395 
f 1464//1393 2522//1393 2518//1394 
f 1452//1392 2528//1392 2522//1393 
f 1442//1391 2534//1391 2528//1392 
f 1421//1390 2543//1390 2534//1391 
f 1411//1389 2544//1389 2543//1390 
f 1397//1388 2558//1388 2544//1389 
f 1388//1387 2567//1387 2558//1388 
f 1370//1386 2568//1386 2567//1387 
f 1359//1385 2589//1396 2568//1386 
f 2603//1384 2589//1396 1359//1385 
f 1343//1383 2618//1383 2603//1384 
f 1334//1382 2619//1382 2618//1383 
f 1323//1381 2633//1397 2619//1382 
f 2642//1380 2633//1397 1323//1381 
f 1315//1379 2648//1379 2642//1380 
f 1309//1378 2656//1378 2648//1379 
f 1306//1377 2588//1377 2656//1378 
f 1305//1375 2587//1375 2588//1377 
f 1379//1376 2492//1398 2587//1375 
o mesh201
f 2758//1399 1173//1399 1172//1399 
f 1172//1399 2759//1399 2758//1399 
o mesh202
f 2760//1400 2761//1400 2762//1400 
f 2760//1400 2763//1400 2761//1400 
f 2764//1400 2762//1400 2765//1400 
f 2766//1400 2767//1400 2763//1400 
f 2765//1400 2768//1400 2764//1400 
f 2769//1400 2770//1400 2771//1400 
f 2772//1400 2771//1400 2767//1400 
f 2762//1400 2764//1400 2760//1400 
f 2769//1400 2773//1400 2770//1400 
f 2763//1400 2760//1400 2766//1400 
f 2774//1400 2775//1400 2776//1400 
f 2777//1400 2776//1400 2773//1400 
f 2767//1400 2766//1400 2772//1400 
f 2774//1400 2778//1400 2775//1400 
f 2771//1400 2772//1400 2769//1400 
f 2773//1400 2769//1400 2777//1400 
f 2779//1400 2780//1400 2778//1400 
f 2776//1400 2777//1400 2774//1400 
f 2781//1400 2782//1400 2780//1400 
f 2774//1400 2783//1400 2778//1400 
f 2784//1400 2785//1400 2782//1400 
f 2778//1400 2783//1400 2779//1400 
f 2786//1400 2787//1400 2788//1400 
f 2789//1400 2788//1400 2785//1400 
f 2780//1400 2779//1400 2781//1400 
f 2786//1400 2790//1400 2787//1400 
f 2782//1400 2781//1400 2784//1400 
f 2791//1400 2792//1400 2790//1400 
f 2785//1400 2784//1400 2789//1400 
f 2793//1400 2794//1400 2795//1400 
f 2795//1400 2794//1400 2796//1400 
f 2797//1400 2798//1400 2792//1400 
f 2788//1400 2789//1400 2786//1400 
f 2768//1400 2765//1400 2799//1400 
f 2800//1400 2799//1400 2801//1400 
f 2796//1400 2802//1400 2795//1400 
f 2803//1400 2804//1400 2802//1400 
f 2790//1400 2786//1400 2791//1400 
f 2801//1400 2805//1400 2800//1400 
f 2802//1400 2796//1400 2803//1400 
f 2806//1400 2807//1400 2804//1400 
f 2808//1400 2809//1400 2810//1400 
f 2811//1400 2810//1400 2798//1400 
f 2799//1400 2800//1400 2768//1400 
f 2804//1400 2803//1400 2806//1400 
f 2806//1400 2812//1400 2813//1400 
f 2814//1400 2815//1400 2816//1400 
f 2808//1400 2817//1400 2809//1400 
f 2792//1400 2791//1400 2797//1400 
f 2813//1400 2807//1400 2806//1400 
f 2812//1400 2818//1400 2819//1400 
f 2820//1400 2821//1400 2822//1400 
f 2814//1400 2822//1400 2815//1400 
f 2823//1400 2824//1400 2825//1400 
f 2826//1400 2825//1400 2817//1400 
f 2798//1400 2797//1400 2811//1400 
f 2819//1400 2813//1400 2812//1400 
f 2818//1400 2827//1400 2828//1400 
f 2816//1400 2829//1400 2814//1400 
f 2829//1400 2816//1400 2830//1400 
f 2823//1400 2830//1400 2824//1400 
f 2810//1400 2811//1400 2808//1400 
f 2828//1400 2819//1400 2818//1400 
f 2827//1400 2831//1400 2832//1400 
f 2833//1400 2834//1400 2821//1400 
f 2830//1400 2823//1400 2829//1400 
f 2817//1400 2808//1400 2826//1400 
f 2832//1400 2828//1400 2827//1400 
f 2831//1400 2835//1400 2836//1400 
f 2837//1400 2838//1400 2839//1400 
f 2833//1400 2839//1400 2834//1400 
f 2825//1400 2826//1400 2823//1400 
f 2836//1400 2832//1400 2831//1400 
f 2835//1400 2840//1400 2841//1400 
f 2837//1400 2842//1400 2838//1400 
f 2822//1400 2814//1400 2820//1400 
f 2841//1400 2836//1400 2835//1400 
f 2840//1400 2843//1400 2844//1400 
f 2845//1400 2846//1400 2847//1400 
f 2847//1400 2846//1400 2842//1400 
f 2821//1400 2820//1400 2833//1400 
f 2848//1400 2849//1400 2850//1400 
f 2844//1400 2841//1400 2840//1400 
f 2851//1400 2852//1400 2844//1400 
f 2853//1400 2854//1400 2852//1400 
f 2855//1400 2856//1400 2845//1400 
f 2839//1400 2833//1400 2837//1400 
f 2857//1400 2858//1400 2849//1400 
f 2850//1400 2859//1400 2848//1400 
f 2844//1400 2843//1400 2851//1400 
f 2852//1400 2851//1400 2853//1400 
f 2860//1400 2856//1400 2855//1400 
f 2842//1400 2837//1400 2847//1400 
f 2848//1400 2861//1400 2849//1400 
f 2859//1400 2850//1400 2862//1400 
f 2853//1400 2860//1400 2854//1400 
f 2847//1400 2855//1400 2845//1400 
f 2863//1400 2864//1400 2865//1400 
f 2866//1400 2867//1400 2868//1400 
f 2862//1400 2869//1400 2859//1400 
f 2869//1400 2862//1400 2870//1400 
f 2855//1400 2854//1400 2860//1400 
f 2805//1400 2801//1400 2871//1400 
f 2863//1400 2871//1400 2864//1400 
f 2866//1400 2865//1400 2867//1400 
f 2872//1400 2873//1400 2874//1400 
f 2875//1400 2874//1400 2876//1400 
f 2870//1400 2877//1400 2869//1400 
f 2870//1400 2878//1400 2879//1400 
f 2871//1400 2863//1400 2805//1400 
f 2868//1400 2880//1400 2866//1400 
f 2880//1400 2868//1400 2881//1400 
f 2882//1400 2881//1400 2873//1400 
f 2876//1400 2883//1400 2875//1400 
f 2883//1400 2876//1400 2884//1400 
f 2870//1400 2885//1400 2877//1400 
f 2879//1400 2886//1400 2870//1400 
f 2870//1400 2887//1400 2888//1400 
f 2865//1400 2866//1400 2863//1400 
f 2873//1400 2872//1400 2882//1400 
f 2884//1400 2889//1400 2883//1400 
f 2889//1400 2884//1400 2858//1400 
f 2886//1400 2885//1400 2870//1400 
f 2888//1400 2890//1400 2870//1400 
f 2881//1400 2882//1400 2880//1400 
f 2858//1400 2857//1400 2889//1400 
f 2870//1400 2891//1400 2878//1400 
f 2890//1400 2892//1400 2870//1400 
f 2874//1400 2875//1400 2872//1400 
f 2892//1400 2891//1400 2870//1400 
f 2849//1400 2861//1400 2857//1400 
f 2758//1400 2893//1400 2887//1400 
f 2894//1400 2893//1400 2758//1400 
f 2887//1400 2870//1400 2758//1400 
f 2795//1400 2895//1400 2793//1400 
f 2896//1400 2897//1400 2893//1400 
f 2898//1400 2793//1400 2895//1400 
f 2893//1400 2894//1400 2896//1400 
f 2899//1400 2758//1400 2870//1400 
f 2900//1400 2901//1400 2899//1400 
f 2758//1400 2759//1400 2894//1400 
f 2902//1400 2903//1400 2793//1400 
f 2899//1400 2904//1400 2900//1400 
f 2793//1400 2898//1400 2902//1400 
f 2895//1400 2905//1400 2898//1400 
f 2870//1400 2904//1400 2899//1400 
o mesh203
f 2759//1401 1172//1401 1174//1401 
f 1174//1401 2894//1401 2759//1401 
o mesh204
f 2894//1402 1174//1402 1196//1402 
f 1196//1402 2896//1402 2894//1402 
o mesh205
f 2896//1403 1196//1403 1189//1403 
f 1189//1403 2897//1403 2896//1403 
o mesh206
f 2897//1404 1189//1404 1191//1404 
f 1191//1404 2893//1404 2897//1404 
o mesh207
f 2893//1403 1191//1403 1190//1403 
f 1190//1403 2887//1403 2893//1403 
o mesh208
f 1138//1405 1149//1406 2848//1406 
f 1126//1407 1138//1405 2859//1408 
f 1122//1409 1126//1407 2869//1410 
f 1123//1411 1122//1409 2877//1412 
f 1133//1413 1123//1411 2885//1414 
f 1131//1415 1133//1413 2886//1416 
f 1132//1417 1131//1415 2879//1418 
f 1137//1419 1132//1417 2878//1420 
f 1148//1421 1137//1419 2891//1422 
f 1162//1423 1148//1421 2892//1424 
f 1175//1425 1162//1423 2890//1426 
f 1149//1406 1176//1427 2861//1427 
f 1190//1428 1175//1425 2888//1429 
f 2888//1429 2887//1428 1190//1428 
f 2861//1427 2848//1406 1149//1406 
f 2890//1426 2888//1429 1175//1425 
f 2892//1424 2890//1426 1162//1423 
f 2891//1422 2892//1424 1148//1421 
f 2878//1420 2891//1422 1137//1419 
f 2879//1418 2878//1420 1132//1417 
f 2886//1416 2879//1418 1131//1415 
f 2885//1414 2886//1416 1133//1413 
f 2877//1412 2885//1414 1123//1411 
f 2869//1410 2877//1412 1122//1409 
f 2859//1408 2869//1410 1126//1407 
f 2848//1406 2859//1408 1138//1405 
o mesh209
f 1144//1430 1143//1431 2800//1431 
f 1141//1432 1144//1430 2805//1433 
f 1142//1434 1141//1432 2863//1435 
f 1154//1436 1142//1434 2866//1437 
f 1139//1438 1154//1436 2880//1439 
f 1140//1440 1139//1438 2882//1441 
f 1152//1442 1140//1440 2872//1443 
f 1153//1444 1152//1442 2875//1445 
f 1150//1446 1153//1444 2883//1447 
f 1151//1448 1150//1446 2889//1449 
f 1143//1431 1164//1450 2768//1450 
f 1176//1451 1151//1448 2857//1452 
f 2857//1452 2861//1451 1176//1451 
f 2768//1450 2800//1431 1143//1431 
f 2889//1449 2857//1452 1151//1448 
f 2883//1447 2889//1449 1150//1446 
f 2875//1445 2883//1447 1153//1444 
f 2872//1443 2875//1445 1152//1442 
f 2882//1441 2872//1443 1140//1440 
f 2880//1439 2882//1441 1139//1438 
f 2866//1437 2880//1439 1154//1436 
f 2863//1435 2866//1437 1142//1434 
f 2805//1433 2863//1435 1141//1432 
f 2800//1431 2805//1433 1144//1430 
o mesh210
f 2823//1453 1069//1453 1068//1454 
f 2826//1455 1070//1455 1069//1453 
f 2808//1456 1074//1456 1070//1455 
f 2811//1457 1078//1457 1074//1456 
f 1080//1458 1078//1457 2811//1457 
f 2791//1459 1082//1459 1080//1458 
f 2786//1460 1084//1460 1082//1459 
f 2789//1461 1071//1461 1084//1460 
f 2784//1462 1088//1462 1071//1461 
f 2781//1463 1090//1463 1088//1462 
f 1092//1464 1090//1463 2781//1463 
f 2783//1465 1094//1465 1092//1464 
f 2774//1466 1096//1466 1094//1465 
f 2777//1467 1098//1467 1096//1466 
f 2769//1468 1100//1468 1098//1467 
f 2772//1469 1102//1469 1100//1468 
f 2766//1470 1104//1470 1102//1469 
f 2760//1471 1127//1471 1104//1470 
f 2764//1472 1163//1472 1127//1471 
f 2768//1473 1164//1473 1163//1472 
f 1163//1472 2764//1472 2768//1473 
f 1127//1471 2760//1471 2764//1472 
f 1104//1470 2766//1470 2760//1471 
f 1102//1469 2772//1469 2766//1470 
f 1100//1468 2769//1468 2772//1469 
f 1098//1467 2777//1467 2769//1468 
f 1096//1466 2774//1466 2777//1467 
f 1094//1465 2783//1465 2774//1466 
f 1092//1464 2779//1474 2783//1465 
f 2781//1463 2779//1474 1092//1464 
f 1088//1462 2784//1462 2781//1463 
f 1071//1461 2789//1461 2784//1462 
f 1084//1460 2786//1460 2789//1461 
f 1082//1459 2791//1459 2786//1460 
f 1080//1458 2797//1475 2791//1459 
f 2811//1457 2797//1475 1080//1458 
f 1074//1456 2808//1456 2811//1457 
f 1070//1455 2826//1455 2808//1456 
f 1069//1453 2823//1453 2826//1455 
f 1068//1454 2829//1476 2823//1453 
o mesh211
f 2802//1477 1155//1477 1158//1478 
f 2804//1479 1145//1479 1155//1477 
f 2807//1480 1134//1480 1145//1479 
f 2813//1481 1128//1481 1134//1480 
f 2819//1482 1118//1482 1128//1481 
f 2828//1483 1115//1483 1118//1482 
f 2832//1484 1112//1484 1115//1483 
f 2836//1485 1109//1485 1112//1484 
f 2841//1486 1105//1486 1109//1485 
f 2844//1487 1085//1487 1105//1486 
f 2852//1488 1072//1488 1085//1487 
f 2854//1489 1073//1489 1072//1488 
f 2855//1490 1076//1490 1073//1489 
f 2847//1491 1077//1491 1076//1490 
f 2837//1492 1079//1492 1077//1491 
f 2833//1493 1081//1493 1079//1492 
f 2820//1494 1083//1494 1081//1493 
f 2814//1495 1075//1495 1083//1494 
f 2829//1496 1068//1496 1075//1495 
f 1075//1495 2814//1495 2829//1496 
f 1083//1494 2820//1494 2814//1495 
f 1081//1493 2833//1493 2820//1494 
f 1079//1492 2837//1492 2833//1493 
f 1077//1491 2847//1491 2837//1492 
f 1076//1490 2855//1490 2847//1491 
f 1073//1489 2854//1489 2855//1490 
f 1072//1488 2852//1488 2854//1489 
f 1085//1487 2844//1487 2852//1488 
f 1105//1486 2841//1486 2844//1487 
f 1109//1485 2836//1485 2841//1486 
f 1112//1484 2832//1484 2836//1485 
f 1115//1483 2828//1483 2832//1484 
f 1118//1482 2819//1482 2828//1483 
f 1128//1481 2813//1481 2819//1482 
f 1134//1480 2807//1480 2813//1481 
f 1145//1479 2804//1479 2807//1480 
f 1155//1477 2802//1477 2804//1479 
f 1158//1478 2795//1497 2802//1477 
o mesh212
f 2795//1497 1158//1497 1177//1497 
f 1177//1497 2895//1497 2795//1497 
o mesh213
f 2895//1498 1177//1498 1121//1498 
f 1121//1498 2905//1498 2895//1498 
o mesh214
f 2905//1497 1121//1497 1188//1497 
f 1188//1497 2898//1497 2905//1497 
o mesh215
f 2898//1499 1188//1499 1201//1499 
f 1201//1499 2902//1499 2898//1499 
o mesh216
f 2902//1500 1201//1500 1086//1500 
f 1086//1500 2903//1500 2902//1500 
o mesh217
f 2903//1501 1086//1501 1203//1501 
f 1203//1501 2793//1501 2903//1501 
o mesh218
f 2793//1500 1203//1500 1087//1500 
f 1087//1500 2794//1500 2793//1500 
o mesh219
f 2838//1502 1156//1502 1111//1503 
f 1146//1504 1156//1502 2838//1502 
f 2846//1505 1135//1505 1146//1504 
f 2845//1506 1129//1506 1135//1505 
f 2856//1507 1124//1507 1129//1506 
f 2860//1508 1119//1508 1124//1507 
f 2853//1509 1116//1509 1119//1508 
f 2851//1510 1113//1510 1116//1509 
f 2843//1511 1110//1511 1113//1510 
f 2840//1512 1106//1512 1110//1511 
f 2835//1513 1103//1513 1106//1512 
f 2831//1514 1101//1514 1103//1513 
f 2827//1515 1099//1515 1101//1514 
f 2818//1516 1097//1516 1099//1515 
f 2812//1517 1095//1517 1097//1516 
f 2806//1518 1093//1518 1095//1517 
f 2803//1519 1091//1519 1093//1518 
f 2796//1520 1089//1520 1091//1519 
f 2794//1521 1087//1521 1089//1520 
f 1089//1520 2796//1520 2794//1521 
f 1091//1519 2803//1519 2796//1520 
f 1093//1518 2806//1518 2803//1519 
f 1095//1517 2812//1517 2806//1518 
f 1097//1516 2818//1516 2812//1517 
f 1099//1515 2827//1515 2818//1516 
f 1101//1514 2831//1514 2827//1515 
f 1103//1513 2835//1513 2831//1514 
f 1106//1512 2840//1512 2835//1513 
f 1110//1511 2843//1511 2840//1512 
f 1113//1510 2851//1510 2843//1511 
f 1116//1509 2853//1509 2851//1510 
f 1119//1508 2860//1508 2853//1509 
f 1124//1507 2856//1507 2860//1508 
f 1129//1506 2845//1506 2856//1507 
f 1135//1505 2846//1505 2845//1506 
f 1146//1504 2842//1522 2846//1505 
f 2838//1502 2842//1522 1146//1504 
f 1111//1503 2839//1523 2838//1502 
o mesh220
f 2778//1524 1060//1524 1056//1525 
f 1066//1526 1060//1524 2778//1524 
f 2782//1527 1065//1527 1066//1526 
f 2785//1528 1059//1528 1065//1527 
f 2788//1529 1054//1529 1059//1528 
f 2787//1530 1198//1530 1055//1531 
f 1055//1531 2788//1529 2787//1530 
f 2790//1532 1197//1532 1198//1530 
f 2792//1533 1192//1533 1197//1532 
f 2798//1534 1178//1534 1192//1533 
f 2810//1535 1165//1535 1178//1534 
f 2809//1536 1157//1536 1165//1535 
f 2817//1537 1147//1537 1157//1536 
f 2825//1538 1136//1538 1147//1537 
f 2824//1539 1130//1539 1136//1538 
f 2830//1540 1125//1540 1130//1539 
f 2816//1541 1120//1541 1125//1540 
f 2815//1542 1117//1542 1120//1541 
f 2822//1543 1114//1543 1117//1542 
f 2821//1544 1107//1544 1114//1543 
f 2834//1545 1108//1545 1107//1544 
f 2839//1546 1111//1546 1108//1545 
f 1108//1545 2834//1545 2839//1546 
f 1107//1544 2821//1544 2834//1545 
f 1114//1543 2822//1543 2821//1544 
f 1117//1542 2815//1542 2822//1543 
f 1120//1541 2816//1541 2815//1542 
f 1125//1540 2830//1540 2816//1541 
f 1130//1539 2824//1539 2830//1540 
f 1136//1538 2825//1538 2824//1539 
f 1147//1537 2817//1537 2825//1538 
f 1157//1536 2809//1536 2817//1537 
f 1165//1535 2810//1535 2809//1536 
f 1178//1534 2798//1534 2810//1535 
f 1192//1533 2792//1533 2798//1534 
f 1197//1532 2790//1532 2792//1533 
f 1198//1530 2787//1530 2790//1532 
f 1055//1531 1054//1529 2788//1529 
f 1059//1528 2785//1528 2788//1529 
f 1065//1527 2782//1527 2785//1528 
f 1066//1526 2780//1547 2782//1527 
f 2778//1524 2780//1547 1066//1526 
f 1056//1525 2775//1548 2778//1524 
o mesh221
f 1182//1549 2864//1549 2871//1550 
f 1180//1550 2871//1550 2801//1551 
f 1181//1551 2801//1551 2799//1552 
f 1179//1552 2799//1552 2765//1553 
f 1160//1553 2765//1553 2762//1554 
f 1161//1554 2762//1554 2761//1555 
f 2763//1556 1057//1556 1064//1557 
f 1064//1557 2761//1555 2763//1556 
f 1057//1556 2763//1556 2767//1558 
f 1058//1558 2767//1558 2771//1559 
f 1063//1559 2771//1559 2770//1560 
f 1067//1560 2770//1560 2773//1561 
f 1061//1561 2773//1561 2776//1562 
f 1168//1563 2865//1563 2864//1549 
f 1062//1562 2776//1562 2775//1564 
f 2775//1564 1056//1564 1062//1562 
f 2864//1549 1182//1549 1168//1563 
f 2776//1562 1062//1562 1061//1561 
f 2773//1561 1061//1561 1067//1560 
f 2770//1560 1067//1560 1063//1559 
f 2771//1559 1063//1559 1058//1558 
f 2767//1558 1058//1558 1057//1556 
f 1064//1557 1166//1565 2761//1555 
f 2761//1555 1166//1565 1161//1554 
f 2762//1554 1161//1554 1160//1553 
f 2765//1553 1160//1553 1179//1552 
f 2799//1552 1179//1552 1181//1551 
f 2801//1551 1181//1551 1180//1550 
f 2871//1550 1180//1550 1182//1549 
o mesh222
f 1200//1566 2862//1566 2850//1567 
f 1194//1567 2850//1567 2849//1568 
f 1186//1568 2849//1568 2858//1569 
f 1187//1569 2858//1569 2884//1570 
f 1185//1570 2884//1570 2876//1571 
f 1169//1571 2876//1571 2874//1572 
f 1170//1572 2874//1572 2873//1573 
f 1183//1573 2873//1573 2881//1574 
f 1184//1574 2881//1574 2868//1575 
f 1193//1575 2868//1575 2867//1576 
f 1199//1577 2870//1577 2862//1566 
f 1167//1576 2867//1576 2865//1578 
f 2865//1578 1168//1578 1167//1576 
f 2862//1566 1200//1566 1199//1577 
f 2867//1576 1167//1576 1193//1575 
f 2868//1575 1193//1575 1184//1574 
f 2881//1574 1184//1574 1183//1573 
f 2873//1573 1183//1573 1170//1572 
f 2874//1572 1170//1572 1169//1571 
f 2876//1571 1169//1571 1185//1570 
f 2884//1570 1185//1570 1187//1569 
f 2858//1569 1187//1569 1186//1568 
f 2849//1568 1186//1568 1194//1567 
f 2850//1567 1194//1567 1200//1566 
o mesh223
f 2870//1579 1199//1579 1159//1579 
f 1159//1579 2904//1579 2870//1579 
o mesh224
f 2904//1580 1159//1580 1202//1580 
f 1202//1580 2900//1580 2904//1580 
o mesh225
f 1171//1581 2901//1581 2900//1581 
f 2900//1581 1202//1581 1171//1581 
o mesh226
f 2899//1582 2901//1582 1171//1582 
f 1171//1582 1195//1582 2899//1582 
o mesh227
f 2899//1581 1195//1581 1173//1581 
f 1173//1581 2758//1581 2899//1581 
o mesh228
f 2906//1583 1053//1583 1050//1584 
f 2907//1585 1052//1585 1053//1583 
f 2908//1586 1049//1586 1052//1585 
f 2909//1587 1048//1587 1049//1586 
f 2910//1588 927//1588 926//1589 
f 926//1589 2909//1587 2910//1588 
f 2911//1590 925//1590 927//1588 
f 923//1591 925//1590 2911//1590 
f 2912//1592 921//1592 923//1591 
f 2913//1593 918//1593 921//1592 
f 2914//1594 916//1594 918//1593 
f 2915//1595 912//1595 916//1594 
f 2916//1596 908//1596 912//1595 
f 2917//1597 904//1597 908//1596 
f 2918//1598 900//1598 904//1597 
f 2919//1599 896//1599 900//1598 
f 2920//1600 892//1600 896//1599 
f 2921//1601 888//1601 892//1600 
f 880//1602 888//1601 2921//1601 
f 2922//1603 875//1603 880//1602 
f 2923//1604 876//1604 875//1603 
f 875//1603 2922//1603 2923//1604 
f 880//1602 2924//1605 2922//1603 
f 2921//1601 2924//1605 880//1602 
f 892//1600 2920//1600 2921//1601 
f 896//1599 2919//1599 2920//1600 
f 900//1598 2918//1598 2919//1599 
f 904//1597 2917//1597 2918//1598 
f 908//1596 2916//1596 2917//1597 
f 912//1595 2915//1595 2916//1596 
f 916//1594 2914//1594 2915//1595 
f 918//1593 2913//1593 2914//1594 
f 921//1592 2912//1592 2913//1593 
f 923//1591 2925//1606 2912//1592 
f 2911//1590 2925//1606 923//1591 
f 927//1588 2910//1588 2911//1590 
f 926//1589 1048//1587 2909//1587 
f 1049//1586 2908//1586 2909//1587 
f 1052//1585 2907//1585 2908//1586 
f 1053//1583 2906//1583 2907//1585 
f 1050//1584 2926//1607 2906//1583 
o mesh229
f 1031//1608 2927//1608 2928//1609 
f 1024//1609 2928//1609 2929//1610 
f 1025//1610 2929//1610 2930//1611 
f 2931//1612 1047//1612 1044//1613 
f 1044//1613 2930//1611 2931//1612 
f 1047//1612 2931//1612 2932//1614 
f 1051//1614 2932//1614 2933//1615 
f 1045//1615 2933//1615 2934//1616 
f 990//1617 2935//1617 2927//1608 
f 1046//1616 2934//1616 2926//1618 
f 2926//1618 1050//1618 1046//1616 
f 2927//1608 1031//1608 990//1617 
f 2934//1616 1046//1616 1045//1615 
f 2933//1615 1045//1615 1051//1614 
f 2932//1614 1051//1614 1047//1612 
f 1044//1613 1039//1619 2930//1611 
f 2930//1611 1039//1619 1025//1610 
f 2929//1610 1025//1610 1024//1609 
f 2928//1609 1024//1609 1031//1608 
o mesh230
f 2936//1620 1032//1620 1040//1621 
f 2937//1622 1026//1622 1032//1620 
f 2938//1623 1017//1623 1026//1622 
f 1011//1624 1017//1623 2938//1623 
f 2939//1625 1004//1625 1011//1624 
f 2940//1626 997//1626 1004//1625 
f 2941//1627 993//1627 997//1626 
f 989//1628 993//1627 2941//1627 
f 2935//1629 990//1629 989//1628 
f 989//1628 2942//1628 2935//1629 
f 2941//1627 2942//1628 989//1628 
f 997//1626 2940//1626 2941//1627 
f 1004//1625 2939//1625 2940//1626 
f 1011//1624 2943//1630 2939//1625 
f 2938//1623 2943//1630 1011//1624 
f 1026//1622 2937//1622 2938//1623 
f 1032//1620 2936//1620 2937//1622 
f 1040//1621 2944//1631 2936//1620 
o mesh231
f 2944//1632 1040//1632 1042//1632 
f 1042//1632 2945//1632 2944//1632 
o mesh232
f 1013//1633 1007//1634 2946//1634 
f 1019//1635 1013//1633 2947//1636 
f 1028//1637 1019//1635 2948//1638 
f 1043//1639 1028//1637 2949//1640 
f 1007//1634 1006//1641 2950//1641 
f 1042//1642 1043//1639 2951//1643 
f 2951//1643 2945//1642 1042//1642 
f 2950//1641 2946//1634 1007//1634 
f 2949//1640 2951//1643 1043//1639 
f 2948//1638 2949//1640 1028//1637 
f 2947//1636 2948//1638 1019//1635 
f 2946//1634 2947//1636 1013//1633 
o mesh233
f 2952//1644 1029//1644 1036//1645 
f 2953//1646 1020//1646 1029//1644 
f 2954//1647 1014//1647 1020//1646 
f 2955//1648 1008//1648 1014//1647 
f 2956//1649 1000//1649 1008//1648 
f 2957//1650 1001//1650 1000//1649 
f 2958//1651 1035//1651 1001//1650 
f 1006//1652 1035//1651 2958//1651 
f 2958//1651 2950//1652 1006//1652 
f 1001//1650 2957//1650 2958//1651 
f 1000//1649 2956//1649 2957//1650 
f 1008//1648 2955//1648 2956//1649 
f 1014//1647 2954//1647 2955//1648 
f 1020//1646 2953//1646 2954//1647 
f 1029//1644 2952//1644 2953//1646 
f 1036//1645 2959//1653 2952//1644 
o mesh234
f 2960//1654 952//1654 987//1655 
f 2961//1656 953//1656 952//1654 
f 954//1657 953//1656 2961//1656 
f 2962//1658 956//1658 954//1657 
f 2963//1659 960//1659 956//1658 
f 963//1660 960//1659 2963//1659 
f 2964//1661 969//1661 963//1660 
f 973//1662 969//1661 2964//1661 
f 2965//1663 977//1663 973//1662 
f 2966//1664 981//1664 977//1663 
f 2967//1665 983//1665 981//1664 
f 2968//1666 986//1666 983//1665 
f 2969//1667 995//1667 986//1666 
f 2970//1668 1002//1668 995//1667 
f 2971//1669 1009//1669 1002//1668 
f 2972//1670 1015//1670 1009//1669 
f 2973//1671 1021//1671 1015//1670 
f 2974//1672 1030//1672 1021//1671 
f 2975//1673 1037//1673 1030//1672 
f 2976//1674 964//1674 1037//1673 
f 2959//1675 1036//1675 964//1674 
f 964//1674 2976//1674 2959//1675 
f 1037//1673 2975//1673 2976//1674 
f 1030//1672 2974//1672 2975//1673 
f 1021//1671 2973//1671 2974//1672 
f 1015//1670 2972//1670 2973//1671 
f 1009//1669 2971//1669 2972//1670 
f 1002//1668 2970//1668 2971//1669 
f 995//1667 2969//1667 2970//1668 
f 986//1666 2968//1666 2969//1667 
f 983//1665 2967//1665 2968//1666 
f 981//1664 2966//1664 2967//1665 
f 977//1663 2965//1663 2966//1664 
f 973//1662 2977//1676 2965//1663 
f 2964//1661 2977//1676 973//1662 
f 963//1660 2978//1677 2964//1661 
f 2963//1659 2978//1677 963//1660 
f 956//1658 2962//1658 2963//1659 
f 954//1657 2979//1678 2962//1658 
f 2961//1656 2979//1678 954//1657 
f 952//1654 2960//1654 2961//1656 
f 987//1655 2980//1679 2960//1654 
o mesh235
f 2981//1680 965//1680 1023//1681 
f 2982//1682 966//1682 965//1680 
f 2983//1683 970//1683 966//1682 
f 2984//1684 974//1684 970//1683 
f 2985//1685 978//1685 974//1684 
f 2986//1686 982//1686 978//1685 
f 2987//1687 984//1687 982//1686 
f 2988//1688 988//1688 984//1687 
f 2989//1689 992//1689 988//1688 
f 2990//1690 996//1690 992//1689 
f 2991//1691 1003//1691 996//1690 
f 2992//1692 1010//1692 1003//1691 
f 2993//1693 1016//1693 1010//1692 
f 2994//1694 1022//1694 1016//1693 
f 2995//1695 1038//1695 1022//1694 
f 2980//1696 987//1696 1038//1695 
f 1038//1695 2995//1695 2980//1696 
f 1022//1694 2994//1694 2995//1695 
f 1016//1693 2993//1693 2994//1694 
f 1010//1692 2992//1692 2993//1693 
f 1003//1691 2991//1691 2992//1692 
f 996//1690 2990//1690 2991//1691 
f 992//1689 2989//1689 2990//1690 
f 988//1688 2988//1688 2989//1689 
f 984//1687 2987//1687 2988//1688 
f 982//1686 2986//1686 2987//1687 
f 978//1685 2985//1685 2986//1686 
f 974//1684 2984//1684 2985//1685 
f 970//1683 2983//1683 2984//1684 
f 966//1682 2982//1682 2983//1683 
f 965//1680 2981//1680 2982//1682 
f 1023//1681 2996//1697 2981//1680 
o mesh236
f 2996//1698 1023//1698 999//1698 
f 999//1698 2997//1698 2996//1698 
o mesh237
f 2997//1699 999//1699 1041//1699 
f 1041//1699 2998//1699 2997//1699 
o mesh238
f 2998//1700 1041//1700 942//1700 
f 942//1700 2999//1700 2998//1700 
o mesh239
f 3000//1701 968//1701 959//1702 
f 3001//1703 979//1703 968//1701 
f 3002//1704 975//1704 979//1703 
f 3003//1705 971//1705 975//1704 
f 3004//1706 967//1706 971//1705 
f 3005//1707 961//1707 967//1706 
f 3006//1708 957//1708 961//1707 
f 3007//1709 955//1709 957//1708 
f 3008//1710 951//1710 955//1709 
f 3009//1711 950//1711 951//1710 
f 3010//1712 949//1712 950//1711 
f 3011//1713 948//1713 949//1712 
f 3012//1714 947//1714 948//1713 
f 3013//1715 946//1715 947//1714 
f 3014//1716 945//1716 946//1715 
f 3015//1717 944//1717 945//1716 
f 3016//1718 943//1718 944//1717 
f 3017//1719 941//1719 943//1718 
f 2999//1720 942//1720 941//1719 
f 941//1719 3017//1719 2999//1720 
f 943//1718 3016//1718 3017//1719 
f 944//1717 3015//1717 3016//1718 
f 945//1716 3014//1716 3015//1717 
f 946//1715 3013//1715 3014//1716 
f 947//1714 3012//1714 3013//1715 
f 948//1713 3011//1713 3012//1714 
f 949//1712 3010//1712 3011//1713 
f 950//1711 3009//1711 3010//1712 
f 951//1710 3008//1710 3009//1711 
f 955//1709 3007//1709 3008//1710 
f 957//1708 3006//1708 3007//1709 
f 961//1707 3005//1707 3006//1708 
f 967//1706 3004//1706 3005//1707 
f 971//1705 3003//1705 3004//1706 
f 975//1704 3002//1704 3003//1705 
f 979//1703 3001//1703 3002//1704 
f 968//1701 3000//1701 3001//1703 
f 959//1702 3018//1721 3000//1701 
o mesh240
f 3019//1722 932//1722 930//1723 
f 3020//1724 935//1724 932//1722 
f 3021//1725 940//1725 935//1724 
f 3022//1726 938//1726 940//1725 
f 3022//1726 3023//1727 939//1728 
f 3023//1727 1034//1727 939//1728 
f 3024//1729 1033//1729 1034//1727 
f 3025//1730 1027//1730 1033//1729 
f 3026//1731 1018//1731 1027//1730 
f 3027//1732 1012//1732 1018//1731 
f 3028//1733 1005//1733 1012//1732 
f 3029//1734 998//1734 1005//1733 
f 3030//1735 994//1735 998//1734 
f 3031//1736 991//1736 994//1735 
f 3032//1737 985//1737 991//1736 
f 3033//1738 980//1738 985//1737 
f 3034//1739 976//1739 980//1738 
f 3035//1740 972//1740 976//1739 
f 3036//1741 962//1741 972//1740 
f 3037//1742 958//1742 962//1741 
f 3018//1743 959//1743 958//1742 
f 958//1742 3037//1742 3018//1743 
f 962//1741 3036//1741 3037//1742 
f 972//1740 3035//1740 3036//1741 
f 976//1739 3034//1739 3035//1740 
f 980//1738 3033//1738 3034//1739 
f 985//1737 3032//1737 3033//1738 
f 991//1736 3031//1736 3032//1737 
f 994//1735 3030//1735 3031//1736 
f 998//1734 3029//1734 3030//1735 
f 1005//1733 3028//1733 3029//1734 
f 1012//1732 3027//1732 3028//1733 
f 1018//1731 3026//1731 3027//1732 
f 1027//1730 3025//1730 3026//1731 
f 1033//1729 3024//1729 3025//1730 
f 1034//1727 3023//1727 3024//1729 
f 939//1728 938//1726 3022//1726 
f 940//1725 3021//1725 3022//1726 
f 935//1724 3020//1724 3021//1725 
f 932//1722 3019//1722 3020//1724 
f 930//1723 3038//1744 3019//1722 
o mesh241
f 3039//1745 882//1745 873//1746 
f 913//1747 882//1745 3039//1745 
f 3040//1748 909//1748 913//1747 
f 3041//1749 905//1749 909//1748 
f 3042//1750 901//1750 905//1749 
f 3043//1751 897//1751 901//1750 
f 3044//1752 893//1752 897//1751 
f 3045//1753 889//1753 893//1752 
f 3046//1754 885//1754 889//1753 
f 3047//1755 881//1755 885//1754 
f 3048//1756 877//1756 881//1755 
f 3049//1757 871//1757 877//1756 
f 3050//1758 869//1758 871//1757 
f 3051//1759 864//1759 869//1758 
f 3052//1760 865//1760 864//1759 
f 3053//1761 867//1761 865//1760 
f 3054//1762 936//1762 937//1763 
f 937//1763 3053//1761 3054//1762 
f 3055//1764 933//1764 936//1762 
f 3056//1765 934//1765 933//1764 
f 3057//1766 931//1766 934//1765 
f 3058//1767 929//1767 931//1766 
f 3038//1768 930//1768 929//1767 
f 929//1767 3058//1767 3038//1768 
f 931//1766 3057//1766 3058//1767 
f 934//1765 3056//1765 3057//1766 
f 933//1764 3055//1764 3056//1765 
f 936//1762 3054//1762 3055//1764 
f 937//1763 867//1761 3053//1761 
f 865//1760 3052//1760 3053//1761 
f 864//1759 3051//1759 3052//1760 
f 869//1758 3050//1758 3051//1759 
f 871//1757 3049//1757 3050//1758 
f 877//1756 3048//1756 3049//1757 
f 881//1755 3047//1755 3048//1756 
f 885//1754 3046//1754 3047//1755 
f 889//1753 3045//1753 3046//1754 
f 893//1752 3044//1752 3045//1753 
f 897//1751 3043//1751 3044//1752 
f 901//1750 3042//1750 3043//1751 
f 905//1749 3041//1749 3042//1750 
f 909//1748 3040//1748 3041//1749 
f 913//1747 3059//1769 3040//1748 
f 3039//1745 3059//1769 913//1747 
f 873//1746 3060//1770 3039//1745 
o mesh242
f 899//1771 860//1772 3061//1772 
f 3062//1773 928//1773 899//1771 
f 3063//1774 924//1774 928//1773 
f 922//1775 924//1774 3063//1774 
f 3064//1776 920//1776 922//1775 
f 3065//1777 919//1777 920//1776 
f 914//1778 919//1777 3065//1777 
f 3066//1779 910//1779 914//1778 
f 3067//1780 906//1780 910//1779 
f 3068//1781 902//1781 906//1780 
f 3069//1782 898//1782 902//1781 
f 3070//1783 894//1783 898//1782 
f 3071//1784 890//1784 894//1783 
f 3072//1785 886//1785 890//1784 
f 3073//1786 878//1786 886//1785 
f 3074//1787 872//1787 878//1786 
f 3060//1788 873//1788 872//1787 
f 872//1787 3074//1787 3060//1788 
f 878//1786 3073//1786 3074//1787 
f 886//1785 3072//1785 3073//1786 
f 890//1784 3071//1784 3072//1785 
f 894//1783 3070//1783 3071//1784 
f 898//1782 3069//1782 3070//1783 
f 902//1781 3068//1781 3069//1782 
f 906//1780 3067//1780 3068//1781 
f 910//1779 3066//1779 3067//1780 
f 914//1778 3075//1789 3066//1779 
f 3065//1777 3075//1789 914//1778 
f 920//1776 3064//1776 3065//1777 
f 922//1775 3076//1790 3064//1776 
f 3063//1774 3076//1790 922//1775 
f 928//1773 3062//1773 3063//1774 
f 899//1771 3077//1791 3062//1773 
f 3061//1772 3077//1791 899//1771 
o mesh243
f 3061//1792 860//1792 859//1792 
f 859//1792 3078//1792 3061//1792 
o mesh244
f 3079//1793 884//1793 876//1794 
f 917//1795 884//1793 3079//1793 
f 3080//1796 915//1796 917//1795 
f 3081//1797 911//1797 915//1796 
f 3082//1798 907//1798 911//1797 
f 3083//1799 903//1799 907//1798 
f 3084//1800 895//1800 903//1799 
f 891//1801 895//1800 3084//1800 
f 3085//1802 887//1802 891//1801 
f 3086//1803 883//1803 887//1802 
f 3087//1804 879//1804 883//1803 
f 3088//1805 874//1805 879//1804 
f 3089//1806 870//1806 874//1805 
f 3090//1807 868//1807 870//1806 
f 3091//1808 866//1808 868//1807 
f 3092//1809 863//1809 866//1808 
f 3093//1810 862//1810 863//1809 
f 3094//1811 861//1811 862//1810 
f 3078//1812 859//1812 861//1811 
f 861//1811 3094//1811 3078//1812 
f 862//1810 3093//1810 3094//1811 
f 863//1809 3092//1809 3093//1810 
f 866//1808 3091//1808 3092//1809 
f 868//1807 3090//1807 3091//1808 
f 870//1806 3089//1806 3090//1807 
f 874//1805 3088//1805 3089//1806 
f 879//1804 3087//1804 3088//1805 
f 883//1803 3086//1803 3087//1804 
f 887//1802 3085//1802 3086//1803 
f 891//1801 3095//1813 3085//1802 
f 3084//1800 3095//1813 891//1801 
f 903//1799 3083//1799 3084//1800 
f 907//1798 3082//1798 3083//1799 
f 911//1797 3081//1797 3082//1798 
f 915//1796 3080//1796 3081//1797 
f 917//1795 3096//1814 3080//1796 
f 3079//1793 3096//1814 917//1795 
f 876//1794 2923//1815 3079//1793 
o mesh245
f 3019//1816 3038//1816 3097//1816 
f 3038//1816 3058//1816 3098//1816 
f 3019//1816 3099//1816 3100//1816 
f 3098//1816 3097//1816 3038//1816 
f 3097//1816 3099//1816 3019//1816 
f 3021//1816 3020//1816 3101//1816 
f 3100//1816 3020//1816 3019//1816 
f 2934//1816 2933//1816 2959//1816 
f 2933//1816 2932//1816 2952//1816 
f 3021//1816 3102//1816 3103//1816 
f 3100//1816 3101//1816 3020//1816 
f 2975//1816 2926//1816 2934//1816 
f 2952//1816 2959//1816 2933//1816 
f 3101//1816 3102//1816 3021//1816 
f 2959//1816 2976//1816 2934//1816 
f 2952//1816 2932//1816 2931//1816 
f 3023//1816 3022//1816 3104//1816 
f 3103//1816 3022//1816 3021//1816 
f 2931//1816 2953//1816 2952//1816 
f 2953//1816 2931//1816 2930//1816 
f 3105//1816 3024//1816 3023//1816 
f 3103//1816 3104//1816 3022//1816 
f 3058//1816 3057//1816 3106//1816 
f 2930//1816 2954//1816 2953//1816 
f 2954//1816 2930//1816 2929//1816 
f 3104//1816 3107//1816 3023//1816 
f 3106//1816 3108//1816 3058//1816 
f 2929//1816 2955//1816 2954//1816 
f 2955//1816 2929//1816 2928//1816 
f 2957//1816 2927//1816 2935//1816 
f 2935//1816 2942//1816 2950//1816 
f 3109//1816 3025//1816 3024//1816 
f 3108//1816 3098//1816 3058//1816 
f 2928//1816 2956//1816 2955//1816 
f 2927//1816 2957//1816 2956//1816 
f 2950//1816 2958//1816 2935//1816 
f 2942//1816 2941//1816 2946//1816 
f 3110//1816 3026//1816 3025//1816 
f 3023//1816 3107//1816 3105//1816 
f 2956//1816 2928//1816 2927//1816 
f 2946//1816 2950//1816 2942//1816 
f 3024//1816 3105//1816 3109//1816 
f 2926//1816 2975//1816 2974//1816 
f 2935//1816 2958//1816 2957//1816 
f 3111//1816 3027//1816 3026//1816 
f 3025//1816 3109//1816 3110//1816 
f 2934//1816 2976//1816 2975//1816 
f 3112//1816 3028//1816 3027//1816 
f 3110//1816 3113//1816 3026//1816 
f 2907//1816 2906//1816 2973//1816 
f 2974//1816 2906//1816 2926//1816 
f 3114//1816 3029//1816 3028//1816 
f 3026//1816 3113//1816 3111//1816 
f 2971//1816 2908//1816 2907//1816 
f 2974//1816 2973//1816 2906//1816 
f 3115//1816 3030//1816 3029//1816 
f 3027//1816 3111//1816 3112//1816 
f 2970//1816 2909//1816 2908//1816 
f 2973//1816 2972//1816 2907//1816 
f 3116//1816 3031//1816 3030//1816 
f 3028//1816 3112//1816 3114//1816 
f 2907//1816 2972//1816 2971//1816 
f 3117//1816 3018//1816 3037//1816 
f 3118//1816 3037//1816 3036//1816 
f 3119//1816 3032//1816 3031//1816 
f 3029//1816 3114//1816 3115//1816 
f 2968//1816 2910//1816 2909//1816 
f 2908//1816 2971//1816 2970//1816 
f 3120//1816 3000//1816 3018//1816 
f 3036//1816 3121//1816 3118//1816 
f 3122//1816 3033//1816 3032//1816 
f 3030//1816 3115//1816 3116//1816 
f 3067//1816 3123//1816 3124//1816 
f 2967//1816 2911//1816 2910//1816 
f 2970//1816 2969//1816 2909//1816 
f 3037//1816 3118//1816 3117//1816 
f 3121//1816 3036//1816 3035//1816 
f 3125//1816 3034//1816 3033//1816 
f 3031//1816 3116//1816 3119//1816 
f 3124//1816 3126//1816 3067//1816 
f 2966//1816 2925//1816 2911//1816 
f 2909//1816 2969//1816 2968//1816 
f 3127//1816 3001//1816 3000//1816 
f 3035//1816 3128//1816 3121//1816 
f 3128//1816 3035//1816 3034//1816 
f 3032//1816 3119//1816 3122//1816 
f 3126//1816 3129//1816 3067//1816 
f 2995//1816 2924//1816 2921//1816 
f 2980//1816 2921//1816 2920//1816 
f 2965//1816 2912//1816 2925//1816 
f 2910//1816 2968//1816 2967//1816 
f 3130//1816 3002//1816 3001//1816 
f 3018//1816 3117//1816 3120//1816 
f 3033//1816 3122//1816 3125//1816 
f 3131//1816 3132//1816 3068//1816 
f 3129//1816 3133//1816 3067//1816 
f 2994//1816 2922//1816 2924//1816 
f 2920//1816 2960//1816 2980//1816 
f 2977//1816 2913//1816 2912//1816 
f 2911//1816 2967//1816 2966//1816 
f 3130//1816 3003//1816 3002//1816 
f 3034//1816 3125//1816 3128//1816 
f 3132//1816 3134//1816 3069//1816 
f 3133//1816 3131//1816 3067//1816 
f 2993//1816 2923//1816 2922//1816 
f 2921//1816 2980//1816 2995//1816 
f 2960//1816 2920//1816 2919//1816 
f 2964//1816 2914//1816 2913//1816 
f 2925//1816 2966//1816 2965//1816 
f 3135//1816 3004//1816 3003//1816 
f 3000//1816 3120//1816 3127//1816 
f 3134//1816 3136//1816 3070//1816 
f 3068//1816 3067//1816 3131//1816 
f 2993//1816 3079//1816 2923//1816 
f 2919//1816 2961//1816 2960//1816 
f 2978//1816 2915//1816 2914//1816 
f 2912//1816 2965//1816 2977//1816 
f 2949//1816 2936//1816 2944//1816 
f 3137//1816 3005//1816 3004//1816 
f 3001//1816 3127//1816 3130//1816 
f 3136//1816 3138//1816 3071//1816 
f 3069//1816 3068//1816 3132//1816 
f 2992//1816 3096//1816 3079//1816 
f 2924//1816 2995//1816 2994//1816 
f 2963//1816 2916//1816 2915//1816 
f 2913//1816 2977//1816 2964//1816 
f 2948//1816 2938//1816 2937//1816 
f 2949//1816 2937//1816 2936//1816 
f 3139//1816 3006//1816 3005//1816 
f 3003//1816 3130//1816 3135//1816 
f 3138//1816 3140//1816 3072//1816 
f 3070//1816 3069//1816 3134//1816 
f 2991//1816 3080//1816 3096//1816 
f 2922//1816 2994//1816 2993//1816 
f 2962//1816 2917//1816 2916//1816 
f 2914//1816 2964//1816 2978//1816 
f 2947//1816 2939//1816 2943//1816 
f 2948//1816 2943//1816 2938//1816 
f 2944//1816 2945//1816 2951//1816 
f 3141//1816 3007//1816 3006//1816 
f 3004//1816 3135//1816 3137//1816 
f 3055//1816 3054//1816 3142//1816 
f 3053//1816 3143//1816 3144//1816 
f 3145//1816 3143//1816 3053//1816 
f 3140//1816 3146//1816 3073//1816 
f 3071//1816 3070//1816 3136//1816 
f 2990//1816 3081//1816 3080//1816 
f 3079//1816 2993//1816 2992//1816 
f 2979//1816 2918//1816 2917//1816 
f 2915//1816 2978//1816 2963//1816 
f 2947//1816 2940//1816 2939//1816 
f 2944//1816 2951//1816 2949//1816 
f 3016//1816 3015//1816 3147//1816 
f 3148//1816 3008//1816 3007//1816 
f 3005//1816 3137//1816 3139//1816 
f 3056//1816 3149//1816 3150//1816 
f 3056//1816 3055//1816 3151//1816 
f 3054//1816 3144//1816 3142//1816 
f 3053//1816 3052//1816 3145//1816 
f 3152//1816 3145//1816 3052//1816 
f 3153//1816 3154//1816 3050//1816 
f 3155//1816 3153//1816 3049//1816 
f 3156//1816 3157//1816 3059//1816 
f 3158//1816 3156//1816 3039//1816 
f 3146//1816 3158//1816 3074//1816 
f 3072//1816 3071//1816 3138//1816 
f 2989//1816 3082//1816 3081//1816 
f 3096//1816 2992//1816 2991//1816 
f 2961//1816 2919//1816 2918//1816 
f 2916//1816 2963//1816 2962//1816 
f 2946//1816 2941//1816 2940//1816 
f 2937//1816 2949//1816 2948//1816 
f 3159//1816 3017//1816 3016//1816 
f 3006//1816 3139//1816 3141//1816 
f 3150//1816 3057//1816 3056//1816 
f 3142//1816 3151//1816 3055//1816 
f 3052//1816 3051//1816 3152//1816 
f 3154//1816 3152//1816 3051//1816 
f 3049//1816 3048//1816 3155//1816 
f 3160//1816 3161//1816 3040//1816 
f 3059//1816 3039//1816 3156//1816 
f 3039//1816 3060//1816 3158//1816 
f 3073//1816 3072//1816 3140//1816 
f 2997//1816 3063//1816 3062//1816 
f 2988//1816 3083//1816 3082//1816 
f 3080//1816 2991//1816 2990//1816 
f 2917//1816 2962//1816 2979//1816 
f 2943//1816 2948//1816 2947//1816 
f 3159//1816 2999//1816 3017//1816 
f 3150//1816 3106//1816 3057//1816 
f 3144//1816 3054//1816 3053//1816 
f 3050//1816 3049//1816 3153//1816 
f 3162//1816 3155//1816 3048//1816 
f 3163//1816 3162//1816 3047//1816 
f 3164//1816 3163//1816 3046//1816 
f 3165//1816 3166//1816 3044//1816 
f 3167//1816 3165//1816 3043//1816 
f 3157//1816 3160//1816 3059//1816 
f 3074//1816 3073//1816 3146//1816 
f 2997//1816 3076//1816 3063//1816 
f 3081//1816 2990//1816 2989//1816 
f 2940//1816 2947//1816 2946//1816 
f 3159//1816 2998//1816 2999//1816 
f 3015//1816 3014//1816 3168//1816 
f 3151//1816 3149//1816 3056//1816 
f 3048//1816 3047//1816 3162//1816 
f 3046//1816 3045//1816 3164//1816 
f 3166//1816 3164//1816 3045//1816 
f 3043//1816 3042//1816 3167//1816 
f 3169//1816 3167//1816 3042//1816 
f 3161//1816 3169//1816 3041//1816 
f 3060//1816 3074//1816 3158//1816 
f 2997//1816 3064//1816 3076//1816 
f 2987//1816 3084//1816 3083//1816 
f 2918//1816 2979//1816 2961//1816 
f 3168//1816 3147//1816 3015//1816 
f 3014//1816 3013//1816 3170//1816 
f 3051//1816 3050//1816 3154//1816 
f 3045//1816 3044//1816 3166//1816 
f 3042//1816 3041//1816 3169//1816 
f 3040//1816 3059//1816 3160//1816 
f 2997//1816 3065//1816 3064//1816 
f 2986//1816 3095//1816 3084//1816 
f 3082//1816 2989//1816 2988//1816 
f 3170//1816 3168//1816 3014//1816 
f 3013//1816 3012//1816 3171//1816 
f 3047//1816 3046//1816 3163//1816 
f 3041//1816 3040//1816 3161//1816 
f 2997//1816 3075//1816 3065//1816 
f 3086//1816 3085//1816 2985//1816 
f 2985//1816 3085//1816 3095//1816 
f 3083//1816 2988//1816 2987//1816 
f 3171//1816 3170//1816 3013//1816 
f 3012//1816 3011//1816 3172//1816 
f 3173//1816 3009//1816 3008//1816 
f 3044//1816 3043//1816 3165//1816 
f 2997//1816 3066//1816 3075//1816 
f 3091//1816 3090//1816 2981//1816 
f 2984//1816 3087//1816 3086//1816 
f 3084//1816 2987//1816 2986//1816 
f 3172//1816 3171//1816 3012//1816 
f 3011//1816 3010//1816 3174//1816 
f 3174//1816 3010//1816 3009//1816 
f 3007//1816 3141//1816 3148//1816 
f 2997//1816 3067//1816 3066//1816 
f 2996//1816 3092//1816 3091//1816 
f 2983//1816 3088//1816 3087//1816 
f 3095//1816 2986//1816 2985//1816 
f 3174//1816 3172//1816 3011//1816 
f 3008//1816 3148//1816 3173//1816 
f 3094//1816 3093//1816 2996//1816 
f 3062//1816 3077//1816 2997//1816 
f 2996//1816 3093//1816 3092//1816 
f 2981//1816 3090//1816 3089//1816 
f 2982//1816 3089//1816 3088//1816 
f 2985//1816 2984//1816 3086//1816 
f 3009//1816 3173//1816 3174//1816 
f 2997//1816 3175//1816 3123//1816 
f 2997//1816 3078//1816 3094//1816 
f 3077//1816 3061//1816 2997//1816 
f 3089//1816 2982//1816 2981//1816 
f 3087//1816 2984//1816 2983//1816 
f 3123//1816 3067//1816 2997//1816 
f 2997//1816 2998//1816 3159//1816 
f 3061//1816 3078//1816 2997//1816 
f 3088//1816 2983//1816 2982//1816 
f 3159//1816 3175//1816 2997//1816 
f 2981//1816 2996//1816 3091//1816 
f 2996//1816 2997//1816 3094//1816 
f 3147//1816 3159//1816 3016//1816 
o mesh246
f 3176//1817 3177//1818 3108//1818 
f 3178//1819 3176//1817 3106//1820 
f 3179//1821 3178//1819 3150//1822 
f 3180//1823 3179//1821 3149//1824 
f 3181//1825 3180//1823 3151//1826 
f 3182//1827 3181//1825 3142//1828 
f 3183//1829 3182//1827 3144//1830 
f 3184//1831 3183//1829 3143//1832 
f 3185//1833 3184//1831 3145//1834 
f 3186//1835 3185//1833 3152//1836 
f 3187//1837 3186//1835 3154//1838 
f 3188//1839 3187//1837 3153//1840 
f 3189//1841 3188//1839 3155//1842 
f 3190//1843 3189//1841 3162//1844 
f 3191//1845 3190//1843 3163//1846 
f 3192//1847 3191//1845 3164//1848 
f 3193//1849 3192//1847 3166//1850 
f 3194//1851 3193//1849 3165//1852 
f 3195//1853 3194//1851 3167//1854 
f 3196//1855 3195//1853 3169//1856 
f 3197//1857 3196//1855 3161//1858 
f 3177//1818 3198//1859 3098//1859 
f 3199//1860 3197//1857 3160//1861 
f 3160//1861 3157//1860 3199//1860 
f 3098//1859 3108//1818 3177//1818 
f 3161//1858 3160//1861 3197//1857 
f 3169//1856 3161//1858 3196//1855 
f 3167//1854 3169//1856 3195//1853 
f 3165//1852 3167//1854 3194//1851 
f 3166//1850 3165//1852 3193//1849 
f 3164//1848 3166//1850 3192//1847 
f 3163//1846 3164//1848 3191//1845 
f 3162//1844 3163//1846 3190//1843 
f 3155//1842 3162//1844 3189//1841 
f 3153//1840 3155//1842 3188//1839 
f 3154//1838 3153//1840 3187//1837 
f 3152//1836 3154//1838 3186//1835 
f 3145//1834 3152//1836 3185//1833 
f 3143//1832 3145//1834 3184//1831 
f 3144//1830 3143//1832 3183//1829 
f 3142//1828 3144//1830 3182//1827 
f 3151//1826 3142//1828 3181//1825 
f 3149//1824 3151//1826 3180//1823 
f 3150//1822 3149//1824 3179//1821 
f 3106//1820 3150//1822 3178//1819 
f 3108//1818 3106//1820 3176//1817 
o mesh247
f 3200//1862 3201//1862 3202//1862 
f 3202//1862 3203//1862 3200//1862 
f 3203//1862 3204//1862 3200//1862 
f 3204//1862 3205//1862 3200//1862 
f 3205//1862 3206//1862 3200//1862 
f 3206//1862 3207//1862 3200//1862 
f 3208//1862 3209//1862 3210//1862 
f 3207//1862 3211//1862 3200//1862 
f 3210//1862 3212//1862 3208//1862 
f 3211//1862 3213//1862 3200//1862 
f 3212//1862 3214//1862 3208//1862 
f 3213//1862 3215//1862 3200//1862 
f 3214//1862 3216//1862 3208//1862 
f 3217//1862 3199//1862 3218//1862 
f 3219//1862 3220//1862 3200//1862 
f 3216//1862 3221//1862 3208//1862 
f 3218//1862 3222//1862 3217//1862 
f 3215//1862 3219//1862 3200//1862 
f 3221//1862 3223//1862 3208//1862 
f 3222//1862 3224//1862 3217//1862 
f 3217//1862 3184//1862 3185//1862 
f 3219//1862 3225//1862 3220//1862 
f 3223//1862 3226//1862 3208//1862 
f 3224//1862 3227//1862 3217//1862 
f 3217//1862 3183//1862 3184//1862 
f 3217//1862 3179//1862 3180//1862 
f 3225//1862 3228//1862 3220//1862 
f 3226//1862 3229//1862 3208//1862 
f 3227//1862 3230//1862 3217//1862 
f 3185//1862 3186//1862 3217//1862 
f 3217//1862 3181//1862 3182//1862 
f 3217//1862 3178//1862 3179//1862 
f 3217//1862 3177//1862 3176//1862 
f 3228//1862 3231//1862 3220//1862 
f 3229//1862 3232//1862 3208//1862 
f 3230//1862 3233//1862 3217//1862 
f 3217//1862 3188//1862 3189//1862 
f 3182//1862 3183//1862 3217//1862 
f 3176//1862 3178//1862 3217//1862 
f 3231//1862 3234//1862 3220//1862 
f 3232//1862 3235//1862 3208//1862 
f 3233//1862 3236//1862 3217//1862 
f 3217//1862 3191//1862 3192//1862 
f 3217//1862 3187//1862 3188//1862 
f 3180//1862 3181//1862 3217//1862 
f 3234//1862 3237//1862 3220//1862 
f 3208//1862 3238//1862 3209//1862 
f 3236//1862 3239//1862 3217//1862 
f 3217//1862 3194//1862 3195//1862 
f 3217//1862 3190//1862 3191//1862 
f 3186//1862 3187//1862 3217//1862 
f 3237//1862 3240//1862 3220//1862 
f 3235//1862 3241//1862 3208//1862 
f 3239//1862 3242//1862 3217//1862 
f 3217//1862 3193//1862 3194//1862 
f 3189//1862 3190//1862 3217//1862 
f 3240//1862 3243//1862 3220//1862 
f 3208//1862 3244//1862 3238//1862 
f 3242//1862 3245//1862 3217//1862 
f 3192//1862 3193//1862 3217//1862 
f 3243//1862 3246//1862 3220//1862 
f 3208//1862 3247//1862 3244//1862 
f 3245//1862 3248//1862 3217//1862 
f 3195//1862 3196//1862 3217//1862 
f 3246//1862 3249//1862 3220//1862 
f 3208//1862 3250//1862 3247//1862 
f 3248//1862 3251//1862 3217//1862 
f 3196//1862 3197//1862 3217//1862 
f 3250//1862 3208//1862 3198//1862 
f 3241//1862 3220//1862 3208//1862 
f 3217//1862 3252//1862 3253//1862 
f 3197//1862 3199//1862 3217//1862 
f 3249//1862 3208//1862 3220//1862 
f 3251//1862 3252//1862 3217//1862 
f 3177//1862 3217//1862 3250//1862 
f 3198//1862 3177//1862 3250//1862 
f 3253//1862 3254//1862 3217//1862 
o mesh248
f 3121//1863 3200//1863 3220//1864 
f 3128//1865 3201//1865 3200//1863 
f 3125//1866 3202//1866 3201//1865 
f 3122//1867 3203//1867 3202//1866 
f 3119//1868 3204//1868 3203//1867 
f 3116//1869 3205//1869 3204//1868 
f 3115//1870 3206//1870 3205//1869 
f 3114//1871 3207//1871 3206//1870 
f 3112//1872 3211//1872 3207//1871 
f 3111//1873 3213//1873 3211//1872 
f 3113//1874 3215//1874 3213//1873 
f 3110//1875 3219//1875 3215//1874 
f 3109//1876 3225//1876 3219//1875 
f 3105//1877 3228//1877 3225//1876 
f 3107//1878 3231//1878 3228//1877 
f 3104//1879 3234//1879 3231//1878 
f 3103//1880 3237//1880 3234//1879 
f 3102//1881 3240//1881 3237//1880 
f 3101//1882 3243//1882 3240//1881 
f 3100//1883 3246//1883 3243//1882 
f 3099//1884 3249//1884 3246//1883 
f 3097//1885 3208//1885 3249//1884 
f 3098//1886 3198//1886 3208//1885 
f 3208//1885 3097//1885 3098//1886 
f 3249//1884 3099//1884 3097//1885 
f 3246//1883 3100//1883 3099//1884 
f 3243//1882 3101//1882 3100//1883 
f 3240//1881 3102//1881 3101//1882 
f 3237//1880 3103//1880 3102//1881 
f 3234//1879 3104//1879 3103//1880 
f 3231//1878 3107//1878 3104//1879 
f 3228//1877 3105//1877 3107//1878 
f 3225//1876 3109//1876 3105//1877 
f 3219//1875 3110//1875 3109//1876 
f 3215//1874 3113//1874 3110//1875 
f 3213//1873 3111//1873 3113//1874 
f 3211//1872 3112//1872 3111//1873 
f 3207//1871 3114//1871 3112//1872 
f 3206//1870 3115//1870 3114//1871 
f 3205//1869 3116//1869 3115//1870 
f 3204//1868 3119//1868 3116//1869 
f 3203//1867 3122//1867 3119//1868 
f 3202//1866 3125//1866 3122//1867 
f 3201//1865 3128//1865 3125//1866 
f 3200//1863 3121//1863 3128//1865 
f 3220//1864 3118//1887 3121//1863 
o mesh249
f 3168//1888 3247//1888 3250//1889 
f 3170//1890 3244//1890 3247//1888 
f 3171//1891 3238//1891 3244//1890 
f 3172//1892 3209//1892 3238//1891 
f 3174//1893 3210//1893 3209//1892 
f 3173//1894 3212//1894 3210//1893 
f 3148//1895 3214//1895 3212//1894 
f 3141//1896 3216//1896 3214//1895 
f 3139//1897 3221//1897 3216//1896 
f 3137//1898 3223//1898 3221//1897 
f 3135//1899 3226//1899 3223//1898 
f 3130//1900 3229//1900 3226//1899 
f 3127//1901 3232//1901 3229//1900 
f 3120//1902 3235//1902 3232//1901 
f 3117//1903 3241//1903 3235//1902 
f 3118//1904 3220//1904 3241//1903 
f 3241//1903 3117//1903 3118//1904 
f 3235//1902 3120//1902 3117//1903 
f 3232//1901 3127//1901 3120//1902 
f 3229//1900 3130//1900 3127//1901 
f 3226//1899 3135//1899 3130//1900 
f 3223//1898 3137//1898 3135//1899 
f 3221//1897 3139//1897 3137//1898 
f 3216//1896 3141//1896 3139//1897 
f 3214//1895 3148//1895 3141//1896 
f 3212//1894 3173//1894 3148//1895 
f 3210//1893 3174//1893 3173//1894 
f 3209//1892 3172//1892 3174//1893 
f 3238//1891 3171//1891 3172//1892 
f 3244//1890 3170//1890 3171//1891 
f 3247//1888 3168//1888 3170//1890 
f 3250//1889 3147//1905 3168//1888 
o mesh250
f 3147//1905 3250//1905 3217//1905 
f 3217//1905 3159//1905 3147//1905 
o mesh251
f 3159//1906 3217//1906 3254//1906 
f 3254//1906 3175//1906 3159//1906 
o mesh252
f 3253//1907 3123//1907 3175//1907 
f 3175//1907 3254//1907 3253//1907 
o mesh253
f 3156//1908 3218//1908 3199//1909 
f 3158//1910 3222//1910 3218//1908 
f 3146//1911 3224//1911 3222//1910 
f 3140//1912 3227//1912 3224//1911 
f 3138//1913 3230//1913 3227//1912 
f 3136//1914 3233//1914 3230//1913 
f 3134//1915 3236//1915 3233//1914 
f 3132//1916 3239//1916 3236//1915 
f 3131//1917 3242//1917 3239//1916 
f 3133//1918 3245//1918 3242//1917 
f 3129//1919 3248//1919 3245//1918 
f 3126//1920 3251//1920 3248//1919 
f 3124//1921 3252//1921 3251//1920 
f 3124//1921 3123//1922 3253//1922 
f 3253//1922 3252//1921 3124//1921 
f 3251//1920 3126//1920 3124//1921 
f 3248//1919 3129//1919 3126//1920 
f 3245//1918 3133//1918 3129//1919 
f 3242//1917 3131//1917 3133//1918 
f 3239//1916 3132//1916 3131//1917 
f 3236//1915 3134//1915 3132//1916 
f 3233//1914 3136//1914 3134//1915 
f 3230//1913 3138//1913 3136//1914 
f 3227//1912 3140//1912 3138//1913 
f 3224//1911 3146//1911 3140//1912 
f 3222//1910 3158//1910 3146//1911 
f 3218//1908 3156//1908 3158//1910 
f 3199//1909 3157//1923 3156//1908 
o mesh254
f 2051//1924 2050//1924 2071//1924 
f 2043//1924 2094//1924 2093//1924 
f 2094//1924 2043//1924 2051//1924 
f 2050//1924 2072//1924 2071//1924 
f 2093//1924 2028//1924 2043//1924 
f 2071//1924 2077//1924 2051//1924 
f 2047//1924 2076//1924 2075//1924 
f 3255//1924 2206//1924 2205//1924 
f 2029//1924 2028//1924 2092//1924 
f 2051//1924 2077//1924 2094//1924 
f 2049//1924 2048//1924 2074//1924 
f 2075//1924 2048//1924 2047//1924 
f 3255//1924 2207//1924 2206//1924 
f 2029//1924 2091//1924 2090//1924 
f 2093//1924 2092//1924 2028//1924 
f 2049//1924 2073//1924 2072//1924 
f 2075//1924 2074//1924 2048//1924 
f 3256//1924 2208//1924 2207//1924 
f 2205//1924 3257//1924 3258//1924 
f 2092//1924 2091//1924 2029//1924 
f 2074//1924 2073//1924 2049//1924 
f 3259//1924 2209//1924 2208//1924 
f 2205//1924 3258//1924 3255//1924 
f 2072//1924 2050//1924 2049//1924 
f 2047//1924 2046//1924 2078//1924 
f 3260//1924 2193//1924 2192//1924 
f 3261//1924 2192//1924 2191//1924 
f 3262//1924 2198//1924 2209//1924 
f 2207//1924 3255//1924 3256//1924 
f 2078//1924 2076//1924 2047//1924 
f 2191//1924 3263//1924 3261//1924 
f 3263//1924 2191//1924 2190//1924 
f 3264//1924 2181//1924 2198//1924 
f 2208//1924 3256//1924 3259//1924 
f 2032//1924 2030//1924 2089//1924 
f 2090//1924 2030//1924 2029//1924 
f 3265//1924 2194//1924 2193//1924 
f 2190//1924 3266//1924 3263//1924 
f 3267//1924 2182//1924 2181//1924 
f 2209//1924 3259//1924 3262//1924 
f 2095//1924 2031//1924 2032//1924 
f 2090//1924 2089//1924 2030//1924 
f 3268//1924 2196//1924 2195//1924 
f 3269//1924 2195//1924 2194//1924 
f 2192//1924 3261//1924 3260//1924 
f 2198//1924 3262//1924 3264//1924 
f 2115//1924 2042//1924 2041//1924 
f 2116//1924 2041//1924 2040//1924 
f 2089//1924 2088//1924 2032//1924 
f 3268//1924 2180//1924 2196//1924 
f 2193//1924 3260//1924 3265//1924 
f 3270//1924 2197//1924 2182//1924 
f 2181//1924 3264//1924 3267//1924 
f 2040//1924 2097//1924 2116//1924 
f 2097//1924 2040//1924 2039//1924 
f 2086//1924 2033//1924 2031//1924 
f 2032//1924 2088//1924 2095//1924 
f 3271//1924 2160//1924 2180//1924 
f 2194//1924 3265//1924 3269//1924 
f 3272//1924 2183//1924 2197//1924 
f 3267//1924 3273//1924 2182//1924 
f 2114//1924 2027//1924 2042//1924 
f 2039//1924 2079//1924 2097//1924 
f 2085//1924 2034//1924 2033//1924 
f 2095//1924 2087//1924 2031//1924 
f 2220//1924 2014//1924 2013//1924 
f 3274//1924 2162//1924 2161//1924 
f 3275//1924 2161//1924 2160//1924 
f 2195//1924 3269//1924 3268//1924 
f 3276//1924 2184//1924 2183//1924 
f 2182//1924 3273//1924 3270//1924 
f 2113//1924 2005//1924 2027//1924 
f 2041//1924 2116//1924 2115//1924 
f 2031//1924 2087//1924 2086//1924 
f 2220//1924 2015//1924 2014//1924 
f 3274//1924 2163//1924 2162//1924 
f 2180//1924 3268//1924 3271//1924 
f 3277//1924 2185//1924 2184//1924 
f 2197//1924 3270//1924 3272//1924 
f 2112//1924 2006//1924 2005//1924 
f 2042//1924 2115//1924 2114//1924 
f 2083//1924 2035//1924 2034//1924 
f 2033//1924 2086//1924 2085//1924 
f 2220//1924 2016//1924 2015//1924 
f 3278//1924 2165//1924 2164//1924 
f 3279//1924 2164//1924 2163//1924 
f 2160//1924 3271//1924 3275//1924 
f 3280//1924 2186//1924 2185//1924 
f 2183//1924 3272//1924 3276//1924 
f 2111//1924 2007//1924 2006//1924 
f 2027//1924 2114//1924 2113//1924 
f 2082//1924 2036//1924 2035//1924 
f 2085//1924 2084//1924 2034//1924 
f 2220//1924 2017//1924 2016//1924 
f 3278//1924 2166//1924 2165//1924 
f 2161//1924 3275//1924 3274//1924 
f 3281//1924 2187//1924 2186//1924 
f 2184//1924 3276//1924 3277//1924 
f 2109//1924 2009//1924 2008//1924 
f 2110//1924 2008//1924 2007//1924 
f 2005//1924 2113//1924 2112//1924 
f 2081//1924 2037//1924 2036//1924 
f 2034//1924 2084//1924 2083//1924 
f 2220//1924 2018//1924 2017//1924 
f 3282//1924 3283//1924 2126//1924 
f 3284//1924 3282//1924 2125//1924 
f 3285//1924 2167//1924 2179//1924 
f 3286//1924 2179//1924 2166//1924 
f 2163//1924 3274//1924 3279//1924 
f 3287//1924 2188//1924 2187//1924 
f 2185//1924 3277//1924 3280//1924 
f 2109//1924 2010//1924 2009//1924 
f 2006//1924 2112//1924 2111//1924 
f 2080//1924 2038//1924 2037//1924 
f 2035//1924 2083//1924 2082//1924 
f 2220//1924 2019//1924 2018//1924 
f 2118//1924 2119//1924 3288//1924 
f 3288//1924 2119//1924 2133//1924 
f 3283//1924 3289//1924 2127//1924 
f 2125//1924 2124//1924 3284//1924 
f 3285//1924 2178//1924 2167//1924 
f 2164//1924 3279//1924 3278//1924 
f 3290//1924 2189//1924 2188//1924 
f 2186//1924 3280//1924 3281//1924 
f 2108//1924 2011//1924 2010//1924 
f 2007//1924 2111//1924 2110//1924 
f 2036//1924 2082//1924 2081//1924 
f 2220//1924 2020//1924 2019//1924 
f 2133//1924 3291//1924 3288//1924 
f 2133//1924 2132//1924 3292//1924 
f 2126//1924 2125//1924 3282//1924 
f 3293//1924 3294//1924 2155//1924 
f 3295//1924 3296//1924 2152//1924 
f 3297//1924 2168//1924 2178//1924 
f 2166//1924 3278//1924 3286//1924 
f 3266//1924 2190//1924 2189//1924 
f 2187//1924 3281//1924 3287//1924 
f 2107//1924 2012//1924 2011//1924 
f 2008//1924 2110//1924 2109//1924 
f 2079//1924 2039//1924 2038//1924 
f 2037//1924 2081//1924 2080//1924 
f 2220//1924 2021//1924 2020//1924 
f 3292//1924 3291//1924 2133//1924 
f 3298//1924 3299//1924 2128//1924 
f 2127//1924 2126//1924 3283//1924 
f 3300//1924 3301//1924 2120//1924 
f 3294//1924 3300//1924 2156//1924 
f 2155//1924 2154//1924 3293//1924 
f 3296//1924 3293//1924 2153//1924 
f 2152//1924 2151//1924 3295//1924 
f 3302//1924 3303//1924 2140//1924 
f 2179//1924 3286//1924 3285//1924 
f 2188//1924 3287//1924 3290//1924 
f 2010//1924 2109//1924 2108//1924 
f 2080//1924 2096//1924 2038//1924 
f 2220//1924 2022//1924 2021//1924 
f 3304//1924 2212//1924 2211//1924 
f 2132//1924 3305//1924 3292//1924 
f 2132//1924 2131//1924 3306//1924 
f 3299//1924 3307//1924 2134//1924 
f 3289//1924 3298//1924 2127//1924 
f 2120//1924 2135//1924 3300//1924 
f 2154//1924 2153//1924 3293//1924 
f 2151//1924 2150//1924 3295//1924 
f 3308//1924 3295//1924 2150//1924 
f 3309//1924 3308//1924 2149//1924 
f 3310//1924 3309//1924 2147//1924 
f 3311//1924 3312//1924 2144//1924 
f 3313//1924 3311//1924 2143//1924 
f 2140//1924 2139//1924 3302//1924 
f 3314//1924 3302//1924 2138//1924 
f 2170//1924 2169//1924 3315//1924 
f 2169//1924 2168//1924 3297//1924 
f 2189//1924 3290//1924 3266//1924 
f 2038//1924 2096//1924 2079//1924 
f 2220//1924 2023//1924 2022//1924 
f 3316//1924 2219//1924 2218//1924 
f 3317//1924 2213//1924 2212//1924 
f 2211//1924 3318//1924 3304//1924 
f 3306//1924 3305//1924 2132//1924 
f 2128//1924 2127//1924 3298//1924 
f 2156//1924 2155//1924 3294//1924 
f 2150//1924 2149//1924 3308//1924 
f 2149//1924 2148//1924 3309//1924 
f 2147//1924 2146//1924 3310//1924 
f 2144//1924 2157//1924 3311//1924 
f 2143//1924 2142//1924 3313//1924 
f 2138//1924 2137//1924 3314//1924 
f 3319//1924 3314//1924 2137//1924 
f 3320//1924 2171//1924 2170//1924 
f 2178//1924 3285//1924 3297//1924 
f 2011//1924 2108//1924 2107//1924 
f 2220//1924 2024//1924 2023//1924 
f 3257//1924 2205//1924 2204//1924 
f 3321//1924 2204//1924 2203//1924 
f 3322//1924 2203//1924 2202//1924 
f 3323//1924 2202//1924 2201//1924 
f 3324//1924 2200//1924 2199//1924 
f 3325//1924 2199//1924 2210//1924 
f 3316//1924 2210//1924 2219//1924 
f 3326//1924 2215//1924 2214//1924 
f 3327//1924 2214//1924 2213//1924 
f 3304//1924 3328//1924 2212//1924 
f 3318//1924 2211//1924 2220//1924 
f 2131//1924 3329//1924 3306//1924 
f 3330//1924 3331//1924 2129//1924 
f 2134//1924 2128//1924 3299//1924 
f 3332//1924 3333//1924 2122//1924 
f 3301//1924 3332//1924 2121//1924 
f 2153//1924 2152//1924 3296//1924 
f 2146//1924 2145//1924 3310//1924 
f 3312//1924 3310//1924 2145//1924 
f 2142//1924 2141//1924 3313//1924 
f 3303//1924 3313//1924 2141//1924 
f 2137//1924 2158//1924 3319//1924 
f 2171//1924 3320//1924 3334//1924 
f 3297//1924 3315//1924 2169//1924 
f 2012//1924 2117//1924 2118//1924 
f 2107//1924 2106//1924 2012//1924 
f 2062//1924 2056//1924 2055//1924 
f 2062//1924 2070//1924 2057//1924 
f 2220//1924 2025//1924 2024//1924 
f 2203//1924 3322//1924 3321//1924 
f 2201//1924 3324//1924 3323//1924 
f 3324//1924 2201//1924 2200//1924 
f 2218//1924 3335//1924 3316//1924 
f 3335//1924 2218//1924 2217//1924 
f 3336//1924 2217//1924 2216//1924 
f 3337//1924 2216//1924 2215//1924 
f 2213//1924 3317//1924 3327//1924 
f 2220//1924 3338//1924 3318//1924 
f 2220//1924 3339//1924 3340//1924 
f 2220//1924 3341//1924 3342//1924 
f 2220//1924 3343//1924 3344//1924 
f 2131//1924 3345//1924 3329//1924 
f 2130//1924 3346//1924 3345//1924 
f 3307//1924 3330//1924 2134//1924 
f 3347//1924 3348//1924 2124//1924 
f 2121//1924 2120//1924 3301//1924 
f 2148//1924 2147//1924 3309//1924 
f 2157//1924 2143//1924 3311//1924 
f 2139//1924 2138//1924 3302//1924 
f 2159//1924 3349//1924 3350//1924 
f 2174//1924 3351//1924 3352//1924 
f 2173//1924 2172//1924 3334//1924 
f 3315//1924 3320//1924 2170//1924 
f 2012//1924 2098//1924 2117//1924 
f 2106//1924 2105//1924 2012//1924 
f 2045//1924 2063//1924 2069//1924 
f 2044//1924 2065//1924 2064//1924 
f 2066//1924 2065//1924 2044//1924 
f 2057//1924 2056//1924 2062//1924 
f 2220//1924 2026//1924 2025//1924 
f 1998//1924 2223//1924 2222//1924 
f 2220//1924 2223//1924 1998//1924 
f 2202//1924 3323//1924 3322//1924 
f 2210//1924 3316//1924 3325//1924 
f 2216//1924 3337//1924 3336//1924 
f 2214//1924 3327//1924 3326//1924 
f 3340//1924 3338//1924 2220//1924 
f 3344//1924 3341//1924 2220//1924 
f 2220//1924 3353//1924 3354//1924 
f 3345//1924 2131//1924 2130//1924 
f 3355//1924 3356//1924 2130//1924 
f 2129//1924 2134//1924 3330//1924 
f 2124//1924 2123//1924 3347//1924 
f 3333//1924 3347//1924 2123//1924 
f 2135//1924 2156//1924 3300//1924 
f 2141//1924 2140//1924 3303//1924 
f 2136//1924 3350//1924 3319//1924 
f 3350//1924 2136//1924 2159//1924 
f 3352//1924 2175//1924 2174//1924 
f 3334//1924 2172//1924 2171//1924 
f 2012//1924 2099//1924 2098//1924 
f 2105//1924 2104//1924 2012//1924 
f 2045//1924 2064//1924 2063//1924 
f 2044//1924 2052//1924 2066//1924 
f 2067//1924 2066//1924 2052//1924 
f 2057//1924 2070//1924 2068//1924 
f 2055//1924 2054//1924 2062//1924 
f 2220//1924 2004//1924 2026//1924 
f 1998//1924 1993//1924 1992//1924 
f 1998//1924 2002//1924 2220//1924 
f 2199//1924 3325//1924 3324//1924 
f 2215//1924 3326//1924 3337//1924 
f 3342//1924 3339//1924 2220//1924 
f 3354//1924 3357//1924 2220//1924 
f 2130//1924 3356//1924 3346//1924 
f 3331//1924 3355//1924 2129//1924 
f 2123//1924 2122//1924 3333//1924 
f 2145//1924 2144//1924 3312//1924 
f 2159//1924 2177//1924 3349//1924 
f 2176//1924 3358//1924 3349//1924 
f 2175//1924 3352//1924 3358//1924 
f 3334//1924 3351//1924 2173//1924 
f 2012//1924 2100//1924 2099//1924 
f 2104//1924 2103//1924 2012//1924 
f 2069//1924 2046//1924 2045//1924 
f 2052//1924 2058//1924 2067//1924 
f 2054//1924 2053//1924 2062//1924 
f 2220//1924 2003//1924 2004//1924 
f 1998//1924 1995//1924 1993//1924 
f 2222//1924 2221//1924 1998//1924 
f 2217//1924 3336//1924 3335//1924 
f 3357//1924 3343//1924 2220//1924 
f 2130//1924 2129//1924 3355//1924 
f 2122//1924 2121//1924 3332//1924 
f 3349//1924 2177//1924 2176//1924 
f 2174//1924 2173//1924 3351//1924 
f 2012//1924 2101//1924 2100//1924 
f 2103//1924 2102//1924 2012//1924 
f 2064//1924 2045//1924 2044//1924 
f 2068//1924 2058//1924 2057//1924 
f 2220//1924 2001//1924 2003//1924 
f 2220//1924 2000//1924 1999//1924 
f 2221//1924 1995//1924 1998//1924 
f 2212//1924 3328//1924 3317//1924 
f 2220//1924 2118//1924 3359//1924 
f 3348//1924 3284//1924 2124//1924 
f 3358//1924 2176//1924 2175//1924 
f 2102//1924 2101//1924 2012//1924 
f 2068//1924 2067//1924 2058//1924 
f 2060//1924 2061//1924 2062//1924 
f 1999//1924 2001//1924 2220//1924 
f 1992//1924 1994//1924 1998//1924 
f 3359//1924 3353//1924 2220//1924 
f 3319//1924 2158//1924 2136//1924 
f 2069//1924 2078//1924 2046//1924 
f 2062//1924 2053//1924 2059//1924 
f 2002//1924 2000//1924 2220//1924 
f 1996//1924 1997//1924 1998//1924 
f 3288//1924 3359//1924 2118//1924 
f 2062//1924 2059//1924 2060//1924 
f 1998//1924 1994//1924 1996//1924 
f 2118//1924 2220//1924 2012//1924 
f 2204//1924 3321//1924 3257//1924 
f 2013//1924 2012//1924 2220//1924 
o mesh255
f 3360//1925 3361//1926 3321//1926 
f 3362//1927 3360//1925 3322//1928 
f 3363//1929 3362//1927 3323//1930 
f 3364//1931 3363//1929 3324//1932 
f 3365//1933 3364//1931 3325//1934 
f 3366//1935 3365//1933 3316//1936 
f 3367//1937 3366//1935 3335//1938 
f 3368//1939 3367//1937 3336//1940 
f 3369//1941 3368//1939 3337//1942 
f 3370//1943 3369//1941 3326//1944 
f 3371//1945 3370//1943 3327//1946 
f 3361//1926 3372//1947 3257//1947 
f 3371//1945 3317//1948 3328//1949 
f 3328//1949 3373//1949 3371//1945 
f 3257//1947 3321//1926 3361//1926 
f 3327//1946 3317//1948 3371//1945 
f 3326//1944 3327//1946 3370//1943 
f 3337//1942 3326//1944 3369//1941 
f 3336//1940 3337//1942 3368//1939 
f 3335//1938 3336//1940 3367//1937 
f 3316//1936 3335//1938 3366//1935 
f 3325//1934 3316//1936 3365//1933 
f 3324//1932 3325//1934 3364//1931 
f 3323//1930 3324//1932 3363//1929 
f 3322//1928 3323//1930 3362//1927 
f 3321//1926 3322//1928 3360//1925 
o mesh256
f 3374//1950 3375//1950 3376//1950 
f 3377//1950 3378//1950 3379//1950 
f 3376//1950 3380//1950 3374//1950 
f 3379//1950 3381//1950 3377//1950 
f 3380//1950 3382//1950 3374//1950 
f 3381//1950 3383//1950 3377//1950 
f 3382//1950 3384//1950 3374//1950 
f 3383//1950 3385//1950 3377//1950 
f 3384//1950 3386//1950 3374//1950 
f 3385//1950 3387//1950 3377//1950 
f 3386//1950 3388//1950 3374//1950 
f 3387//1950 3389//1950 3377//1950 
f 3388//1950 3390//1950 3374//1950 
f 3389//1950 3391//1950 3377//1950 
f 3390//1950 3392//1950 3374//1950 
f 3391//1950 3393//1950 3377//1950 
f 3369//1950 3394//1950 3395//1950 
f 3392//1950 3396//1950 3374//1950 
f 3393//1950 3397//1950 3377//1950 
f 3395//1950 3398//1950 3369//1950 
f 3396//1950 3399//1950 3374//1950 
f 3397//1950 3400//1950 3377//1950 
f 3398//1950 3401//1950 3369//1950 
f 3399//1950 3402//1950 3374//1950 
f 3400//1950 3403//1950 3377//1950 
f 3401//1950 3404//1950 3369//1950 
f 3402//1950 3405//1950 3374//1950 
f 3403//1950 3406//1950 3377//1950 
f 3404//1950 3407//1950 3369//1950 
f 3405//1950 3408//1950 3374//1950 
f 3406//1950 3409//1950 3377//1950 
f 3407//1950 3410//1950 3369//1950 
f 3408//1950 3411//1950 3374//1950 
f 3412//1950 3374//1950 3377//1950 
f 3361//1950 3413//1950 3414//1950 
f 3361//1950 3415//1950 3416//1950 
f 3410//1950 3417//1950 3369//1950 
f 3411//1950 3418//1950 3374//1950 
f 3409//1950 3412//1950 3377//1950 
f 3361//1950 3419//1950 3420//1950 
f 3414//1950 3421//1950 3361//1950 
f 3361//1950 3422//1950 3423//1950 
f 3361//1950 3424//1950 3415//1950 
f 3361//1950 3425//1950 3426//1950 
f 3427//1950 3428//1950 3429//1950 
f 3427//1950 3430//1950 3431//1950 
f 3427//1950 3432//1950 3433//1950 
f 3417//1950 3434//1950 3369//1950 
f 3435//1950 3362//1950 3363//1950 
f 3374//1950 3436//1950 3372//1950 
f 3418//1950 3437//1950 3374//1950 
f 3412//1950 3438//1950 3374//1950 
f 3361//1950 3439//1950 3440//1950 
f 3421//1950 3419//1950 3361//1950 
f 3416//1950 3422//1950 3361//1950 
f 3426//1950 3441//1950 3361//1950 
f 3361//1950 3442//1950 3443//1950 
f 3444//1950 3445//1950 3446//1950 
f 3427//1950 3447//1950 3448//1950 
f 3431//1950 3428//1950 3427//1950 
f 3427//1950 3444//1950 3432//1950 
f 3434//1950 3449//1950 3369//1950 
f 3450//1950 3370//1950 3371//1950 
f 3369//1950 3370//1950 3450//1950 
f 3435//1950 3365//1950 3366//1950 
f 3363//1950 3364//1950 3435//1950 
f 3437//1950 3436//1950 3374//1950 
f 3438//1950 3451//1950 3374//1950 
f 3361//1950 3452//1950 3439//1950 
f 3420//1950 3453//1950 3361//1950 
f 3441//1950 3424//1950 3361//1950 
f 3361//1950 3435//1950 3442//1950 
f 3444//1950 3454//1950 3445//1950 
f 3448//1950 3455//1950 3427//1950 
f 3433//1950 3430//1950 3427//1950 
f 3369//1950 3456//1950 3394//1950 
f 3450//1950 3456//1950 3369//1950 
f 3364//1950 3365//1950 3435//1950 
f 3435//1950 3361//1950 3360//1950 
f 3374//1950 3457//1950 3375//1950 
f 3451//1950 3458//1950 3374//1950 
f 3453//1950 3452//1950 3361//1950 
f 3443//1950 3425//1950 3361//1950 
f 3444//1950 3459//1950 3454//1950 
f 3427//1950 3460//1950 3461//1950 
f 3429//1950 3447//1950 3427//1950 
f 3369//1950 3462//1950 3463//1950 
f 3371//1950 3373//1950 3450//1950 
f 3435//1950 3367//1950 3368//1950 
f 3360//1950 3362//1950 3435//1950 
f 3458//1950 3457//1950 3374//1950 
f 3423//1950 3413//1950 3361//1950 
f 3444//1950 3427//1950 3459//1950 
f 3455//1950 3460//1950 3427//1950 
f 3449//1950 3462//1950 3369//1950 
f 3366//1950 3367//1950 3435//1950 
f 3440//1950 3374//1950 3361//1950 
f 3461//1950 3464//1950 3427//1950 
f 3463//1950 3435//1950 3369//1950 
f 3372//1950 3361//1950 3374//1950 
f 3373//1950 3444//1950 3450//1950 
f 3446//1950 3450//1950 3444//1950 
f 3368//1950 3369//1950 3435//1950 
o mesh257
f 3266//1951 3376//1951 3375//1952 
f 3380//1953 3376//1951 3266//1951 
f 3287//1954 3382//1954 3380//1953 
f 3281//1955 3384//1955 3382//1954 
f 3280//1956 3386//1956 3384//1955 
f 3277//1957 3388//1957 3386//1956 
f 3276//1958 3390//1958 3388//1957 
f 3272//1959 3392//1959 3390//1958 
f 3270//1960 3396//1960 3392//1959 
f 3273//1961 3399//1961 3396//1960 
f 3267//1962 3402//1962 3399//1961 
f 3264//1963 3405//1963 3402//1962 
f 3262//1964 3408//1964 3405//1963 
f 3259//1965 3411//1965 3408//1964 
f 3256//1966 3418//1966 3411//1965 
f 3255//1967 3437//1967 3418//1966 
f 3258//1968 3436//1968 3437//1967 
f 3257//1969 3372//1969 3436//1968 
f 3436//1968 3258//1968 3257//1969 
f 3437//1967 3255//1967 3258//1968 
f 3418//1966 3256//1966 3255//1967 
f 3411//1965 3259//1965 3256//1966 
f 3408//1964 3262//1964 3259//1965 
f 3405//1963 3264//1963 3262//1964 
f 3402//1962 3267//1962 3264//1963 
f 3399//1961 3273//1961 3267//1962 
f 3396//1960 3270//1960 3273//1961 
f 3392//1959 3272//1959 3270//1960 
f 3390//1958 3276//1958 3272//1959 
f 3388//1957 3277//1957 3276//1958 
f 3386//1956 3280//1956 3277//1957 
f 3384//1955 3281//1955 3280//1956 
f 3382//1954 3287//1954 3281//1955 
f 3380//1953 3290//1970 3287//1954 
f 3266//1951 3290//1970 3380//1953 
f 3375//1952 3263//1971 3266//1951 
o mesh258
f 3349//1972 3377//1972 3374//1973 
f 3358//1974 3378//1974 3377//1972 
f 3352//1975 3379//1975 3378//1974 
f 3351//1976 3381//1976 3379//1975 
f 3334//1977 3383//1977 3381//1976 
f 3320//1978 3385//1978 3383//1977 
f 3315//1979 3387//1979 3385//1978 
f 3297//1980 3389//1980 3387//1979 
f 3285//1981 3391//1981 3389//1980 
f 3286//1982 3393//1982 3391//1981 
f 3278//1983 3397//1983 3393//1982 
f 3279//1984 3400//1984 3397//1983 
f 3274//1985 3403//1985 3400//1984 
f 3275//1986 3406//1986 3403//1985 
f 3271//1987 3409//1987 3406//1986 
f 3268//1988 3412//1988 3409//1987 
f 3269//1989 3438//1989 3412//1988 
f 3265//1990 3451//1990 3438//1989 
f 3260//1991 3458//1991 3451//1990 
f 3261//1992 3457//1992 3458//1991 
f 3263//1993 3375//1993 3457//1992 
f 3457//1992 3261//1992 3263//1993 
f 3458//1991 3260//1991 3261//1992 
f 3451//1990 3265//1990 3260//1991 
f 3438//1989 3269//1989 3265//1990 
f 3412//1988 3268//1988 3269//1989 
f 3409//1987 3271//1987 3268//1988 
f 3406//1986 3275//1986 3271//1987 
f 3403//1985 3274//1985 3275//1986 
f 3400//1984 3279//1984 3274//1985 
f 3397//1983 3278//1983 3279//1984 
f 3393//1982 3286//1982 3278//1983 
f 3391//1981 3285//1981 3286//1982 
f 3389//1980 3297//1980 3285//1981 
f 3387//1979 3315//1979 3297//1980 
f 3385//1978 3320//1978 3315//1979 
f 3383//1977 3334//1977 3320//1978 
f 3381//1976 3351//1976 3334//1977 
f 3379//1975 3352//1975 3351//1976 
f 3378//1974 3358//1974 3352//1975 
f 3377//1972 3349//1972 3358//1974 
f 3374//1973 3350//1994 3349//1972 
o mesh259
f 3442//1995 3435//1996 3348//1996 
f 3443//1997 3442//1995 3347//1998 
f 3425//1999 3443//1997 3333//2000 
f 3426//2001 3425//1999 3332//2002 
f 3441//2003 3426//2001 3301//2004 
f 3424//2005 3441//2003 3300//2006 
f 3415//2007 3424//2005 3294//2008 
f 3416//2009 3415//2007 3293//2010 
f 3422//2011 3416//2009 3296//2012 
f 3423//2013 3422//2011 3295//2014 
f 3413//2015 3423//2013 3308//2016 
f 3414//2017 3413//2015 3309//2018 
f 3421//2019 3414//2017 3310//2020 
f 3419//2021 3421//2019 3312//2022 
f 3420//2023 3419//2021 3311//2024 
f 3453//2025 3420//2023 3313//2026 
f 3452//2027 3453//2025 3303//2028 
f 3439//2029 3452//2027 3302//2030 
f 3440//2031 3439//2029 3314//2032 
f 3435//1996 3463//2033 3284//2033 
f 3374//2034 3440//2031 3319//2035 
f 3319//2035 3350//2034 3374//2034 
f 3284//2033 3348//1996 3435//1996 
f 3314//2032 3319//2035 3440//2031 
f 3302//2030 3314//2032 3439//2029 
f 3303//2028 3302//2030 3452//2027 
f 3313//2026 3303//2028 3453//2025 
f 3311//2024 3313//2026 3420//2023 
f 3312//2022 3311//2024 3419//2021 
f 3310//2020 3312//2022 3421//2019 
f 3309//2018 3310//2020 3414//2017 
f 3308//2016 3309//2018 3413//2015 
f 3295//2014 3308//2016 3423//2013 
f 3296//2012 3295//2014 3422//2011 
f 3293//2010 3296//2012 3416//2009 
f 3294//2008 3293//2010 3415//2007 
f 3300//2006 3294//2008 3424//2005 
f 3301//2004 3300//2006 3441//2003 
f 3332//2002 3301//2004 3426//2001 
f 3333//2000 3332//2002 3425//1999 
f 3347//1998 3333//2000 3443//1997 
f 3348//1996 3347//1998 3442//1995 
o mesh260
f 3459//2036 3427//2037 3288//2037 
f 3292//2038 3454//2038 3459//2036 
f 3305//2039 3445//2039 3454//2038 
f 3306//2040 3446//2040 3445//2039 
f 3329//2041 3450//2041 3446//2040 
f 3345//2042 3456//2042 3450//2041 
f 3346//2043 3394//2043 3456//2042 
f 3356//2044 3395//2044 3394//2043 
f 3355//2045 3398//2045 3395//2044 
f 3331//2046 3401//2046 3398//2045 
f 3330//2047 3404//2047 3401//2046 
f 3307//2048 3407//2048 3404//2047 
f 3299//2049 3410//2049 3407//2048 
f 3298//2050 3417//2050 3410//2049 
f 3289//2051 3434//2051 3417//2050 
f 3283//2052 3449//2052 3434//2051 
f 3282//2053 3462//2053 3449//2052 
f 3284//2054 3463//2054 3462//2053 
f 3462//2053 3282//2053 3284//2054 
f 3449//2052 3283//2052 3282//2053 
f 3434//2051 3289//2051 3283//2052 
f 3417//2050 3298//2050 3289//2051 
f 3410//2049 3299//2049 3298//2050 
f 3407//2048 3307//2048 3299//2049 
f 3404//2047 3330//2047 3307//2048 
f 3401//2046 3331//2046 3330//2047 
f 3398//2045 3355//2045 3331//2046 
f 3395//2044 3356//2044 3355//2045 
f 3394//2043 3346//2043 3356//2044 
f 3456//2042 3345//2042 3346//2043 
f 3450//2041 3329//2041 3345//2042 
f 3446//2040 3306//2040 3329//2041 
f 3445//2039 3305//2039 3306//2040 
f 3454//2038 3292//2038 3305//2039 
f 3459//2036 3291//2055 3292//2038 
f 3288//2037 3291//2055 3459//2036 
o mesh261
f 3288//2056 3427//2056 3464//2056 
f 3464//2056 3359//2056 3288//2056 
o mesh262
f 3359//2057 3464//2057 3461//2057 
f 3461//2057 3353//2057 3359//2057 
o mesh263
f 3432//2058 3444//2059 3304//2059 
f 3433//2060 3432//2058 3318//2061 
f 3430//2062 3433//2060 3338//2063 
f 3431//2064 3430//2062 3340//2065 
f 3428//2066 3431//2064 3339//2067 
f 3429//2068 3428//2066 3342//2069 
f 3447//2070 3429//2068 3341//2071 
f 3448//2072 3447//2070 3344//2073 
f 3455//2074 3448//2072 3343//2075 
f 3460//2076 3455//2074 3357//2077 
f 3444//2059 3373//2078 3328//2078 
f 3461//2079 3460//2076 3354//2080 
f 3354//2080 3353//2079 3461//2079 
f 3328//2078 3304//2059 3444//2059 
f 3357//2077 3354//2080 3460//2076 
f 3343//2075 3357//2077 3455//2074 
f 3344//2073 3343//2075 3448//2072 
f 3341//2071 3344//2073 3447//2070 
f 3342//2069 3341//2071 3429//2068 
f 3339//2067 3342//2069 3428//2066 
f 3340//2065 3339//2067 3431//2064 
f 3338//2063 3340//2065 3430//2062 
f 3318//2061 3338//2063 3433//2060 
f 3304//2059 3318//2061 3432//2058 
